0 verbose cli /usr/local/bin/node /usr/local/bin/npm
1 info using npm@11.13.0
2 info using node@v24.16.0
3 silly config load:file:/usr/local/lib/node_modules/npm/npmrc
4 silly config load:file:/Users/santhoshsl/Custom_GUI_Airflow/mage-frontend/.npmrc
5 silly config load:file:/Users/santhoshsl/.npmrc
6 silly config load:file:/usr/local/etc/npmrc
7 verbose title npm install
8 verbose argv "install" "--legacy-peer-deps" "--cache" "./npm-cache"
9 verbose logfile logs-max:10 dir:/Users/santhoshsl/Custom_GUI_Airflow/mage-frontend/npm-cache/_logs/2026-06-30T06_19_38_520Z-
10 verbose logfile /Users/santhoshsl/Custom_GUI_Airflow/mage-frontend/npm-cache/_logs/2026-06-30T06_19_38_520Z-debug-0.log
11 silly logfile done cleaning log files
12 silly packumentCache heap:4496293888 maxSize:1124073472 maxEntrySize:562036736
13 silly idealTree buildDeps
14 silly fetch manifest @angular/common@^22.0.0
15 silly packumentCache full:https://registry.npmjs.org/@angular%2fcommon cache-miss
16 http cache https://registry.npmjs.org/@angular%2fcommon 7ms (cache hit)
17 silly packumentCache full:https://registry.npmjs.org/@angular%2fcommon set size:3166222 disposed:false
18 silly fetch manifest @angular/compiler@^22.0.0
19 silly packumentCache full:https://registry.npmjs.org/@angular%2fcompiler cache-miss
20 http cache https://registry.npmjs.org/@angular%2fcompiler 3ms (cache hit)
21 silly packumentCache full:https://registry.npmjs.org/@angular%2fcompiler set size:2752221 disposed:false
22 silly fetch manifest @angular/core@^22.0.0
23 silly packumentCache full:https://registry.npmjs.org/@angular%2fcore cache-miss
24 http cache https://registry.npmjs.org/@angular%2fcore 3ms (cache hit)
25 silly packumentCache full:https://registry.npmjs.org/@angular%2fcore set size:3059631 disposed:false
26 silly fetch manifest @angular/forms@^22.0.0
27 silly packumentCache full:https://registry.npmjs.org/@angular%2fforms cache-miss
28 http cache https://registry.npmjs.org/@angular%2fforms 2ms (cache hit)
29 silly packumentCache full:https://registry.npmjs.org/@angular%2fforms set size:2810027 disposed:false
30 silly fetch manifest @angular/platform-browser@^22.0.0
31 silly packumentCache full:https://registry.npmjs.org/@angular%2fplatform-browser cache-miss
32 http cache https://registry.npmjs.org/@angular%2fplatform-browser 2ms (cache hit)
33 silly packumentCache full:https://registry.npmjs.org/@angular%2fplatform-browser set size:3159527 disposed:false
34 silly fetch manifest @angular/router@^22.0.0
35 silly packumentCache full:https://registry.npmjs.org/@angular%2frouter cache-miss
36 http cache https://registry.npmjs.org/@angular%2frouter 4ms (cache hit)
37 silly packumentCache full:https://registry.npmjs.org/@angular%2frouter set size:3048205 disposed:false
38 silly fetch manifest monaco-editor@^0.55.1
39 silly packumentCache full:https://registry.npmjs.org/monaco-editor cache-miss
40 http cache https://registry.npmjs.org/monaco-editor 3ms (cache hit)
41 silly packumentCache full:https://registry.npmjs.org/monaco-editor set size:4145887 disposed:false
42 silly fetch manifest ngx-monaco-editor-v2@21.1.4
43 silly packumentCache full:https://registry.npmjs.org/ngx-monaco-editor-v2 cache-miss
44 http cache https://registry.npmjs.org/ngx-monaco-editor-v2 1ms (cache hit)
45 silly packumentCache full:https://registry.npmjs.org/ngx-monaco-editor-v2 set size:82482 disposed:false
46 silly fetch manifest rxjs@~7.8.0
47 silly packumentCache full:https://registry.npmjs.org/rxjs cache-miss
48 http cache https://registry.npmjs.org/rxjs 1ms (cache hit)
49 silly packumentCache full:https://registry.npmjs.org/rxjs set size:980097 disposed:false
50 silly fetch manifest tslib@^2.3.0
51 silly packumentCache full:https://registry.npmjs.org/tslib cache-miss
52 http fetch GET 200 https://registry.npmjs.org/tslib 429ms (cache miss)
53 silly packumentCache full:https://registry.npmjs.org/tslib set size:undefined disposed:false
54 silly fetch manifest @angular/build@^22.0.4
55 silly packumentCache full:https://registry.npmjs.org/@angular%2fbuild cache-miss
56 http fetch GET 200 https://registry.npmjs.org/@angular%2fbuild 151ms (cache miss)
57 silly packumentCache full:https://registry.npmjs.org/@angular%2fbuild set size:undefined disposed:false
58 silly fetch manifest @angular/cli@^22.0.4
59 silly packumentCache full:https://registry.npmjs.org/@angular%2fcli cache-miss
60 http fetch GET 200 https://registry.npmjs.org/@angular%2fcli 344ms (cache miss)
61 silly packumentCache full:https://registry.npmjs.org/@angular%2fcli set size:undefined disposed:false
62 silly fetch manifest @angular/compiler-cli@^22.0.0
63 silly packumentCache full:https://registry.npmjs.org/@angular%2fcompiler-cli cache-miss
64 http fetch GET 200 https://registry.npmjs.org/@angular%2fcompiler-cli 194ms (cache miss)
65 silly packumentCache full:https://registry.npmjs.org/@angular%2fcompiler-cli set size:undefined disposed:false
66 silly fetch manifest jsdom@^28.0.0
67 silly packumentCache full:https://registry.npmjs.org/jsdom cache-miss
68 http fetch GET 200 https://registry.npmjs.org/jsdom 105ms (cache miss)
69 silly packumentCache full:https://registry.npmjs.org/jsdom set size:undefined disposed:false
70 silly fetch manifest prettier@^3.8.1
71 silly packumentCache full:https://registry.npmjs.org/prettier cache-miss
72 http fetch GET 200 https://registry.npmjs.org/prettier 177ms (cache miss)
73 silly packumentCache full:https://registry.npmjs.org/prettier set size:undefined disposed:false
74 silly fetch manifest typescript@~6.0.2
75 silly packumentCache full:https://registry.npmjs.org/typescript cache-miss
76 http fetch GET 200 https://registry.npmjs.org/typescript 443ms (cache miss)
77 silly packumentCache full:https://registry.npmjs.org/typescript set size:undefined disposed:false
78 silly fetch manifest vitest@^4.0.8
79 silly packumentCache full:https://registry.npmjs.org/vitest cache-miss
80 http fetch GET 200 https://registry.npmjs.org/vitest 268ms (cache miss)
81 silly packumentCache full:https://registry.npmjs.org/vitest set size:undefined disposed:false
82 silly placeDep ROOT @angular/build@22.0.4 OK for: mage-frontend@0.0.0 want: ^22.0.4
83 silly placeDep ROOT @angular/cli@22.0.4 OK for: mage-frontend@0.0.0 want: ^22.0.4
84 silly placeDep ROOT @angular/common@22.0.4 OK for: mage-frontend@0.0.0 want: ^22.0.0
85 silly placeDep ROOT @angular/compiler@22.0.4 OK for: mage-frontend@0.0.0 want: ^22.0.0
86 silly placeDep ROOT @angular/compiler-cli@22.0.4 OK for: mage-frontend@0.0.0 want: ^22.0.0
87 silly placeDep ROOT @angular/core@22.0.4 OK for: mage-frontend@0.0.0 want: ^22.0.0
88 silly placeDep ROOT @angular/forms@22.0.4 OK for: mage-frontend@0.0.0 want: ^22.0.0
89 silly placeDep ROOT @angular/platform-browser@22.0.4 OK for: mage-frontend@0.0.0 want: ^22.0.0
90 silly placeDep ROOT @angular/router@22.0.4 OK for: mage-frontend@0.0.0 want: ^22.0.0
91 silly placeDep ROOT jsdom@28.1.0 OK for: mage-frontend@0.0.0 want: ^28.0.0
92 silly placeDep ROOT monaco-editor@0.55.1 OK for: mage-frontend@0.0.0 want: ^0.55.1
93 silly placeDep ROOT ngx-monaco-editor-v2@21.1.4 OK for: mage-frontend@0.0.0 want: 21.1.4
94 silly placeDep ROOT prettier@3.9.4 OK for: mage-frontend@0.0.0 want: ^3.8.1
95 silly placeDep ROOT rxjs@7.8.2 OK for: mage-frontend@0.0.0 want: ~7.8.0
96 silly placeDep ROOT tslib@2.8.1 OK for: mage-frontend@0.0.0 want: ^2.3.0
97 silly placeDep ROOT typescript@6.0.3 OK for: mage-frontend@0.0.0 want: ~6.0.2
98 silly placeDep ROOT vitest@4.1.9 OK for: mage-frontend@0.0.0 want: ^4.0.8
99 silly fetch manifest sass@1.99.0
100 silly packumentCache full:https://registry.npmjs.org/sass cache-miss
101 silly fetch manifest vite@7.3.5
102 silly packumentCache full:https://registry.npmjs.org/vite cache-miss
103 silly fetch manifest listr2@10.2.1
104 silly packumentCache full:https://registry.npmjs.org/listr2 cache-miss
105 silly fetch manifest mrmime@2.0.1
106 silly packumentCache full:https://registry.npmjs.org/mrmime cache-miss
107 silly fetch manifest rollup@4.60.2
108 silly packumentCache full:https://registry.npmjs.org/rollup cache-miss
109 silly fetch manifest semver@7.7.4
110 silly packumentCache full:https://registry.npmjs.org/semver cache-miss
111 silly fetch manifest esbuild@0.28.1
112 silly packumentCache full:https://registry.npmjs.org/esbuild cache-miss
113 silly fetch manifest piscina@5.2.0
114 silly packumentCache full:https://registry.npmjs.org/piscina cache-miss
115 silly fetch manifest beasties@0.4.2
116 silly packumentCache full:https://registry.npmjs.org/beasties cache-miss
117 http fetch GET 200 https://registry.npmjs.org/sass 184ms (cache miss)
118 silly packumentCache full:https://registry.npmjs.org/sass set size:undefined disposed:false
119 silly fetch manifest picomatch@4.0.4
120 silly packumentCache full:https://registry.npmjs.org/picomatch cache-miss
121 http fetch GET 200 https://registry.npmjs.org/picomatch 88ms (cache miss)
122 silly packumentCache full:https://registry.npmjs.org/picomatch set size:undefined disposed:false
123 silly fetch manifest watchpack@2.5.1
124 silly packumentCache full:https://registry.npmjs.org/watchpack cache-miss
125 http fetch GET 200 https://registry.npmjs.org/mrmime 309ms (cache miss)
126 silly packumentCache full:https://registry.npmjs.org/mrmime set size:undefined disposed:false
127 silly fetch manifest tinyglobby@0.2.16
128 silly packumentCache full:https://registry.npmjs.org/tinyglobby cache-miss
129 http fetch GET 200 https://registry.npmjs.org/beasties 315ms (cache miss)
130 silly packumentCache full:https://registry.npmjs.org/beasties set size:undefined disposed:false
131 silly fetch manifest @babel/core@7.29.0
132 silly packumentCache full:https://registry.npmjs.org/@babel%2fcore cache-miss
133 http fetch GET 200 https://registry.npmjs.org/watchpack 85ms (cache miss)
134 silly packumentCache full:https://registry.npmjs.org/watchpack set size:undefined disposed:false
135 silly fetch manifest browserslist@^4.26.0
136 silly packumentCache full:https://registry.npmjs.org/browserslist cache-miss
137 http fetch GET 200 https://registry.npmjs.org/tinyglobby 75ms (cache miss)
138 silly packumentCache full:https://registry.npmjs.org/tinyglobby set size:undefined disposed:false
139 silly fetch manifest jsonc-parser@3.3.1
140 silly packumentCache full:https://registry.npmjs.org/jsonc-parser cache-miss
141 http fetch GET 200 https://registry.npmjs.org/piscina 407ms (cache miss)
142 silly packumentCache full:https://registry.npmjs.org/piscina set size:undefined disposed:false
143 silly fetch manifest magic-string@0.30.21
144 silly packumentCache full:https://registry.npmjs.org/magic-string cache-miss
145 http fetch GET 200 https://registry.npmjs.org/browserslist 95ms (cache miss)
146 silly packumentCache full:https://registry.npmjs.org/browserslist set size:undefined disposed:false
147 silly fetch manifest @inquirer/confirm@6.0.12
148 silly packumentCache full:https://registry.npmjs.org/@inquirer%2fconfirm cache-miss
149 http fetch GET 200 https://registry.npmjs.org/semver 464ms (cache miss)
150 silly packumentCache full:https://registry.npmjs.org/semver set size:undefined disposed:false
151 silly fetch manifest https-proxy-agent@9.0.0
152 silly packumentCache full:https://registry.npmjs.org/https-proxy-agent cache-miss
153 http fetch GET 200 https://registry.npmjs.org/jsonc-parser 82ms (cache miss)
154 silly packumentCache full:https://registry.npmjs.org/jsonc-parser set size:undefined disposed:false
155 silly fetch manifest source-map-support@0.5.21
156 silly packumentCache full:https://registry.npmjs.org/source-map-support cache-miss
157 http fetch GET 200 https://registry.npmjs.org/listr2 538ms (cache miss)
158 silly packumentCache full:https://registry.npmjs.org/listr2 set size:undefined disposed:false
159 silly fetch manifest @ampproject/remapping@2.3.0
160 silly packumentCache full:https://registry.npmjs.org/@ampproject%2fremapping cache-miss
161 http fetch GET 200 https://registry.npmjs.org/https-proxy-agent 79ms (cache miss)
162 silly packumentCache full:https://registry.npmjs.org/https-proxy-agent set size:undefined disposed:false
163 silly fetch manifest @vitejs/plugin-basic-ssl@2.3.0
164 silly packumentCache full:https://registry.npmjs.org/@vitejs%2fplugin-basic-ssl cache-miss
165 http fetch GET 200 https://registry.npmjs.org/@babel%2fcore 229ms (cache miss)
166 silly packumentCache full:https://registry.npmjs.org/@babel%2fcore set size:undefined disposed:false
167 silly fetch manifest @angular-devkit/architect@0.2200.4
168 silly packumentCache full:https://registry.npmjs.org/@angular-devkit%2farchitect cache-miss
169 http fetch GET 200 https://registry.npmjs.org/magic-string 143ms (cache miss)
170 silly packumentCache full:https://registry.npmjs.org/magic-string set size:undefined disposed:false
171 silly fetch manifest parse5-html-rewriting-stream@8.0.1
172 silly packumentCache full:https://registry.npmjs.org/parse5-html-rewriting-stream cache-miss
173 http fetch GET 200 https://registry.npmjs.org/@inquirer%2fconfirm 104ms (cache miss)
174 silly packumentCache full:https://registry.npmjs.org/@inquirer%2fconfirm set size:undefined disposed:false
175 silly fetch manifest @babel/helper-annotate-as-pure@7.27.3
176 silly packumentCache full:https://registry.npmjs.org/@babel%2fhelper-annotate-as-pure cache-miss
177 http fetch GET 200 https://registry.npmjs.org/source-map-support 110ms (cache miss)
178 silly packumentCache full:https://registry.npmjs.org/source-map-support set size:undefined disposed:false
179 silly fetch manifest @babel/helper-split-export-declaration@7.24.7
180 silly packumentCache full:https://registry.npmjs.org/@babel%2fhelper-split-export-declaration cache-miss
181 http fetch GET 200 https://registry.npmjs.org/rollup 688ms (cache miss)
182 silly packumentCache full:https://registry.npmjs.org/rollup set size:undefined disposed:false
183 silly fetch manifest lmdb@3.5.4
184 silly packumentCache full:https://registry.npmjs.org/lmdb cache-miss
185 http fetch GET 200 https://registry.npmjs.org/esbuild 983ms (cache miss)
186 silly packumentCache full:https://registry.npmjs.org/esbuild set size:undefined disposed:false
187 silly fetch manifest ini@6.0.0
188 silly packumentCache full:https://registry.npmjs.org/ini cache-miss
189 http fetch GET 200 https://registry.npmjs.org/lmdb 294ms (cache miss)
190 silly packumentCache full:https://registry.npmjs.org/lmdb set size:undefined disposed:false
191 silly fetch manifest zod@4.4.2
192 silly packumentCache full:https://registry.npmjs.org/zod cache-miss
193 http fetch GET 200 https://registry.npmjs.org/ini 108ms (cache miss)
194 silly packumentCache full:https://registry.npmjs.org/ini set size:undefined disposed:false
195 silly fetch manifest yargs@18.0.0
196 silly packumentCache full:https://registry.npmjs.org/yargs cache-miss
197 http fetch GET 200 https://registry.npmjs.org/parse5-html-rewriting-stream 561ms (cache miss)
198 silly packumentCache full:https://registry.npmjs.org/parse5-html-rewriting-stream set size:undefined disposed:false
199 silly fetch manifest pacote@21.5.1
200 silly packumentCache full:https://registry.npmjs.org/pacote cache-miss
201 http fetch GET 200 https://registry.npmjs.org/@vitejs%2fplugin-basic-ssl 663ms (cache miss)
202 silly packumentCache full:https://registry.npmjs.org/@vitejs%2fplugin-basic-ssl set size:undefined disposed:false
203 silly fetch manifest algoliasearch@5.52.0
204 silly packumentCache full:https://registry.npmjs.org/algoliasearch cache-miss
205 http fetch GET 200 https://registry.npmjs.org/@babel%2fhelper-split-export-declaration 643ms (cache miss)
206 silly packumentCache full:https://registry.npmjs.org/@babel%2fhelper-split-export-declaration set size:undefined disposed:false
207 silly fetch manifest npm-package-arg@13.0.2
208 silly packumentCache full:https://registry.npmjs.org/npm-package-arg cache-miss
209 http fetch GET 200 https://registry.npmjs.org/@ampproject%2fremapping 733ms (cache miss)
210 silly packumentCache full:https://registry.npmjs.org/@ampproject%2fremapping set size:undefined disposed:false
211 silly fetch manifest @inquirer/prompts@8.4.2
212 silly packumentCache full:https://registry.npmjs.org/@inquirer%2fprompts cache-miss
213 http fetch GET 200 https://registry.npmjs.org/@babel%2fhelper-annotate-as-pure 756ms (cache miss)
214 silly packumentCache full:https://registry.npmjs.org/@babel%2fhelper-annotate-as-pure set size:undefined disposed:false
215 silly fetch manifest @yarnpkg/lockfile@1.1.0
216 silly packumentCache full:https://registry.npmjs.org/@yarnpkg%2flockfile cache-miss
217 http fetch GET 200 https://registry.npmjs.org/zod 963ms (cache miss)
218 silly packumentCache full:https://registry.npmjs.org/zod set size:undefined disposed:false
219 silly fetch manifest @schematics/angular@22.0.4
220 silly packumentCache full:https://registry.npmjs.org/@schematics%2fangular cache-miss
221 http fetch GET 200 https://registry.npmjs.org/@yarnpkg%2flockfile 698ms (cache miss)
222 silly packumentCache full:https://registry.npmjs.org/@yarnpkg%2flockfile set size:undefined disposed:false
223 silly fetch manifest @angular-devkit/core@22.0.4
224 silly packumentCache full:https://registry.npmjs.org/@angular-devkit%2fcore cache-miss
225 http fetch GET 200 https://registry.npmjs.org/npm-package-arg 897ms (cache miss)
226 silly packumentCache full:https://registry.npmjs.org/npm-package-arg set size:undefined disposed:false
227 silly fetch manifest @angular-devkit/architect@0.2200.4
228 silly packumentCache full:https://registry.npmjs.org/@angular-devkit%2farchitect cache-miss
229 http fetch GET 200 https://registry.npmjs.org/@inquirer%2fprompts 981ms (cache miss)
230 silly packumentCache full:https://registry.npmjs.org/@inquirer%2fprompts set size:undefined disposed:false
231 silly fetch manifest @modelcontextprotocol/sdk@1.29.0
232 silly packumentCache full:https://registry.npmjs.org/@modelcontextprotocol%2fsdk cache-miss
233 http fetch GET 200 https://registry.npmjs.org/yargs 1218ms (cache miss)
234 silly packumentCache full:https://registry.npmjs.org/yargs set size:undefined disposed:false
235 silly fetch manifest @angular-devkit/schematics@22.0.4
236 silly packumentCache full:https://registry.npmjs.org/@angular-devkit%2fschematics cache-miss
237 http fetch GET 200 https://registry.npmjs.org/@modelcontextprotocol%2fsdk 858ms (cache miss)
238 silly packumentCache full:https://registry.npmjs.org/@modelcontextprotocol%2fsdk set size:undefined disposed:false
239 silly fetch manifest @listr2/prompt-adapter-inquirer@4.2.3
240 silly packumentCache full:https://registry.npmjs.org/@listr2%2fprompt-adapter-inquirer cache-miss
241 http fetch GET 200 https://registry.npmjs.org/pacote 2865ms (cache miss)
242 silly packumentCache full:https://registry.npmjs.org/pacote set size:undefined disposed:false
243 silly fetch manifest yargs@^18.0.0
244 silly packumentCache full:https://registry.npmjs.org/yargs cache-miss
245 http fetch GET 200 https://registry.npmjs.org/@angular-devkit%2farchitect 3437ms (cache miss)
246 silly packumentCache full:https://registry.npmjs.org/@angular-devkit%2farchitect set size:undefined disposed:false
247 silly fetch manifest semver@^7.0.0
248 silly packumentCache full:https://registry.npmjs.org/semver cache-miss
249 http cache https://registry.npmjs.org/yargs 11ms (cache hit)
250 silly packumentCache full:https://registry.npmjs.org/yargs set size:751093 disposed:false
251 silly fetch manifest chokidar@^5.0.0
252 silly packumentCache full:https://registry.npmjs.org/chokidar cache-miss
253 http cache https://registry.npmjs.org/semver 7ms (cache hit)
254 silly packumentCache full:https://registry.npmjs.org/semver set size:246125 disposed:false
255 silly fetch manifest @babel/core@7.29.7
256 silly packumentCache full:https://registry.npmjs.org/@babel%2fcore cache-miss
257 http cache https://registry.npmjs.org/@babel%2fcore 3ms (cache hit)
258 silly packumentCache full:https://registry.npmjs.org/@babel%2fcore set size:788258 disposed:false
259 silly fetch manifest reflect-metadata@^0.2.0
260 silly packumentCache full:https://registry.npmjs.org/reflect-metadata cache-miss
261 http fetch GET 200 https://registry.npmjs.org/@angular-devkit%2fcore 1984ms (cache miss)
262 silly packumentCache full:https://registry.npmjs.org/@angular-devkit%2fcore set size:undefined disposed:false
263 silly fetch manifest convert-source-map@^1.5.1
264 silly packumentCache full:https://registry.npmjs.org/convert-source-map cache-miss
265 http fetch GET 200 https://registry.npmjs.org/chokidar 87ms (cache miss)
266 silly packumentCache full:https://registry.npmjs.org/chokidar set size:undefined disposed:false
267 silly fetch manifest @jridgewell/sourcemap-codec@^1.4.14
268 silly packumentCache full:https://registry.npmjs.org/@jridgewell%2fsourcemap-codec cache-miss
269 http fetch GET 200 https://registry.npmjs.org/@listr2%2fprompt-adapter-inquirer 967ms (cache miss)
270 silly packumentCache full:https://registry.npmjs.org/@listr2%2fprompt-adapter-inquirer set size:undefined disposed:false
271 silly fetch manifest zod@^4.0.10
272 silly packumentCache full:https://registry.npmjs.org/zod cache-miss
273 http fetch GET 200 https://registry.npmjs.org/reflect-metadata 82ms (cache miss)
274 silly packumentCache full:https://registry.npmjs.org/reflect-metadata set size:undefined disposed:false
275 silly fetch manifest @standard-schema/spec@^1.0.0
276 silly packumentCache full:https://registry.npmjs.org/@standard-schema%2fspec cache-miss
277 http cache https://registry.npmjs.org/zod 5ms (cache hit)
278 silly packumentCache full:https://registry.npmjs.org/zod set size:3552562 disposed:false
279 silly fetch manifest saxes@^6.0.0
280 silly packumentCache full:https://registry.npmjs.org/saxes cache-miss
281 http fetch GET 200 https://registry.npmjs.org/convert-source-map 90ms (cache miss)
282 silly packumentCache full:https://registry.npmjs.org/convert-source-map set size:undefined disposed:false
283 silly fetch manifest parse5@^8.0.0
284 silly packumentCache full:https://registry.npmjs.org/parse5 cache-miss
285 http fetch GET 200 https://registry.npmjs.org/algoliasearch 2911ms (cache miss)
286 silly packumentCache full:https://registry.npmjs.org/algoliasearch set size:undefined disposed:false
287 silly fetch manifest undici@^7.21.0
288 silly packumentCache full:https://registry.npmjs.org/undici cache-miss
289 http fetch GET 200 https://registry.npmjs.org/@angular-devkit%2farchitect 2014ms (cache miss)
290 silly packumentCache full:https://registry.npmjs.org/@angular-devkit%2farchitect set size:undefined disposed:false
291 silly fetch manifest cssstyle@^6.0.1
292 silly packumentCache full:https://registry.npmjs.org/cssstyle cache-miss
293 http fetch GET 200 https://registry.npmjs.org/@jridgewell%2fsourcemap-codec 111ms (cache miss)
294 silly packumentCache full:https://registry.npmjs.org/@jridgewell%2fsourcemap-codec set size:undefined disposed:false
295 silly fetch manifest data-urls@^7.0.0
296 silly packumentCache full:https://registry.npmjs.org/data-urls cache-miss
297 http fetch GET 200 https://registry.npmjs.org/saxes 98ms (cache miss)
298 silly packumentCache full:https://registry.npmjs.org/saxes set size:undefined disposed:false
299 silly fetch manifest decimal.js@^10.6.0
300 silly packumentCache full:https://registry.npmjs.org/decimal.js cache-miss
301 http fetch GET 200 https://registry.npmjs.org/parse5 113ms (cache miss)
302 silly packumentCache full:https://registry.npmjs.org/parse5 set size:undefined disposed:false
303 silly fetch manifest whatwg-url@^16.0.0
304 silly packumentCache full:https://registry.npmjs.org/whatwg-url cache-miss
305 http fetch GET 200 https://registry.npmjs.org/@standard-schema%2fspec 143ms (cache miss)
306 silly packumentCache full:https://registry.npmjs.org/@standard-schema%2fspec set size:undefined disposed:false
307 silly fetch manifest symbol-tree@^3.2.4
308 silly packumentCache full:https://registry.npmjs.org/symbol-tree cache-miss
309 http fetch GET 200 https://registry.npmjs.org/cssstyle 109ms (cache miss)
310 silly packumentCache full:https://registry.npmjs.org/cssstyle set size:undefined disposed:false
311 silly fetch manifest tough-cookie@^6.0.0
312 silly packumentCache full:https://registry.npmjs.org/tough-cookie cache-miss
313 http fetch GET 200 https://registry.npmjs.org/data-urls 169ms (cache miss)
314 silly packumentCache full:https://registry.npmjs.org/data-urls set size:undefined disposed:false
315 silly fetch manifest @acemir/cssom@^0.9.31
316 silly packumentCache full:https://registry.npmjs.org/@acemir%2fcssom cache-miss
317 http fetch GET 200 https://registry.npmjs.org/symbol-tree 135ms (cache miss)
318 silly packumentCache full:https://registry.npmjs.org/symbol-tree set size:undefined disposed:false
319 silly fetch manifest @exodus/bytes@^1.11.0
320 silly packumentCache full:https://registry.npmjs.org/@exodus%2fbytes cache-miss
321 http fetch GET 200 https://registry.npmjs.org/decimal.js 168ms (cache miss)
322 silly packumentCache full:https://registry.npmjs.org/decimal.js set size:undefined disposed:false
323 silly fetch manifest whatwg-mimetype@^5.0.0
324 silly packumentCache full:https://registry.npmjs.org/whatwg-mimetype cache-miss
325 http fetch GET 200 https://registry.npmjs.org/tough-cookie 117ms (cache miss)
326 silly packumentCache full:https://registry.npmjs.org/tough-cookie set size:undefined disposed:false
327 silly fetch manifest http-proxy-agent@^7.0.2
328 silly packumentCache full:https://registry.npmjs.org/http-proxy-agent cache-miss
329 http fetch GET 200 https://registry.npmjs.org/whatwg-url 153ms (cache miss)
330 silly packumentCache full:https://registry.npmjs.org/whatwg-url set size:undefined disposed:false
331 silly fetch manifest https-proxy-agent@^7.0.6
332 silly packumentCache full:https://registry.npmjs.org/https-proxy-agent cache-miss
333 http cache https://registry.npmjs.org/https-proxy-agent 2ms (cache hit)
334 silly packumentCache full:https://registry.npmjs.org/https-proxy-agent set size:83792 disposed:false
335 silly fetch manifest w3c-xmlserializer@^5.0.0
336 silly packumentCache full:https://registry.npmjs.org/w3c-xmlserializer cache-miss
337 http fetch GET 200 https://registry.npmjs.org/whatwg-mimetype 86ms (cache miss)
338 silly packumentCache full:https://registry.npmjs.org/whatwg-mimetype set size:undefined disposed:false
339 silly fetch manifest webidl-conversions@^8.0.1
340 silly packumentCache full:https://registry.npmjs.org/webidl-conversions cache-miss
341 http fetch GET 200 https://registry.npmjs.org/http-proxy-agent 86ms (cache miss)
342 silly packumentCache full:https://registry.npmjs.org/http-proxy-agent set size:undefined disposed:false
343 silly fetch manifest xml-name-validator@^5.0.0
344 silly packumentCache full:https://registry.npmjs.org/xml-name-validator cache-miss
345 http fetch GET 200 https://registry.npmjs.org/undici 342ms (cache miss)
346 silly packumentCache full:https://registry.npmjs.org/undici set size:undefined disposed:false
347 silly fetch manifest @bramus/specificity@^2.4.2
348 silly packumentCache full:https://registry.npmjs.org/@bramus%2fspecificity cache-miss
349 http fetch GET 200 https://registry.npmjs.org/@acemir%2fcssom 109ms (cache miss)
350 silly packumentCache full:https://registry.npmjs.org/@acemir%2fcssom set size:undefined disposed:false
351 silly fetch manifest html-encoding-sniffer@^6.0.0
352 silly packumentCache full:https://registry.npmjs.org/html-encoding-sniffer cache-miss
353 http fetch GET 200 https://registry.npmjs.org/@schematics%2fangular 2499ms (cache miss)
354 silly packumentCache full:https://registry.npmjs.org/@schematics%2fangular set size:undefined disposed:false
355 silly fetch manifest @asamuzakjp/dom-selector@^6.8.1
356 silly packumentCache full:https://registry.npmjs.org/@asamuzakjp%2fdom-selector cache-miss
357 http fetch GET 200 https://registry.npmjs.org/@exodus%2fbytes 116ms (cache miss)
358 silly packumentCache full:https://registry.npmjs.org/@exodus%2fbytes set size:undefined disposed:false
359 silly fetch manifest is-potential-custom-element-name@^1.0.1
360 silly packumentCache full:https://registry.npmjs.org/is-potential-custom-element-name cache-miss
361 http fetch GET 200 https://registry.npmjs.org/w3c-xmlserializer 115ms (cache miss)
362 silly packumentCache full:https://registry.npmjs.org/w3c-xmlserializer set size:undefined disposed:false
363 silly fetch manifest marked@14.0.0
364 silly packumentCache full:https://registry.npmjs.org/marked cache-miss
365 http fetch GET 200 https://registry.npmjs.org/xml-name-validator 76ms (cache miss)
366 silly packumentCache full:https://registry.npmjs.org/xml-name-validator set size:undefined disposed:false
367 silly fetch manifest dompurify@3.2.7
368 silly packumentCache full:https://registry.npmjs.org/dompurify cache-miss
369 http fetch GET 200 https://registry.npmjs.org/webidl-conversions 83ms (cache miss)
370 silly packumentCache full:https://registry.npmjs.org/webidl-conversions set size:undefined disposed:false
371 silly fetch manifest tslib@^2.8.1
372 silly packumentCache full:https://registry.npmjs.org/tslib cache-miss
373 http cache https://registry.npmjs.org/tslib 1ms (cache hit)
374 silly packumentCache full:https://registry.npmjs.org/tslib set size:108843 disposed:false
375 silly fetch manifest tslib@^2.1.0
376 silly packumentCache full:https://registry.npmjs.org/tslib cache-hit
377 silly fetch manifest obug@^2.1.1
378 silly packumentCache full:https://registry.npmjs.org/obug cache-miss
379 http fetch GET 200 https://registry.npmjs.org/html-encoding-sniffer 71ms (cache miss)
380 silly packumentCache full:https://registry.npmjs.org/html-encoding-sniffer set size:undefined disposed:false
381 silly fetch manifest vite@^6.0.0 || ^7.0.0 || ^8.0.0
382 silly packumentCache full:https://registry.npmjs.org/vite cache-miss
383 http fetch GET 200 https://registry.npmjs.org/is-potential-custom-element-name 101ms (cache miss)
384 silly packumentCache full:https://registry.npmjs.org/is-potential-custom-element-name set size:undefined disposed:false
385 silly fetch manifest pathe@^2.0.3
386 silly packumentCache full:https://registry.npmjs.org/pathe cache-miss
387 http fetch GET 200 https://registry.npmjs.org/@bramus%2fspecificity 177ms (cache miss)
388 silly packumentCache full:https://registry.npmjs.org/@bramus%2fspecificity set size:undefined disposed:false
389 silly fetch manifest std-env@^4.0.0-rc.1
390 silly packumentCache full:https://registry.npmjs.org/std-env cache-miss
391 http fetch GET 200 https://registry.npmjs.org/obug 111ms (cache miss)
392 silly packumentCache full:https://registry.npmjs.org/obug set size:undefined disposed:false
393 silly fetch manifest tinyexec@^1.0.2
394 silly packumentCache full:https://registry.npmjs.org/tinyexec cache-miss
395 http fetch GET 200 https://registry.npmjs.org/@asamuzakjp%2fdom-selector 171ms (cache miss)
396 silly packumentCache full:https://registry.npmjs.org/@asamuzakjp%2fdom-selector set size:undefined disposed:false
397 silly fetch manifest picomatch@^4.0.3
398 silly packumentCache full:https://registry.npmjs.org/picomatch cache-miss
399 http cache https://registry.npmjs.org/picomatch 1ms (cache hit)
400 silly packumentCache full:https://registry.npmjs.org/picomatch set size:126376 disposed:false
401 silly fetch manifest tinybench@^2.9.0
402 silly packumentCache full:https://registry.npmjs.org/tinybench cache-miss
403 http fetch GET 200 https://registry.npmjs.org/tinyexec 328ms (cache miss)
404 silly packumentCache full:https://registry.npmjs.org/tinyexec set size:undefined disposed:false
405 silly fetch manifest tinyglobby@^0.2.15
406 silly packumentCache full:https://registry.npmjs.org/tinyglobby cache-miss
407 http fetch GET 200 https://registry.npmjs.org/pathe 395ms (cache miss)
408 silly packumentCache full:https://registry.npmjs.org/pathe set size:undefined disposed:false
409 silly fetch manifest @vitest/spy@4.1.9
410 silly packumentCache full:https://registry.npmjs.org/@vitest%2fspy cache-miss
411 http fetch GET 200 https://registry.npmjs.org/std-env 330ms (cache miss)
412 silly packumentCache full:https://registry.npmjs.org/std-env set size:undefined disposed:false
413 silly fetch manifest expect-type@^1.3.0
414 silly packumentCache full:https://registry.npmjs.org/expect-type cache-miss
415 http fetch GET 200 https://registry.npmjs.org/marked 494ms (cache miss)
416 silly packumentCache full:https://registry.npmjs.org/marked set size:undefined disposed:false
417 silly fetch manifest tinyrainbow@^3.1.0
418 silly packumentCache full:https://registry.npmjs.org/tinyrainbow cache-miss
419 http fetch GET 200 https://registry.npmjs.org/tinybench 330ms (cache miss)
420 silly packumentCache full:https://registry.npmjs.org/tinybench set size:undefined disposed:false
421 silly fetch manifest magic-string@^0.30.21
422 silly packumentCache full:https://registry.npmjs.org/magic-string cache-miss
423 http cache https://registry.npmjs.org/tinyglobby 10ms (cache hit)
424 silly packumentCache full:https://registry.npmjs.org/tinyglobby set size:54291 disposed:false
425 silly fetch manifest @vitest/utils@4.1.9
426 silly packumentCache full:https://registry.npmjs.org/@vitest%2futils cache-miss
427 http cache https://registry.npmjs.org/magic-string 3ms (cache hit)
428 silly packumentCache full:https://registry.npmjs.org/magic-string set size:331817 disposed:false
429 silly fetch manifest @vitest/expect@4.1.9
430 silly packumentCache full:https://registry.npmjs.org/@vitest%2fexpect cache-miss
431 http fetch GET 200 https://registry.npmjs.org/tinyrainbow 72ms (cache miss)
432 silly packumentCache full:https://registry.npmjs.org/tinyrainbow set size:undefined disposed:false
433 silly fetch manifest @vitest/mocker@4.1.9
434 silly packumentCache full:https://registry.npmjs.org/@vitest%2fmocker cache-miss
435 http fetch GET 200 https://registry.npmjs.org/expect-type 94ms (cache miss)
436 silly packumentCache full:https://registry.npmjs.org/expect-type set size:undefined disposed:false
437 silly fetch manifest @vitest/runner@4.1.9
438 silly packumentCache full:https://registry.npmjs.org/@vitest%2frunner cache-miss
439 http fetch GET 200 https://registry.npmjs.org/@vitest%2fspy 106ms (cache miss)
440 silly packumentCache full:https://registry.npmjs.org/@vitest%2fspy set size:undefined disposed:false
441 silly fetch manifest es-module-lexer@^2.0.0
442 silly packumentCache full:https://registry.npmjs.org/es-module-lexer cache-miss
443 http fetch GET 200 https://registry.npmjs.org/@vitest%2futils 129ms (cache miss)
444 silly packumentCache full:https://registry.npmjs.org/@vitest%2futils set size:undefined disposed:false
445 silly fetch manifest @vitest/snapshot@4.1.9
446 silly packumentCache full:https://registry.npmjs.org/@vitest%2fsnapshot cache-miss
447 http fetch GET 200 https://registry.npmjs.org/@vitest%2fmocker 97ms (cache miss)
448 silly packumentCache full:https://registry.npmjs.org/@vitest%2fmocker set size:undefined disposed:false
449 silly fetch manifest why-is-node-running@^2.3.0
450 silly packumentCache full:https://registry.npmjs.org/why-is-node-running cache-miss
451 http fetch GET 200 https://registry.npmjs.org/@vitest%2fexpect 179ms (cache miss)
452 silly packumentCache full:https://registry.npmjs.org/@vitest%2fexpect set size:undefined disposed:false
453 silly fetch manifest @vitest/pretty-format@4.1.9
454 silly packumentCache full:https://registry.npmjs.org/@vitest%2fpretty-format cache-miss
455 http fetch GET 200 https://registry.npmjs.org/es-module-lexer 87ms (cache miss)
456 silly packumentCache full:https://registry.npmjs.org/es-module-lexer set size:undefined disposed:false
457 http fetch GET 200 https://registry.npmjs.org/@vitest%2frunner 117ms (cache miss)
458 silly packumentCache full:https://registry.npmjs.org/@vitest%2frunner set size:undefined disposed:false
459 http fetch GET 200 https://registry.npmjs.org/dompurify 724ms (cache miss)
460 silly packumentCache full:https://registry.npmjs.org/dompurify set size:undefined disposed:false
461 http fetch GET 200 https://registry.npmjs.org/why-is-node-running 138ms (cache miss)
462 silly packumentCache full:https://registry.npmjs.org/why-is-node-running set size:undefined disposed:false
463 http fetch GET 200 https://registry.npmjs.org/@vitest%2fsnapshot 175ms (cache miss)
464 silly packumentCache full:https://registry.npmjs.org/@vitest%2fsnapshot set size:undefined disposed:false
465 http fetch GET 200 https://registry.npmjs.org/@vitest%2fpretty-format 238ms (cache miss)
466 silly packumentCache full:https://registry.npmjs.org/@vitest%2fpretty-format set size:undefined disposed:false
467 http fetch GET 200 https://registry.npmjs.org/@angular-devkit%2fschematics 3131ms (cache miss)
468 silly packumentCache full:https://registry.npmjs.org/@angular-devkit%2fschematics set size:undefined disposed:false
469 http fetch GET 200 https://registry.npmjs.org/vite 6012ms (cache miss)
470 silly packumentCache full:https://registry.npmjs.org/vite set size:undefined disposed:false
471 http fetch GET 200 https://registry.npmjs.org/vite 2303ms (cache miss)
472 silly packumentCache full:https://registry.npmjs.org/vite set size:undefined disposed:false
473 silly placeDep ROOT @ampproject/remapping@2.3.0 OK for: @angular/build@22.0.4 want: 2.3.0
474 silly placeDep ROOT @angular-devkit/architect@0.2200.4 OK for: @angular/build@22.0.4 want: 0.2200.4
475 silly placeDep ROOT @babel/core@7.29.0 OK for: @angular/build@22.0.4 want: 7.29.0
476 silly placeDep ROOT @babel/helper-annotate-as-pure@7.27.3 OK for: @angular/build@22.0.4 want: 7.27.3
477 silly placeDep ROOT @babel/helper-split-export-declaration@7.24.7 OK for: @angular/build@22.0.4 want: 7.24.7
478 silly placeDep ROOT @inquirer/confirm@6.0.12 OK for: @angular/build@22.0.4 want: 6.0.12
479 silly placeDep ROOT @vitejs/plugin-basic-ssl@2.3.0 OK for: @angular/build@22.0.4 want: 2.3.0
480 silly placeDep ROOT beasties@0.4.2 OK for: @angular/build@22.0.4 want: 0.4.2
481 silly placeDep ROOT browserslist@4.28.4 OK for: @angular/build@22.0.4 want: ^4.26.0
482 silly placeDep ROOT esbuild@0.28.1 OK for: @angular/build@22.0.4 want: 0.28.1
483 silly placeDep ROOT https-proxy-agent@9.0.0 OK for: @angular/build@22.0.4 want: 9.0.0
484 silly placeDep ROOT jsonc-parser@3.3.1 OK for: @angular/build@22.0.4 want: 3.3.1
485 silly placeDep ROOT listr2@10.2.1 OK for: @angular/build@22.0.4 want: 10.2.1
486 silly placeDep ROOT lmdb@3.5.4 OK for: @angular/build@22.0.4 want: 3.5.4
487 silly placeDep ROOT magic-string@0.30.21 OK for: @angular/build@22.0.4 want: 0.30.21
488 silly placeDep ROOT mrmime@2.0.1 OK for: @angular/build@22.0.4 want: 2.0.1
489 silly placeDep ROOT parse5-html-rewriting-stream@8.0.1 OK for: @angular/build@22.0.4 want: 8.0.1
490 silly placeDep ROOT picomatch@4.0.4 OK for: @angular/build@22.0.4 want: 4.0.4
491 silly placeDep ROOT piscina@5.2.0 OK for: @angular/build@22.0.4 want: 5.2.0
492 silly placeDep ROOT rollup@4.60.2 OK for: @angular/build@22.0.4 want: 4.60.2
493 silly placeDep ROOT sass@1.99.0 OK for: @angular/build@22.0.4 want: 1.99.0
494 silly placeDep ROOT semver@7.7.4 OK for: @angular/build@22.0.4 want: 7.7.4
495 silly placeDep ROOT source-map-support@0.5.21 OK for: @angular/build@22.0.4 want: 0.5.21
496 silly placeDep ROOT tinyglobby@0.2.16 OK for: @angular/build@22.0.4 want: 0.2.16
497 silly placeDep ROOT vite@7.3.5 OK for: @angular/build@22.0.4 want: 7.3.5
498 silly placeDep ROOT watchpack@2.5.1 OK for: @angular/build@22.0.4 want: 2.5.1
499 silly fetch manifest @jridgewell/gen-mapping@^0.3.5
500 silly packumentCache full:https://registry.npmjs.org/@jridgewell%2fgen-mapping cache-miss
501 silly fetch manifest @jridgewell/trace-mapping@^0.3.24
502 silly packumentCache full:https://registry.npmjs.org/@jridgewell%2ftrace-mapping cache-miss
503 silly fetch manifest debug@^4.1.0
504 silly packumentCache full:https://registry.npmjs.org/debug cache-miss
505 silly fetch manifest json5@^2.2.3
506 silly packumentCache full:https://registry.npmjs.org/json5 cache-miss
507 silly fetch manifest semver@^6.3.1
508 silly packumentCache full:https://registry.npmjs.org/semver cache-hit
509 silly fetch manifest gensync@^1.0.0-beta.2
510 silly packumentCache full:https://registry.npmjs.org/gensync cache-miss
511 silly fetch manifest @babel/types@^7.29.0
512 silly packumentCache full:https://registry.npmjs.org/@babel%2ftypes cache-miss
513 silly fetch manifest @babel/parser@^7.29.0
514 silly packumentCache full:https://registry.npmjs.org/@babel%2fparser cache-miss
515 silly fetch manifest @babel/helpers@^7.28.6
516 silly packumentCache full:https://registry.npmjs.org/@babel%2fhelpers cache-miss
517 silly fetch manifest @babel/template@^7.28.6
518 silly packumentCache full:https://registry.npmjs.org/@babel%2ftemplate cache-miss
519 http fetch GET 200 https://registry.npmjs.org/gensync 96ms (cache miss)
520 silly packumentCache full:https://registry.npmjs.org/gensync set size:undefined disposed:false
521 silly fetch manifest @babel/traverse@^7.29.0
522 silly packumentCache full:https://registry.npmjs.org/@babel%2ftraverse cache-miss
523 http fetch GET 200 https://registry.npmjs.org/json5 100ms (cache miss)
524 silly packumentCache full:https://registry.npmjs.org/json5 set size:undefined disposed:false
525 silly fetch manifest @babel/generator@^7.29.0
526 silly packumentCache full:https://registry.npmjs.org/@babel%2fgenerator cache-miss
527 http fetch GET 200 https://registry.npmjs.org/debug 118ms (cache miss)
528 silly packumentCache full:https://registry.npmjs.org/debug set size:undefined disposed:false
529 silly fetch manifest @babel/code-frame@^7.29.0
530 silly packumentCache full:https://registry.npmjs.org/@babel%2fcode-frame cache-miss
531 http fetch GET 200 https://registry.npmjs.org/@babel%2ftemplate 120ms (cache miss)
532 silly packumentCache full:https://registry.npmjs.org/@babel%2ftemplate set size:undefined disposed:false
533 silly fetch manifest convert-source-map@^2.0.0
534 silly packumentCache full:https://registry.npmjs.org/convert-source-map cache-miss
535 http cache https://registry.npmjs.org/convert-source-map 1ms (cache hit)
536 silly packumentCache full:https://registry.npmjs.org/convert-source-map set size:66997 disposed:false
537 silly fetch manifest @jridgewell/remapping@^2.3.5
538 silly packumentCache full:https://registry.npmjs.org/@jridgewell%2fremapping cache-miss
539 http fetch GET 200 https://registry.npmjs.org/@jridgewell%2fgen-mapping 125ms (cache miss)
540 silly packumentCache full:https://registry.npmjs.org/@jridgewell%2fgen-mapping set size:undefined disposed:false
541 silly fetch manifest @babel/helper-module-transforms@^7.28.6
542 silly packumentCache full:https://registry.npmjs.org/@babel%2fhelper-module-transforms cache-miss
543 http fetch GET 200 https://registry.npmjs.org/@babel%2fhelpers 130ms (cache miss)
544 silly packumentCache full:https://registry.npmjs.org/@babel%2fhelpers set size:undefined disposed:false
545 silly fetch manifest @babel/helper-compilation-targets@^7.28.6
546 silly packumentCache full:https://registry.npmjs.org/@babel%2fhelper-compilation-targets cache-miss
547 http fetch GET 200 https://registry.npmjs.org/@babel%2ftypes 132ms (cache miss)
548 silly packumentCache full:https://registry.npmjs.org/@babel%2ftypes set size:undefined disposed:false
549 silly fetch manifest @babel/types@^7.27.3
550 silly packumentCache full:https://registry.npmjs.org/@babel%2ftypes cache-miss
551 http cache https://registry.npmjs.org/@babel%2ftypes 3ms (cache hit)
552 silly packumentCache full:https://registry.npmjs.org/@babel%2ftypes set size:498480 disposed:false
553 silly fetch manifest @babel/types@^7.24.7
554 silly packumentCache full:https://registry.npmjs.org/@babel%2ftypes cache-hit
555 silly fetch manifest @inquirer/core@^11.1.9
556 silly packumentCache full:https://registry.npmjs.org/@inquirer%2fcore cache-miss
557 http fetch GET 200 https://registry.npmjs.org/@jridgewell%2ftrace-mapping 155ms (cache miss)
558 silly packumentCache full:https://registry.npmjs.org/@jridgewell%2ftrace-mapping set size:undefined disposed:false
559 silly fetch manifest @inquirer/type@^4.0.5
560 silly packumentCache full:https://registry.npmjs.org/@inquirer%2ftype cache-miss
561 http fetch GET 200 https://registry.npmjs.org/@babel%2fparser 156ms (cache miss)
562 silly packumentCache full:https://registry.npmjs.org/@babel%2fparser set size:undefined disposed:false
563 silly fetch manifest css-select@^6.0.0
564 silly packumentCache full:https://registry.npmjs.org/css-select cache-miss
565 http fetch GET 200 https://registry.npmjs.org/@babel%2fgenerator 99ms (cache miss)
566 silly packumentCache full:https://registry.npmjs.org/@babel%2fgenerator set size:undefined disposed:false
567 silly fetch manifest css-what@^7.0.0
568 silly packumentCache full:https://registry.npmjs.org/css-what cache-miss
569 http fetch GET 200 https://registry.npmjs.org/@babel%2ftraverse 108ms (cache miss)
570 silly packumentCache full:https://registry.npmjs.org/@babel%2ftraverse set size:undefined disposed:false
571 silly fetch manifest dom-serializer@^2.0.0
572 silly packumentCache full:https://registry.npmjs.org/dom-serializer cache-miss
573 http fetch GET 200 https://registry.npmjs.org/@babel%2fcode-frame 96ms (cache miss)
574 silly packumentCache full:https://registry.npmjs.org/@babel%2fcode-frame set size:undefined disposed:false
575 silly fetch manifest domhandler@^5.0.3
576 silly packumentCache full:https://registry.npmjs.org/domhandler cache-miss
577 http fetch GET 200 https://registry.npmjs.org/@babel%2fhelper-compilation-targets 92ms (cache miss)
578 silly packumentCache full:https://registry.npmjs.org/@babel%2fhelper-compilation-targets set size:undefined disposed:false
579 silly fetch manifest htmlparser2@^10.0.0
580 silly packumentCache full:https://registry.npmjs.org/htmlparser2 cache-miss
581 http fetch GET 200 https://registry.npmjs.org/@jridgewell%2fremapping 105ms (cache miss)
582 silly packumentCache full:https://registry.npmjs.org/@jridgewell%2fremapping set size:undefined disposed:false
583 silly fetch manifest picocolors@^1.1.1
584 silly packumentCache full:https://registry.npmjs.org/picocolors cache-miss
585 http fetch GET 200 https://registry.npmjs.org/@babel%2fhelper-module-transforms 106ms (cache miss)
586 silly packumentCache full:https://registry.npmjs.org/@babel%2fhelper-module-transforms set size:undefined disposed:false
587 silly fetch manifest postcss@^8.4.49
588 silly packumentCache full:https://registry.npmjs.org/postcss cache-miss
589 http fetch GET 200 https://registry.npmjs.org/css-select 84ms (cache miss)
590 silly packumentCache full:https://registry.npmjs.org/css-select set size:undefined disposed:false
591 silly fetch manifest postcss-media-query-parser@^0.2.3
592 silly packumentCache full:https://registry.npmjs.org/postcss-media-query-parser cache-miss
593 http fetch GET 200 https://registry.npmjs.org/@inquirer%2ftype 97ms (cache miss)
594 silly packumentCache full:https://registry.npmjs.org/@inquirer%2ftype set size:undefined disposed:false
595 silly fetch manifest postcss-safe-parser@^7.0.1
596 silly packumentCache full:https://registry.npmjs.org/postcss-safe-parser cache-miss
597 http fetch GET 200 https://registry.npmjs.org/@inquirer%2fcore 117ms (cache miss)
598 silly packumentCache full:https://registry.npmjs.org/@inquirer%2fcore set size:undefined disposed:false
599 silly fetch manifest caniuse-lite@^1.0.30001799
600 silly packumentCache full:https://registry.npmjs.org/caniuse-lite cache-miss
601 http fetch GET 200 https://registry.npmjs.org/dom-serializer 94ms (cache miss)
602 silly packumentCache full:https://registry.npmjs.org/dom-serializer set size:undefined disposed:false
603 silly fetch manifest node-releases@^2.0.48
604 silly packumentCache full:https://registry.npmjs.org/node-releases cache-miss
605 http fetch GET 200 https://registry.npmjs.org/css-what 100ms (cache miss)
606 silly packumentCache full:https://registry.npmjs.org/css-what set size:undefined disposed:false
607 silly fetch manifest electron-to-chromium@^1.5.376
608 silly packumentCache full:https://registry.npmjs.org/electron-to-chromium cache-miss
609 http fetch GET 200 https://registry.npmjs.org/picocolors 84ms (cache miss)
610 silly packumentCache full:https://registry.npmjs.org/picocolors set size:undefined disposed:false
611 silly fetch manifest update-browserslist-db@^1.2.3
612 silly packumentCache full:https://registry.npmjs.org/update-browserslist-db cache-miss
613 http fetch GET 200 https://registry.npmjs.org/domhandler 97ms (cache miss)
614 silly packumentCache full:https://registry.npmjs.org/domhandler set size:undefined disposed:false
615 silly fetch manifest baseline-browser-mapping@^2.10.38
616 silly packumentCache full:https://registry.npmjs.org/baseline-browser-mapping cache-miss
617 http fetch GET 200 https://registry.npmjs.org/htmlparser2 90ms (cache miss)
618 silly packumentCache full:https://registry.npmjs.org/htmlparser2 set size:undefined disposed:false
619 silly fetch manifest @esbuild/aix-ppc64@0.28.1
620 silly packumentCache full:https://registry.npmjs.org/@esbuild%2faix-ppc64 cache-miss
621 http fetch GET 200 https://registry.npmjs.org/postcss-media-query-parser 75ms (cache miss)
622 silly packumentCache full:https://registry.npmjs.org/postcss-media-query-parser set size:undefined disposed:false
623 silly fetch manifest @esbuild/android-arm@0.28.1
624 silly packumentCache full:https://registry.npmjs.org/@esbuild%2fandroid-arm cache-miss
625 http fetch GET 200 https://registry.npmjs.org/postcss 88ms (cache miss)
626 silly packumentCache full:https://registry.npmjs.org/postcss set size:undefined disposed:false
627 silly fetch manifest @esbuild/android-arm64@0.28.1
628 silly packumentCache full:https://registry.npmjs.org/@esbuild%2fandroid-arm64 cache-miss
629 http fetch GET 200 https://registry.npmjs.org/postcss-safe-parser 75ms (cache miss)
630 silly packumentCache full:https://registry.npmjs.org/postcss-safe-parser set size:undefined disposed:false
631 silly fetch manifest @esbuild/android-x64@0.28.1
632 silly packumentCache full:https://registry.npmjs.org/@esbuild%2fandroid-x64 cache-miss
633 http fetch GET 200 https://registry.npmjs.org/node-releases 83ms (cache miss)
634 silly packumentCache full:https://registry.npmjs.org/node-releases set size:undefined disposed:false
635 silly fetch manifest @esbuild/darwin-arm64@0.28.1
636 silly packumentCache full:https://registry.npmjs.org/@esbuild%2fdarwin-arm64 cache-miss
637 http fetch GET 200 https://registry.npmjs.org/update-browserslist-db 88ms (cache miss)
638 silly packumentCache full:https://registry.npmjs.org/update-browserslist-db set size:undefined disposed:false
639 silly fetch manifest @esbuild/darwin-x64@0.28.1
640 silly packumentCache full:https://registry.npmjs.org/@esbuild%2fdarwin-x64 cache-miss
641 http fetch GET 200 https://registry.npmjs.org/baseline-browser-mapping 88ms (cache miss)
642 silly packumentCache full:https://registry.npmjs.org/baseline-browser-mapping set size:undefined disposed:false
643 silly fetch manifest @esbuild/freebsd-arm64@0.28.1
644 silly packumentCache full:https://registry.npmjs.org/@esbuild%2ffreebsd-arm64 cache-miss
645 http fetch GET 200 https://registry.npmjs.org/caniuse-lite 142ms (cache miss)
646 silly packumentCache full:https://registry.npmjs.org/caniuse-lite set size:undefined disposed:false
647 silly fetch manifest @esbuild/freebsd-x64@0.28.1
648 silly packumentCache full:https://registry.npmjs.org/@esbuild%2ffreebsd-x64 cache-miss
649 http fetch GET 200 https://registry.npmjs.org/@esbuild%2faix-ppc64 872ms (cache miss)
650 silly packumentCache full:https://registry.npmjs.org/@esbuild%2faix-ppc64 set size:undefined disposed:false
651 silly fetch manifest @esbuild/linux-arm@0.28.1
652 silly packumentCache full:https://registry.npmjs.org/@esbuild%2flinux-arm cache-miss
653 http fetch GET 200 https://registry.npmjs.org/electron-to-chromium 899ms (cache miss)
654 silly packumentCache full:https://registry.npmjs.org/electron-to-chromium set size:undefined disposed:false
655 silly fetch manifest @esbuild/linux-arm64@0.28.1
656 silly packumentCache full:https://registry.npmjs.org/@esbuild%2flinux-arm64 cache-miss
657 http fetch GET 200 https://registry.npmjs.org/@esbuild%2fdarwin-arm64 912ms (cache miss)
658 silly packumentCache full:https://registry.npmjs.org/@esbuild%2fdarwin-arm64 set size:undefined disposed:false
659 silly fetch manifest @esbuild/linux-ia32@0.28.1
660 silly packumentCache full:https://registry.npmjs.org/@esbuild%2flinux-ia32 cache-miss
661 http fetch GET 200 https://registry.npmjs.org/@esbuild%2ffreebsd-arm64 895ms (cache miss)
662 silly packumentCache full:https://registry.npmjs.org/@esbuild%2ffreebsd-arm64 set size:undefined disposed:false
663 silly fetch manifest @esbuild/linux-loong64@0.28.1
664 silly packumentCache full:https://registry.npmjs.org/@esbuild%2flinux-loong64 cache-miss
665 http fetch GET 200 https://registry.npmjs.org/@esbuild%2ffreebsd-x64 882ms (cache miss)
666 silly packumentCache full:https://registry.npmjs.org/@esbuild%2ffreebsd-x64 set size:undefined disposed:false
667 silly fetch manifest @esbuild/linux-mips64el@0.28.1
668 silly packumentCache full:https://registry.npmjs.org/@esbuild%2flinux-mips64el cache-miss
669 http fetch GET 200 https://registry.npmjs.org/@esbuild%2fdarwin-x64 898ms (cache miss)
670 silly packumentCache full:https://registry.npmjs.org/@esbuild%2fdarwin-x64 set size:undefined disposed:false
671 silly fetch manifest @esbuild/linux-ppc64@0.28.1
672 silly packumentCache full:https://registry.npmjs.org/@esbuild%2flinux-ppc64 cache-miss
673 http fetch GET 200 https://registry.npmjs.org/@esbuild%2fandroid-arm64 979ms (cache miss)
674 silly packumentCache full:https://registry.npmjs.org/@esbuild%2fandroid-arm64 set size:undefined disposed:false
675 silly fetch manifest @esbuild/linux-riscv64@0.28.1
676 silly packumentCache full:https://registry.npmjs.org/@esbuild%2flinux-riscv64 cache-miss
677 http fetch GET 200 https://registry.npmjs.org/@esbuild%2fandroid-arm 983ms (cache miss)
678 silly packumentCache full:https://registry.npmjs.org/@esbuild%2fandroid-arm set size:undefined disposed:false
679 silly fetch manifest @esbuild/linux-s390x@0.28.1
680 silly packumentCache full:https://registry.npmjs.org/@esbuild%2flinux-s390x cache-miss
681 http fetch GET 200 https://registry.npmjs.org/@esbuild%2fandroid-x64 977ms (cache miss)
682 silly packumentCache full:https://registry.npmjs.org/@esbuild%2fandroid-x64 set size:undefined disposed:false
683 silly fetch manifest @esbuild/linux-x64@0.28.1
684 silly packumentCache full:https://registry.npmjs.org/@esbuild%2flinux-x64 cache-miss
685 http fetch GET 200 https://registry.npmjs.org/@esbuild%2flinux-arm64 119ms (cache miss)
686 silly packumentCache full:https://registry.npmjs.org/@esbuild%2flinux-arm64 set size:undefined disposed:false
687 silly fetch manifest @esbuild/netbsd-arm64@0.28.1
688 silly packumentCache full:https://registry.npmjs.org/@esbuild%2fnetbsd-arm64 cache-miss
689 http fetch GET 200 https://registry.npmjs.org/@esbuild%2flinux-ppc64 101ms (cache miss)
690 silly packumentCache full:https://registry.npmjs.org/@esbuild%2flinux-ppc64 set size:undefined disposed:false
691 silly fetch manifest @esbuild/netbsd-x64@0.28.1
692 silly packumentCache full:https://registry.npmjs.org/@esbuild%2fnetbsd-x64 cache-miss
693 http fetch GET 200 https://registry.npmjs.org/@esbuild%2flinux-arm 219ms (cache miss)
694 silly packumentCache full:https://registry.npmjs.org/@esbuild%2flinux-arm set size:undefined disposed:false
695 silly fetch manifest @esbuild/openbsd-arm64@0.28.1
696 silly packumentCache full:https://registry.npmjs.org/@esbuild%2fopenbsd-arm64 cache-miss
697 http fetch GET 200 https://registry.npmjs.org/@esbuild%2flinux-ia32 109ms (cache miss)
698 silly packumentCache full:https://registry.npmjs.org/@esbuild%2flinux-ia32 set size:undefined disposed:false
699 silly fetch manifest @esbuild/openbsd-x64@0.28.1
700 silly packumentCache full:https://registry.npmjs.org/@esbuild%2fopenbsd-x64 cache-miss
701 http fetch GET 200 https://registry.npmjs.org/@esbuild%2flinux-riscv64 107ms (cache miss)
702 silly packumentCache full:https://registry.npmjs.org/@esbuild%2flinux-riscv64 set size:undefined disposed:false
703 silly fetch manifest @esbuild/openharmony-arm64@0.28.1
704 silly packumentCache full:https://registry.npmjs.org/@esbuild%2fopenharmony-arm64 cache-miss
705 http fetch GET 200 https://registry.npmjs.org/@esbuild%2flinux-mips64el 110ms (cache miss)
706 silly packumentCache full:https://registry.npmjs.org/@esbuild%2flinux-mips64el set size:undefined disposed:false
707 silly fetch manifest @esbuild/sunos-x64@0.28.1
708 silly packumentCache full:https://registry.npmjs.org/@esbuild%2fsunos-x64 cache-miss
709 http fetch GET 200 https://registry.npmjs.org/@esbuild%2flinux-x64 125ms (cache miss)
710 silly packumentCache full:https://registry.npmjs.org/@esbuild%2flinux-x64 set size:undefined disposed:false
711 silly fetch manifest @esbuild/win32-arm64@0.28.1
712 silly packumentCache full:https://registry.npmjs.org/@esbuild%2fwin32-arm64 cache-miss
713 http fetch GET 200 https://registry.npmjs.org/@esbuild%2fnetbsd-arm64 104ms (cache miss)
714 silly packumentCache full:https://registry.npmjs.org/@esbuild%2fnetbsd-arm64 set size:undefined disposed:false
715 silly fetch manifest @esbuild/win32-ia32@0.28.1
716 silly packumentCache full:https://registry.npmjs.org/@esbuild%2fwin32-ia32 cache-miss
717 http fetch GET 200 https://registry.npmjs.org/@esbuild%2flinux-s390x 131ms (cache miss)
718 silly packumentCache full:https://registry.npmjs.org/@esbuild%2flinux-s390x set size:undefined disposed:false
719 silly fetch manifest @esbuild/win32-x64@0.28.1
720 silly packumentCache full:https://registry.npmjs.org/@esbuild%2fwin32-x64 cache-miss
721 http fetch GET 200 https://registry.npmjs.org/@esbuild%2flinux-loong64 153ms (cache miss)
722 silly packumentCache full:https://registry.npmjs.org/@esbuild%2flinux-loong64 set size:undefined disposed:false
723 silly fetch manifest debug@^4.3.4
724 silly packumentCache full:https://registry.npmjs.org/debug cache-miss
725 http cache https://registry.npmjs.org/debug 1ms (cache hit)
726 silly packumentCache full:https://registry.npmjs.org/debug set size:195840 disposed:false
727 silly fetch manifest agent-base@9.0.0
728 silly packumentCache full:https://registry.npmjs.org/agent-base cache-miss
729 http fetch GET 200 https://registry.npmjs.org/@esbuild%2fopenharmony-arm64 90ms (cache miss)
730 silly packumentCache full:https://registry.npmjs.org/@esbuild%2fopenharmony-arm64 set size:undefined disposed:false
731 silly fetch manifest rfdc@^1.4.1
732 silly packumentCache full:https://registry.npmjs.org/rfdc cache-miss
733 http fetch GET 200 https://registry.npmjs.org/@esbuild%2fopenbsd-arm64 107ms (cache miss)
734 silly packumentCache full:https://registry.npmjs.org/@esbuild%2fopenbsd-arm64 set size:undefined disposed:false
735 silly fetch manifest wrap-ansi@^10.0.0
736 silly packumentCache full:https://registry.npmjs.org/wrap-ansi cache-miss
737 http fetch GET 200 https://registry.npmjs.org/@esbuild%2fnetbsd-x64 111ms (cache miss)
738 silly packumentCache full:https://registry.npmjs.org/@esbuild%2fnetbsd-x64 set size:undefined disposed:false
739 silly fetch manifest log-update@^6.1.0
740 silly packumentCache full:https://registry.npmjs.org/log-update cache-miss
741 http fetch GET 200 https://registry.npmjs.org/@esbuild%2fopenbsd-x64 725ms (cache miss)
742 silly packumentCache full:https://registry.npmjs.org/@esbuild%2fopenbsd-x64 set size:undefined disposed:false
743 silly fetch manifest cli-truncate@^5.2.0
744 silly packumentCache full:https://registry.npmjs.org/cli-truncate cache-miss
745 http fetch GET 200 https://registry.npmjs.org/log-update 620ms (cache miss)
746 silly packumentCache full:https://registry.npmjs.org/log-update set size:undefined disposed:false
747 silly fetch manifest eventemitter3@^5.0.4
748 silly packumentCache full:https://registry.npmjs.org/eventemitter3 cache-miss
749 http fetch GET 200 https://registry.npmjs.org/cli-truncate 93ms (cache miss)
750 silly packumentCache full:https://registry.npmjs.org/cli-truncate set size:undefined disposed:false
751 silly fetch manifest msgpackr@^1.11.2
752 silly packumentCache full:https://registry.npmjs.org/msgpackr cache-miss
753 http fetch GET 200 https://registry.npmjs.org/eventemitter3 96ms (cache miss)
754 silly packumentCache full:https://registry.npmjs.org/eventemitter3 set size:undefined disposed:false
755 silly fetch manifest node-addon-api@^6.1.0
756 silly packumentCache full:https://registry.npmjs.org/node-addon-api cache-miss
757 http fetch GET 200 https://registry.npmjs.org/wrap-ansi 729ms (cache miss)
758 silly packumentCache full:https://registry.npmjs.org/wrap-ansi set size:undefined disposed:false
759 silly fetch manifest ordered-binary@^1.5.3
760 silly packumentCache full:https://registry.npmjs.org/ordered-binary cache-miss
761 http fetch GET 200 https://registry.npmjs.org/rfdc 746ms (cache miss)
762 silly packumentCache full:https://registry.npmjs.org/rfdc set size:undefined disposed:false
763 silly fetch manifest weak-lru-cache@^1.2.2
764 silly packumentCache full:https://registry.npmjs.org/weak-lru-cache cache-miss
765 http fetch GET 200 https://registry.npmjs.org/agent-base 838ms (cache miss)
766 silly packumentCache full:https://registry.npmjs.org/agent-base set size:undefined disposed:false
767 silly fetch manifest @harperfast/extended-iterable@^1.0.3
768 silly packumentCache full:https://registry.npmjs.org/@harperfast%2fextended-iterable cache-miss
769 http fetch GET 200 https://registry.npmjs.org/node-addon-api 87ms (cache miss)
770 silly packumentCache full:https://registry.npmjs.org/node-addon-api set size:undefined disposed:false
771 silly fetch manifest node-gyp-build-optional-packages@5.2.2
772 silly packumentCache full:https://registry.npmjs.org/node-gyp-build-optional-packages cache-miss
773 http fetch GET 200 https://registry.npmjs.org/@esbuild%2fsunos-x64 935ms (cache miss)
774 silly packumentCache full:https://registry.npmjs.org/@esbuild%2fsunos-x64 set size:undefined disposed:false
775 silly fetch manifest @lmdb/lmdb-linux-arm@3.5.4
776 silly packumentCache full:https://registry.npmjs.org/@lmdb%2flmdb-linux-arm cache-miss
777 http fetch GET 200 https://registry.npmjs.org/@esbuild%2fwin32-x64 912ms (cache miss)
778 silly packumentCache full:https://registry.npmjs.org/@esbuild%2fwin32-x64 set size:undefined disposed:false
779 silly fetch manifest @lmdb/lmdb-linux-x64@3.5.4
780 silly packumentCache full:https://registry.npmjs.org/@lmdb%2flmdb-linux-x64 cache-miss
781 http fetch GET 200 https://registry.npmjs.org/@esbuild%2fwin32-ia32 916ms (cache miss)
782 silly packumentCache full:https://registry.npmjs.org/@esbuild%2fwin32-ia32 set size:undefined disposed:false
783 silly fetch manifest @lmdb/lmdb-win32-x64@3.5.4
784 silly packumentCache full:https://registry.npmjs.org/@lmdb%2flmdb-win32-x64 cache-miss
785 http fetch GET 200 https://registry.npmjs.org/@esbuild%2fwin32-arm64 922ms (cache miss)
786 silly packumentCache full:https://registry.npmjs.org/@esbuild%2fwin32-arm64 set size:undefined disposed:false
787 silly fetch manifest @lmdb/lmdb-darwin-x64@3.5.4
788 silly packumentCache full:https://registry.npmjs.org/@lmdb%2flmdb-darwin-x64 cache-miss
789 http fetch GET 200 https://registry.npmjs.org/msgpackr 124ms (cache miss)
790 silly packumentCache full:https://registry.npmjs.org/msgpackr set size:undefined disposed:false
791 silly fetch manifest @lmdb/lmdb-linux-arm64@3.5.4
792 silly packumentCache full:https://registry.npmjs.org/@lmdb%2flmdb-linux-arm64 cache-miss
793 http fetch GET 200 https://registry.npmjs.org/weak-lru-cache 137ms (cache miss)
794 silly packumentCache full:https://registry.npmjs.org/weak-lru-cache set size:undefined disposed:false
795 silly fetch manifest @lmdb/lmdb-win32-arm64@3.5.4
796 silly packumentCache full:https://registry.npmjs.org/@lmdb%2flmdb-win32-arm64 cache-miss
797 http fetch GET 200 https://registry.npmjs.org/ordered-binary 141ms (cache miss)
798 silly packumentCache full:https://registry.npmjs.org/ordered-binary set size:undefined disposed:false
799 silly fetch manifest @lmdb/lmdb-darwin-arm64@3.5.4
800 silly packumentCache full:https://registry.npmjs.org/@lmdb%2flmdb-darwin-arm64 cache-miss
801 http fetch GET 200 https://registry.npmjs.org/node-gyp-build-optional-packages 107ms (cache miss)
802 silly packumentCache full:https://registry.npmjs.org/node-gyp-build-optional-packages set size:undefined disposed:false
803 silly fetch manifest @jridgewell/sourcemap-codec@^1.5.5
804 silly packumentCache full:https://registry.npmjs.org/@jridgewell%2fsourcemap-codec cache-miss
805 http cache https://registry.npmjs.org/@jridgewell%2fsourcemap-codec 1ms (cache hit)
806 silly packumentCache full:https://registry.npmjs.org/@jridgewell%2fsourcemap-codec set size:51856 disposed:false
807 silly fetch manifest entities@^8.0.0
808 silly packumentCache full:https://registry.npmjs.org/entities cache-miss
809 http fetch GET 200 https://registry.npmjs.org/@lmdb%2flmdb-darwin-x64 101ms (cache miss)
810 silly packumentCache full:https://registry.npmjs.org/@lmdb%2flmdb-darwin-x64 set size:undefined disposed:false
811 silly fetch manifest parse5-sax-parser@^8.0.0
812 silly packumentCache full:https://registry.npmjs.org/parse5-sax-parser cache-miss
813 http fetch GET 200 https://registry.npmjs.org/@lmdb%2flmdb-win32-x64 109ms (cache miss)
814 silly packumentCache full:https://registry.npmjs.org/@lmdb%2flmdb-win32-x64 set size:undefined disposed:false
815 silly fetch manifest @napi-rs/nice@^1.0.4
816 silly packumentCache full:https://registry.npmjs.org/@napi-rs%2fnice cache-miss
817 http fetch GET 200 https://registry.npmjs.org/@lmdb%2flmdb-linux-x64 119ms (cache miss)
818 silly packumentCache full:https://registry.npmjs.org/@lmdb%2flmdb-linux-x64 set size:undefined disposed:false
819 silly fetch manifest @types/estree@1.0.8
820 silly packumentCache full:https://registry.npmjs.org/@types%2festree cache-miss
821 http fetch GET 200 https://registry.npmjs.org/@lmdb%2flmdb-win32-arm64 94ms (cache miss)
822 silly packumentCache full:https://registry.npmjs.org/@lmdb%2flmdb-win32-arm64 set size:undefined disposed:false
823 silly fetch manifest fsevents@~2.3.2
824 silly packumentCache full:https://registry.npmjs.org/fsevents cache-miss
825 http fetch GET 200 https://registry.npmjs.org/@lmdb%2flmdb-linux-arm 134ms (cache miss)
826 silly packumentCache full:https://registry.npmjs.org/@lmdb%2flmdb-linux-arm set size:undefined disposed:false
827 silly fetch manifest @rollup/rollup-darwin-x64@4.60.2
828 silly packumentCache full:https://registry.npmjs.org/@rollup%2frollup-darwin-x64 cache-miss
829 http fetch GET 200 https://registry.npmjs.org/entities 82ms (cache miss)
830 silly packumentCache full:https://registry.npmjs.org/entities set size:undefined disposed:false
831 silly fetch manifest @rollup/rollup-freebsd-x64@4.60.2
832 silly packumentCache full:https://registry.npmjs.org/@rollup%2frollup-freebsd-x64 cache-miss
833 http fetch GET 200 https://registry.npmjs.org/@lmdb%2flmdb-linux-arm64 167ms (cache miss)
834 silly packumentCache full:https://registry.npmjs.org/@lmdb%2flmdb-linux-arm64 set size:undefined disposed:false
835 silly fetch manifest @rollup/rollup-openbsd-x64@4.60.2
836 silly packumentCache full:https://registry.npmjs.org/@rollup%2frollup-openbsd-x64 cache-miss
837 http fetch GET 200 https://registry.npmjs.org/parse5-sax-parser 76ms (cache miss)
838 silly packumentCache full:https://registry.npmjs.org/parse5-sax-parser set size:undefined disposed:false
839 silly fetch manifest @rollup/rollup-darwin-arm64@4.60.2
840 silly packumentCache full:https://registry.npmjs.org/@rollup%2frollup-darwin-arm64 cache-miss
841 http fetch GET 200 https://registry.npmjs.org/@lmdb%2flmdb-darwin-arm64 163ms (cache miss)
842 silly packumentCache full:https://registry.npmjs.org/@lmdb%2flmdb-darwin-arm64 set size:undefined disposed:false
843 silly fetch manifest @rollup/rollup-android-arm64@4.60.2
844 silly packumentCache full:https://registry.npmjs.org/@rollup%2frollup-android-arm64 cache-miss
845 http fetch GET 200 https://registry.npmjs.org/fsevents 80ms (cache miss)
846 silly packumentCache full:https://registry.npmjs.org/fsevents set size:undefined disposed:false
847 silly fetch manifest @rollup/rollup-freebsd-arm64@4.60.2
848 silly packumentCache full:https://registry.npmjs.org/@rollup%2frollup-freebsd-arm64 cache-miss
849 http fetch GET 200 https://registry.npmjs.org/@rollup%2frollup-openbsd-x64 144ms (cache miss)
850 silly packumentCache full:https://registry.npmjs.org/@rollup%2frollup-openbsd-x64 set size:undefined disposed:false
851 silly fetch manifest @rollup/rollup-linux-x64-gnu@4.60.2
852 silly packumentCache full:https://registry.npmjs.org/@rollup%2frollup-linux-x64-gnu cache-miss
853 http fetch GET 200 https://registry.npmjs.org/@types%2festree 201ms (cache miss)
854 silly packumentCache full:https://registry.npmjs.org/@types%2festree set size:undefined disposed:false
855 silly fetch manifest @rollup/rollup-win32-x64-gnu@4.60.2
856 silly packumentCache full:https://registry.npmjs.org/@rollup%2frollup-win32-x64-gnu cache-miss
857 http fetch GET 200 https://registry.npmjs.org/@rollup%2frollup-freebsd-x64 155ms (cache miss)
858 silly packumentCache full:https://registry.npmjs.org/@rollup%2frollup-freebsd-x64 set size:undefined disposed:false
859 silly fetch manifest @rollup/rollup-linux-x64-musl@4.60.2
860 silly packumentCache full:https://registry.npmjs.org/@rollup%2frollup-linux-x64-musl cache-miss
861 http fetch GET 200 https://registry.npmjs.org/@rollup%2frollup-darwin-arm64 142ms (cache miss)
862 silly packumentCache full:https://registry.npmjs.org/@rollup%2frollup-darwin-arm64 set size:undefined disposed:false
863 silly fetch manifest @rollup/rollup-win32-x64-msvc@4.60.2
864 silly packumentCache full:https://registry.npmjs.org/@rollup%2frollup-win32-x64-msvc cache-miss
865 http fetch GET 200 https://registry.npmjs.org/@rollup%2frollup-darwin-x64 193ms (cache miss)
866 silly packumentCache full:https://registry.npmjs.org/@rollup%2frollup-darwin-x64 set size:undefined disposed:false
867 silly fetch manifest @rollup/rollup-linux-arm64-gnu@4.60.2
868 silly packumentCache full:https://registry.npmjs.org/@rollup%2frollup-linux-arm64-gnu cache-miss
869 http fetch GET 200 https://registry.npmjs.org/@rollup%2frollup-android-arm64 133ms (cache miss)
870 silly packumentCache full:https://registry.npmjs.org/@rollup%2frollup-android-arm64 set size:undefined disposed:false
871 silly fetch manifest @rollup/rollup-linux-ppc64-gnu@4.60.2
872 silly packumentCache full:https://registry.npmjs.org/@rollup%2frollup-linux-ppc64-gnu cache-miss
873 http fetch GET 200 https://registry.npmjs.org/@napi-rs%2fnice 263ms (cache miss)
874 silly packumentCache full:https://registry.npmjs.org/@napi-rs%2fnice set size:undefined disposed:false
875 silly fetch manifest @rollup/rollup-linux-s390x-gnu@4.60.2
876 silly packumentCache full:https://registry.npmjs.org/@rollup%2frollup-linux-s390x-gnu cache-miss
877 http fetch GET 200 https://registry.npmjs.org/@rollup%2frollup-freebsd-arm64 186ms (cache miss)
878 silly packumentCache full:https://registry.npmjs.org/@rollup%2frollup-freebsd-arm64 set size:undefined disposed:false
879 silly fetch manifest @rollup/rollup-win32-ia32-msvc@4.60.2
880 silly packumentCache full:https://registry.npmjs.org/@rollup%2frollup-win32-ia32-msvc cache-miss
881 http fetch GET 200 https://registry.npmjs.org/@rollup%2frollup-win32-x64-gnu 97ms (cache miss)
882 silly packumentCache full:https://registry.npmjs.org/@rollup%2frollup-win32-x64-gnu set size:undefined disposed:false
883 silly fetch manifest @rollup/rollup-android-arm-eabi@4.60.2
884 silly packumentCache full:https://registry.npmjs.org/@rollup%2frollup-android-arm-eabi cache-miss
885 http fetch GET 200 https://registry.npmjs.org/@rollup%2frollup-win32-x64-msvc 101ms (cache miss)
886 silly packumentCache full:https://registry.npmjs.org/@rollup%2frollup-win32-x64-msvc set size:undefined disposed:false
887 silly fetch manifest @rollup/rollup-linux-arm64-musl@4.60.2
888 silly packumentCache full:https://registry.npmjs.org/@rollup%2frollup-linux-arm64-musl cache-miss
889 http fetch GET 200 https://registry.npmjs.org/@rollup%2frollup-linux-x64-musl 106ms (cache miss)
890 silly packumentCache full:https://registry.npmjs.org/@rollup%2frollup-linux-x64-musl set size:undefined disposed:false
891 silly fetch manifest @rollup/rollup-linux-ppc64-musl@4.60.2
892 silly packumentCache full:https://registry.npmjs.org/@rollup%2frollup-linux-ppc64-musl cache-miss
893 http fetch GET 200 https://registry.npmjs.org/@harperfast%2fextended-iterable 501ms (cache miss)
894 silly packumentCache full:https://registry.npmjs.org/@harperfast%2fextended-iterable set size:undefined disposed:false
895 silly fetch manifest @rollup/rollup-win32-arm64-msvc@4.60.2
896 silly packumentCache full:https://registry.npmjs.org/@rollup%2frollup-win32-arm64-msvc cache-miss
897 http fetch GET 200 https://registry.npmjs.org/@rollup%2frollup-linux-arm64-gnu 133ms (cache miss)
898 silly packumentCache full:https://registry.npmjs.org/@rollup%2frollup-linux-arm64-gnu set size:undefined disposed:false
899 silly fetch manifest @rollup/rollup-linux-loong64-gnu@4.60.2
900 silly packumentCache full:https://registry.npmjs.org/@rollup%2frollup-linux-loong64-gnu cache-miss
901 http fetch GET 200 https://registry.npmjs.org/@rollup%2frollup-linux-ppc64-gnu 130ms (cache miss)
902 silly packumentCache full:https://registry.npmjs.org/@rollup%2frollup-linux-ppc64-gnu set size:undefined disposed:false
903 silly fetch manifest @rollup/rollup-linux-riscv64-gnu@4.60.2
904 silly packumentCache full:https://registry.npmjs.org/@rollup%2frollup-linux-riscv64-gnu cache-miss
905 http fetch GET 200 https://registry.npmjs.org/@rollup%2frollup-linux-s390x-gnu 98ms (cache miss)
906 silly packumentCache full:https://registry.npmjs.org/@rollup%2frollup-linux-s390x-gnu set size:undefined disposed:false
907 silly fetch manifest @rollup/rollup-openharmony-arm64@4.60.2
908 silly packumentCache full:https://registry.npmjs.org/@rollup%2frollup-openharmony-arm64 cache-miss
909 http fetch GET 200 https://registry.npmjs.org/@rollup%2frollup-win32-ia32-msvc 119ms (cache miss)
910 silly packumentCache full:https://registry.npmjs.org/@rollup%2frollup-win32-ia32-msvc set size:undefined disposed:false
911 silly fetch manifest @rollup/rollup-linux-loong64-musl@4.60.2
912 silly packumentCache full:https://registry.npmjs.org/@rollup%2frollup-linux-loong64-musl cache-miss
913 http fetch GET 200 https://registry.npmjs.org/@rollup%2frollup-linux-arm64-musl 98ms (cache miss)
914 silly packumentCache full:https://registry.npmjs.org/@rollup%2frollup-linux-arm64-musl set size:undefined disposed:false
915 silly fetch manifest @rollup/rollup-linux-riscv64-musl@4.60.2
916 silly packumentCache full:https://registry.npmjs.org/@rollup%2frollup-linux-riscv64-musl cache-miss
917 http fetch GET 200 https://registry.npmjs.org/@rollup%2frollup-linux-ppc64-musl 100ms (cache miss)
918 silly packumentCache full:https://registry.npmjs.org/@rollup%2frollup-linux-ppc64-musl set size:undefined disposed:false
919 silly fetch manifest @rollup/rollup-linux-arm-gnueabihf@4.60.2
920 silly packumentCache full:https://registry.npmjs.org/@rollup%2frollup-linux-arm-gnueabihf cache-miss
921 http fetch GET 200 https://registry.npmjs.org/@rollup%2frollup-android-arm-eabi 120ms (cache miss)
922 silly packumentCache full:https://registry.npmjs.org/@rollup%2frollup-android-arm-eabi set size:undefined disposed:false
923 silly fetch manifest @rollup/rollup-linux-arm-musleabihf@4.60.2
924 silly packumentCache full:https://registry.npmjs.org/@rollup%2frollup-linux-arm-musleabihf cache-miss
925 http fetch GET 200 https://registry.npmjs.org/@rollup%2frollup-linux-x64-gnu 228ms (cache miss)
926 silly packumentCache full:https://registry.npmjs.org/@rollup%2frollup-linux-x64-gnu set size:undefined disposed:false
927 silly fetch manifest chokidar@^4.0.0
928 silly packumentCache full:https://registry.npmjs.org/chokidar cache-miss
929 http cache https://registry.npmjs.org/chokidar 2ms (cache hit)
930 silly packumentCache full:https://registry.npmjs.org/chokidar set size:255902 disposed:false
931 silly fetch manifest immutable@^5.1.5
932 silly packumentCache full:https://registry.npmjs.org/immutable cache-miss
933 http fetch GET 200 https://registry.npmjs.org/@rollup%2frollup-openharmony-arm64 204ms (cache miss)
934 silly packumentCache full:https://registry.npmjs.org/@rollup%2frollup-openharmony-arm64 set size:undefined disposed:false
935 silly fetch manifest source-map-js@>=0.6.2 <2.0.0
936 silly packumentCache full:https://registry.npmjs.org/source-map-js cache-miss
937 http fetch GET 200 https://registry.npmjs.org/@rollup%2frollup-linux-arm-gnueabihf 152ms (cache miss)
938 silly packumentCache full:https://registry.npmjs.org/@rollup%2frollup-linux-arm-gnueabihf set size:undefined disposed:false
939 silly fetch manifest @parcel/watcher@^2.4.1
940 silly packumentCache full:https://registry.npmjs.org/@parcel%2fwatcher cache-miss
941 http fetch GET 200 https://registry.npmjs.org/@rollup%2frollup-linux-loong64-musl 166ms (cache miss)
942 silly packumentCache full:https://registry.npmjs.org/@rollup%2frollup-linux-loong64-musl set size:undefined disposed:false
943 silly fetch manifest buffer-from@^1.0.0
944 silly packumentCache full:https://registry.npmjs.org/buffer-from cache-miss
945 http fetch GET 200 https://registry.npmjs.org/@rollup%2frollup-linux-loong64-gnu 225ms (cache miss)
946 silly packumentCache full:https://registry.npmjs.org/@rollup%2frollup-linux-loong64-gnu set size:undefined disposed:false
947 silly fetch manifest source-map@^0.6.0
948 silly packumentCache full:https://registry.npmjs.org/source-map cache-miss
949 http fetch GET 200 https://registry.npmjs.org/@rollup%2frollup-linux-arm-musleabihf 147ms (cache miss)
950 silly packumentCache full:https://registry.npmjs.org/@rollup%2frollup-linux-arm-musleabihf set size:undefined disposed:false
951 silly fetch manifest fdir@^6.5.0
952 silly packumentCache full:https://registry.npmjs.org/fdir cache-miss
953 http fetch GET 200 https://registry.npmjs.org/@rollup%2frollup-linux-riscv64-musl 163ms (cache miss)
954 silly packumentCache full:https://registry.npmjs.org/@rollup%2frollup-linux-riscv64-musl set size:undefined disposed:false
955 silly fetch manifest fdir@^6.5.0
956 silly packumentCache full:https://registry.npmjs.org/fdir cache-miss
957 http fetch GET 200 https://registry.npmjs.org/@rollup%2frollup-linux-riscv64-gnu 224ms (cache miss)
958 silly packumentCache full:https://registry.npmjs.org/@rollup%2frollup-linux-riscv64-gnu set size:undefined disposed:false
959 silly fetch manifest esbuild@^0.27.0
960 silly packumentCache full:https://registry.npmjs.org/esbuild cache-miss
961 http cache https://registry.npmjs.org/esbuild 2ms (cache hit)
962 silly packumentCache full:https://registry.npmjs.org/esbuild set size:1259608 disposed:false
963 silly fetch manifest postcss@^8.5.6
964 silly packumentCache full:https://registry.npmjs.org/postcss cache-miss
965 http cache https://registry.npmjs.org/postcss 3ms (cache hit)
966 silly packumentCache full:https://registry.npmjs.org/postcss set size:726591 disposed:false
967 silly fetch manifest fsevents@~2.3.3
968 silly packumentCache full:https://registry.npmjs.org/fsevents cache-miss
969 http fetch GET 200 https://registry.npmjs.org/@rollup%2frollup-win32-arm64-msvc 255ms (cache miss)
970 silly packumentCache full:https://registry.npmjs.org/@rollup%2frollup-win32-arm64-msvc set size:undefined disposed:false
971 silly fetch manifest graceful-fs@^4.1.2
972 silly packumentCache full:https://registry.npmjs.org/graceful-fs cache-miss
973 http fetch GET 200 https://registry.npmjs.org/immutable 157ms (cache miss)
974 silly packumentCache full:https://registry.npmjs.org/immutable set size:undefined disposed:false
975 silly fetch manifest glob-to-regexp@^0.4.1
976 silly packumentCache full:https://registry.npmjs.org/glob-to-regexp cache-miss
977 http cache https://registry.npmjs.org/fsevents 8ms (cache hit)
978 silly packumentCache full:https://registry.npmjs.org/fsevents set size:182472 disposed:false
979 http fetch GET 200 https://registry.npmjs.org/source-map-js 152ms (cache miss)
980 silly packumentCache full:https://registry.npmjs.org/source-map-js set size:undefined disposed:false
981 http fetch GET 200 https://registry.npmjs.org/buffer-from 148ms (cache miss)
982 silly packumentCache full:https://registry.npmjs.org/buffer-from set size:undefined disposed:false
983 http fetch GET 200 https://registry.npmjs.org/glob-to-regexp 125ms (cache miss)
984 silly packumentCache full:https://registry.npmjs.org/glob-to-regexp set size:undefined disposed:false
985 http fetch GET 200 https://registry.npmjs.org/fdir 147ms (cache miss)
986 silly packumentCache full:https://registry.npmjs.org/fdir set size:undefined disposed:false
987 http fetch GET 200 https://registry.npmjs.org/@parcel%2fwatcher 152ms (cache miss)
988 silly packumentCache full:https://registry.npmjs.org/@parcel%2fwatcher set size:undefined disposed:false
989 http fetch GET 200 https://registry.npmjs.org/fdir 147ms (cache miss)
990 silly packumentCache full:https://registry.npmjs.org/fdir set size:undefined disposed:false
991 http fetch GET 200 https://registry.npmjs.org/graceful-fs 132ms (cache miss)
992 silly packumentCache full:https://registry.npmjs.org/graceful-fs set size:undefined disposed:false
993 http fetch GET 200 https://registry.npmjs.org/source-map 152ms (cache miss)
994 silly packumentCache full:https://registry.npmjs.org/source-map set size:undefined disposed:false
995 silly placeDep ROOT @jridgewell/gen-mapping@0.3.13 OK for: @ampproject/remapping@2.3.0 want: ^0.3.5
996 silly placeDep ROOT @jridgewell/trace-mapping@0.3.31 OK for: @ampproject/remapping@2.3.0 want: ^0.3.24
997 silly fetch manifest @jridgewell/sourcemap-codec@^1.5.0
998 silly packumentCache full:https://registry.npmjs.org/@jridgewell%2fsourcemap-codec cache-hit
999 silly fetch manifest @jridgewell/resolve-uri@^3.1.0
1000 silly packumentCache full:https://registry.npmjs.org/@jridgewell%2fresolve-uri cache-miss
1001 http fetch GET 200 https://registry.npmjs.org/@jridgewell%2fresolve-uri 227ms (cache miss)
1002 silly packumentCache full:https://registry.npmjs.org/@jridgewell%2fresolve-uri set size:undefined disposed:false
1003 silly placeDep ROOT @angular-devkit/core@22.0.4 OK for: @angular-devkit/architect@0.2200.4 want: 22.0.4
1004 silly fetch manifest ajv@8.20.0
1005 silly packumentCache full:https://registry.npmjs.org/ajv cache-miss
1006 silly fetch manifest source-map@0.7.6
1007 silly packumentCache full:https://registry.npmjs.org/source-map cache-miss
1008 silly fetch manifest ajv-formats@3.0.1
1009 silly packumentCache full:https://registry.npmjs.org/ajv-formats cache-miss
1010 http cache https://registry.npmjs.org/source-map 4ms (cache hit)
1011 silly packumentCache full:https://registry.npmjs.org/source-map set size:226267 disposed:false
1012 http fetch GET 200 https://registry.npmjs.org/ajv-formats 107ms (cache miss)
1013 silly packumentCache full:https://registry.npmjs.org/ajv-formats set size:undefined disposed:false
1014 http fetch GET 200 https://registry.npmjs.org/ajv 114ms (cache miss)
1015 silly packumentCache full:https://registry.npmjs.org/ajv set size:undefined disposed:false
1016 silly placeDep ROOT ajv@8.20.0 OK for: @angular-devkit/core@22.0.4 want: 8.20.0
1017 silly placeDep ROOT ajv-formats@3.0.1 OK for: @angular-devkit/core@22.0.4 want: 3.0.1
1018 silly placeDep ROOT source-map@0.7.6 OK for: @angular-devkit/core@22.0.4 want: 0.7.6
1019 silly fetch manifest fast-deep-equal@^3.1.3
1020 silly packumentCache full:https://registry.npmjs.org/fast-deep-equal cache-miss
1021 silly fetch manifest fast-uri@^3.0.1
1022 silly packumentCache full:https://registry.npmjs.org/fast-uri cache-miss
1023 silly fetch manifest json-schema-traverse@^1.0.0
1024 silly packumentCache full:https://registry.npmjs.org/json-schema-traverse cache-miss
1025 silly fetch manifest require-from-string@^2.0.2
1026 silly packumentCache full:https://registry.npmjs.org/require-from-string cache-miss
1027 http fetch GET 200 https://registry.npmjs.org/require-from-string 164ms (cache miss)
1028 silly packumentCache full:https://registry.npmjs.org/require-from-string set size:undefined disposed:false
1029 http fetch GET 200 https://registry.npmjs.org/fast-deep-equal 166ms (cache miss)
1030 silly packumentCache full:https://registry.npmjs.org/fast-deep-equal set size:undefined disposed:false
1031 http fetch GET 200 https://registry.npmjs.org/json-schema-traverse 165ms (cache miss)
1032 silly packumentCache full:https://registry.npmjs.org/json-schema-traverse set size:undefined disposed:false
1033 http fetch GET 200 https://registry.npmjs.org/fast-uri 166ms (cache miss)
1034 silly packumentCache full:https://registry.npmjs.org/fast-uri set size:undefined disposed:false
1035 silly placeDep ROOT @angular-devkit/schematics@22.0.4 OK for: @angular/cli@22.0.4 want: 22.0.4
1036 silly placeDep ROOT @inquirer/prompts@8.4.2 OK for: @angular/cli@22.0.4 want: 8.4.2
1037 silly placeDep ROOT @listr2/prompt-adapter-inquirer@4.2.3 OK for: @angular/cli@22.0.4 want: 4.2.3
1038 silly placeDep ROOT @modelcontextprotocol/sdk@1.29.0 OK for: @angular/cli@22.0.4 want: 1.29.0
1039 silly placeDep ROOT @schematics/angular@22.0.4 OK for: @angular/cli@22.0.4 want: 22.0.4
1040 silly placeDep ROOT @yarnpkg/lockfile@1.1.0 OK for: @angular/cli@22.0.4 want: 1.1.0
1041 silly placeDep ROOT algoliasearch@5.52.0 OK for: @angular/cli@22.0.4 want: 5.52.0
1042 silly placeDep ROOT ini@6.0.0 OK for: @angular/cli@22.0.4 want: 6.0.0
1043 silly placeDep ROOT npm-package-arg@13.0.2 OK for: @angular/cli@22.0.4 want: 13.0.2
1044 silly placeDep ROOT pacote@21.5.1 OK for: @angular/cli@22.0.4 want: 21.5.1
1045 silly placeDep ROOT yargs@18.0.0 OK for: @angular/cli@22.0.4 want: 18.0.0
1046 silly placeDep ROOT zod@4.4.2 OK for: @angular/cli@22.0.4 want: 4.4.2
1047 silly fetch manifest ora@9.4.0
1048 silly packumentCache full:https://registry.npmjs.org/ora cache-miss
1049 silly fetch manifest @inquirer/input@^5.0.12
1050 silly packumentCache full:https://registry.npmjs.org/@inquirer%2finput cache-miss
1051 silly fetch manifest @inquirer/editor@^5.1.1
1052 silly packumentCache full:https://registry.npmjs.org/@inquirer%2feditor cache-miss
1053 silly fetch manifest @inquirer/expand@^5.0.13
1054 silly packumentCache full:https://registry.npmjs.org/@inquirer%2fexpand cache-miss
1055 silly fetch manifest @inquirer/number@^4.0.12
1056 silly packumentCache full:https://registry.npmjs.org/@inquirer%2fnumber cache-miss
1057 silly fetch manifest @inquirer/search@^4.1.8
1058 silly packumentCache full:https://registry.npmjs.org/@inquirer%2fsearch cache-miss
1059 silly fetch manifest @inquirer/select@^5.1.4
1060 silly packumentCache full:https://registry.npmjs.org/@inquirer%2fselect cache-miss
1061 silly fetch manifest @inquirer/rawlist@^5.2.8
1062 silly packumentCache full:https://registry.npmjs.org/@inquirer%2frawlist cache-miss
1063 silly fetch manifest @inquirer/checkbox@^5.1.4
1064 silly packumentCache full:https://registry.npmjs.org/@inquirer%2fcheckbox cache-miss
1065 http fetch GET 200 https://registry.npmjs.org/ora 78ms (cache miss)
1066 silly packumentCache full:https://registry.npmjs.org/ora set size:undefined disposed:false
1067 silly fetch manifest @inquirer/password@^5.0.12
1068 silly packumentCache full:https://registry.npmjs.org/@inquirer%2fpassword cache-miss
1069 http fetch GET 200 https://registry.npmjs.org/@inquirer%2fexpand 116ms (cache miss)
1070 silly packumentCache full:https://registry.npmjs.org/@inquirer%2fexpand set size:undefined disposed:false
1071 silly fetch manifest zod@^3.25 || ^4.0
1072 silly packumentCache full:https://registry.npmjs.org/zod cache-miss
1073 http fetch GET 200 https://registry.npmjs.org/@inquirer%2fselect 118ms (cache miss)
1074 silly packumentCache full:https://registry.npmjs.org/@inquirer%2fselect set size:undefined disposed:false
1075 silly fetch manifest cors@^2.8.5
1076 silly packumentCache full:https://registry.npmjs.org/cors cache-miss
1077 http cache https://registry.npmjs.org/zod 7ms (cache hit)
1078 silly packumentCache full:https://registry.npmjs.org/zod set size:3552562 disposed:false
1079 silly fetch manifest hono@^4.11.4
1080 silly packumentCache full:https://registry.npmjs.org/hono cache-miss
1081 http fetch GET 200 https://registry.npmjs.org/@inquirer%2finput 133ms (cache miss)
1082 silly packumentCache full:https://registry.npmjs.org/@inquirer%2finput set size:undefined disposed:false
1083 silly fetch manifest jose@^6.1.3
1084 silly packumentCache full:https://registry.npmjs.org/jose cache-miss
1085 http fetch GET 200 https://registry.npmjs.org/@inquirer%2fsearch 133ms (cache miss)
1086 silly packumentCache full:https://registry.npmjs.org/@inquirer%2fsearch set size:undefined disposed:false
1087 silly fetch manifest express@^5.2.1
1088 silly packumentCache full:https://registry.npmjs.org/express cache-miss
1089 http fetch GET 200 https://registry.npmjs.org/@inquirer%2feditor 140ms (cache miss)
1090 silly packumentCache full:https://registry.npmjs.org/@inquirer%2feditor set size:undefined disposed:false
1091 silly fetch manifest raw-body@^3.0.0
1092 silly packumentCache full:https://registry.npmjs.org/raw-body cache-miss
1093 http fetch GET 200 https://registry.npmjs.org/@inquirer%2fnumber 142ms (cache miss)
1094 silly packumentCache full:https://registry.npmjs.org/@inquirer%2fnumber set size:undefined disposed:false
1095 silly fetch manifest cross-spawn@^7.0.5
1096 silly packumentCache full:https://registry.npmjs.org/cross-spawn cache-miss
1097 http fetch GET 200 https://registry.npmjs.org/@inquirer%2frawlist 142ms (cache miss)
1098 silly packumentCache full:https://registry.npmjs.org/@inquirer%2frawlist set size:undefined disposed:false
1099 silly fetch manifest eventsource@^3.0.2
1100 silly packumentCache full:https://registry.npmjs.org/eventsource cache-miss
1101 http fetch GET 200 https://registry.npmjs.org/@inquirer%2fcheckbox 143ms (cache miss)
1102 silly packumentCache full:https://registry.npmjs.org/@inquirer%2fcheckbox set size:undefined disposed:false
1103 silly fetch manifest content-type@^1.0.5
1104 silly packumentCache full:https://registry.npmjs.org/content-type cache-miss
1105 http fetch GET 200 https://registry.npmjs.org/@inquirer%2fpassword 104ms (cache miss)
1106 silly packumentCache full:https://registry.npmjs.org/@inquirer%2fpassword set size:undefined disposed:false
1107 silly fetch manifest pkce-challenge@^5.0.0
1108 silly packumentCache full:https://registry.npmjs.org/pkce-challenge cache-miss
1109 http fetch GET 200 https://registry.npmjs.org/cors 84ms (cache miss)
1110 silly packumentCache full:https://registry.npmjs.org/cors set size:undefined disposed:false
1111 silly fetch manifest @hono/node-server@^1.19.9
1112 silly packumentCache full:https://registry.npmjs.org/@hono%2fnode-server cache-miss
1113 http fetch GET 200 https://registry.npmjs.org/content-type 90ms (cache miss)
1114 silly packumentCache full:https://registry.npmjs.org/content-type set size:undefined disposed:false
1115 silly fetch manifest json-schema-typed@^8.0.2
1116 silly packumentCache full:https://registry.npmjs.org/json-schema-typed cache-miss
1117 http fetch GET 200 https://registry.npmjs.org/cross-spawn 99ms (cache miss)
1118 silly packumentCache full:https://registry.npmjs.org/cross-spawn set size:undefined disposed:false
1119 silly fetch manifest eventsource-parser@^3.0.0
1120 silly packumentCache full:https://registry.npmjs.org/eventsource-parser cache-miss
1121 http fetch GET 200 https://registry.npmjs.org/raw-body 105ms (cache miss)
1122 silly packumentCache full:https://registry.npmjs.org/raw-body set size:undefined disposed:false
1123 silly fetch manifest express-rate-limit@^8.2.1
1124 silly packumentCache full:https://registry.npmjs.org/express-rate-limit cache-miss
1125 http fetch GET 200 https://registry.npmjs.org/eventsource 105ms (cache miss)
1126 silly packumentCache full:https://registry.npmjs.org/eventsource set size:undefined disposed:false
1127 silly fetch manifest zod-to-json-schema@^3.25.1
1128 silly packumentCache full:https://registry.npmjs.org/zod-to-json-schema cache-miss
1129 http fetch GET 200 https://registry.npmjs.org/jose 132ms (cache miss)
1130 silly packumentCache full:https://registry.npmjs.org/jose set size:undefined disposed:false
1131 silly fetch manifest @algolia/abtesting@1.18.0
1132 silly packumentCache full:https://registry.npmjs.org/@algolia%2fabtesting cache-miss
1133 http fetch GET 200 https://registry.npmjs.org/pkce-challenge 93ms (cache miss)
1134 silly packumentCache full:https://registry.npmjs.org/pkce-challenge set size:undefined disposed:false
1135 silly fetch manifest @algolia/ingestion@1.52.0
1136 silly packumentCache full:https://registry.npmjs.org/@algolia%2fingestion cache-miss
1137 http fetch GET 200 https://registry.npmjs.org/express 147ms (cache miss)
1138 silly packumentCache full:https://registry.npmjs.org/express set size:undefined disposed:false
1139 silly fetch manifest @algolia/recommend@5.52.0
1140 silly packumentCache full:https://registry.npmjs.org/@algolia%2frecommend cache-miss
1141 http fetch GET 200 https://registry.npmjs.org/hono 161ms (cache miss)
1142 silly packumentCache full:https://registry.npmjs.org/hono set size:undefined disposed:false
1143 silly fetch manifest @algolia/monitoring@1.52.0
1144 silly packumentCache full:https://registry.npmjs.org/@algolia%2fmonitoring cache-miss
1145 http fetch GET 200 https://registry.npmjs.org/@hono%2fnode-server 133ms (cache miss)
1146 silly packumentCache full:https://registry.npmjs.org/@hono%2fnode-server set size:undefined disposed:false
1147 silly fetch manifest @algolia/client-common@5.52.0
1148 silly packumentCache full:https://registry.npmjs.org/@algolia%2fclient-common cache-miss
1149 http fetch GET 200 https://registry.npmjs.org/json-schema-typed 122ms (cache miss)
1150 silly packumentCache full:https://registry.npmjs.org/json-schema-typed set size:undefined disposed:false
1151 silly fetch manifest @algolia/client-search@5.52.0
1152 silly packumentCache full:https://registry.npmjs.org/@algolia%2fclient-search cache-miss
1153 http fetch GET 200 https://registry.npmjs.org/eventsource-parser 117ms (cache miss)
1154 silly packumentCache full:https://registry.npmjs.org/eventsource-parser set size:undefined disposed:false
1155 silly fetch manifest @algolia/client-insights@5.52.0
1156 silly packumentCache full:https://registry.npmjs.org/@algolia%2fclient-insights cache-miss
1157 http fetch GET 200 https://registry.npmjs.org/express-rate-limit 114ms (cache miss)
1158 silly packumentCache full:https://registry.npmjs.org/express-rate-limit set size:undefined disposed:false
1159 silly fetch manifest @algolia/requester-fetch@5.52.0
1160 silly packumentCache full:https://registry.npmjs.org/@algolia%2frequester-fetch cache-miss
1161 http fetch GET 200 https://registry.npmjs.org/zod-to-json-schema 126ms (cache miss)
1162 silly packumentCache full:https://registry.npmjs.org/zod-to-json-schema set size:undefined disposed:false
1163 silly fetch manifest @algolia/client-abtesting@5.52.0
1164 silly packumentCache full:https://registry.npmjs.org/@algolia%2fclient-abtesting cache-miss
1165 http fetch GET 200 https://registry.npmjs.org/@algolia%2fabtesting 111ms (cache miss)
1166 silly packumentCache full:https://registry.npmjs.org/@algolia%2fabtesting set size:undefined disposed:false
1167 silly fetch manifest @algolia/client-analytics@5.52.0
1168 silly packumentCache full:https://registry.npmjs.org/@algolia%2fclient-analytics cache-miss
1169 http fetch GET 200 https://registry.npmjs.org/@algolia%2fingestion 117ms (cache miss)
1170 silly packumentCache full:https://registry.npmjs.org/@algolia%2fingestion set size:undefined disposed:false
1171 silly fetch manifest @algolia/requester-node-http@5.52.0
1172 silly packumentCache full:https://registry.npmjs.org/@algolia%2frequester-node-http cache-miss
1173 http fetch GET 200 https://registry.npmjs.org/@algolia%2frecommend 129ms (cache miss)
1174 silly packumentCache full:https://registry.npmjs.org/@algolia%2frecommend set size:undefined disposed:false
1175 silly fetch manifest @algolia/requester-browser-xhr@5.52.0
1176 silly packumentCache full:https://registry.npmjs.org/@algolia%2frequester-browser-xhr cache-miss
1177 http fetch GET 200 https://registry.npmjs.org/@algolia%2fmonitoring 205ms (cache miss)
1178 silly packumentCache full:https://registry.npmjs.org/@algolia%2fmonitoring set size:undefined disposed:false
1179 silly fetch manifest @algolia/client-personalization@5.52.0
1180 silly packumentCache full:https://registry.npmjs.org/@algolia%2fclient-personalization cache-miss
1181 http fetch GET 200 https://registry.npmjs.org/@algolia%2fclient-common 183ms (cache miss)
1182 silly packumentCache full:https://registry.npmjs.org/@algolia%2fclient-common set size:undefined disposed:false
1183 silly fetch manifest @algolia/client-query-suggestions@5.52.0
1184 silly packumentCache full:https://registry.npmjs.org/@algolia%2fclient-query-suggestions cache-miss
1185 http fetch GET 200 https://registry.npmjs.org/@algolia%2fclient-search 170ms (cache miss)
1186 silly packumentCache full:https://registry.npmjs.org/@algolia%2fclient-search set size:undefined disposed:false
1187 silly fetch manifest proc-log@^6.0.0
1188 silly packumentCache full:https://registry.npmjs.org/proc-log cache-miss
1189 http fetch GET 200 https://registry.npmjs.org/@algolia%2fclient-insights 174ms (cache miss)
1190 silly packumentCache full:https://registry.npmjs.org/@algolia%2fclient-insights set size:undefined disposed:false
1191 silly fetch manifest hosted-git-info@^9.0.0
1192 silly packumentCache full:https://registry.npmjs.org/hosted-git-info cache-miss
1193 http fetch GET 200 https://registry.npmjs.org/@algolia%2fclient-analytics 155ms (cache miss)
1194 silly packumentCache full:https://registry.npmjs.org/@algolia%2fclient-analytics set size:undefined disposed:false
1195 silly fetch manifest validate-npm-package-name@^7.0.0
1196 silly packumentCache full:https://registry.npmjs.org/validate-npm-package-name cache-miss
1197 http fetch GET 200 https://registry.npmjs.org/@algolia%2frequester-node-http 145ms (cache miss)
1198 silly packumentCache full:https://registry.npmjs.org/@algolia%2frequester-node-http set size:undefined disposed:false
1199 silly fetch manifest tar@^7.4.3
1200 silly packumentCache full:https://registry.npmjs.org/tar cache-miss
1201 http fetch GET 200 https://registry.npmjs.org/@algolia%2frequester-fetch 184ms (cache miss)
1202 silly packumentCache full:https://registry.npmjs.org/@algolia%2frequester-fetch set size:undefined disposed:false
1203 silly fetch manifest ssri@^13.0.0
1204 silly packumentCache full:https://registry.npmjs.org/ssri cache-miss
1205 http fetch GET 200 https://registry.npmjs.org/@algolia%2fclient-abtesting 172ms (cache miss)
1206 silly packumentCache full:https://registry.npmjs.org/@algolia%2fclient-abtesting set size:undefined disposed:false
1207 silly fetch manifest cacache@^20.0.0
1208 silly packumentCache full:https://registry.npmjs.org/cacache cache-miss
1209 http fetch GET 200 https://registry.npmjs.org/proc-log 71ms (cache miss)
1210 silly packumentCache full:https://registry.npmjs.org/proc-log set size:undefined disposed:false
1211 silly fetch manifest minipass@^7.0.2
1212 silly packumentCache full:https://registry.npmjs.org/minipass cache-miss
1213 http fetch GET 200 https://registry.npmjs.org/@algolia%2frequester-browser-xhr 195ms (cache miss)
1214 silly packumentCache full:https://registry.npmjs.org/@algolia%2frequester-browser-xhr set size:undefined disposed:false
1215 silly fetch manifest sigstore@^4.0.0
1216 silly packumentCache full:https://registry.npmjs.org/sigstore cache-miss
1217 http fetch GET 200 https://registry.npmjs.org/hosted-git-info 86ms (cache miss)
1218 silly packumentCache full:https://registry.npmjs.org/hosted-git-info set size:undefined disposed:false
1219 silly fetch manifest @npmcli/git@^7.0.0
1220 silly packumentCache full:https://registry.npmjs.org/@npmcli%2fgit cache-miss
1221 http fetch GET 200 https://registry.npmjs.org/ssri 79ms (cache miss)
1222 silly packumentCache full:https://registry.npmjs.org/ssri set size:undefined disposed:false
1223 silly fetch manifest fs-minipass@^3.0.0
1224 silly packumentCache full:https://registry.npmjs.org/fs-minipass cache-miss
1225 http fetch GET 200 https://registry.npmjs.org/tar 96ms (cache miss)
1226 silly packumentCache full:https://registry.npmjs.org/tar set size:undefined disposed:false
1227 silly fetch manifest npm-packlist@^10.0.1
1228 silly packumentCache full:https://registry.npmjs.org/npm-packlist cache-miss
1229 http fetch GET 200 https://registry.npmjs.org/validate-npm-package-name 103ms (cache miss)
1230 silly packumentCache full:https://registry.npmjs.org/validate-npm-package-name set size:undefined disposed:false
1231 silly fetch manifest npm-pick-manifest@^11.0.1
1232 silly packumentCache full:https://registry.npmjs.org/npm-pick-manifest cache-miss
1233 http fetch GET 200 https://registry.npmjs.org/@algolia%2fclient-query-suggestions 123ms (cache miss)
1234 silly packumentCache full:https://registry.npmjs.org/@algolia%2fclient-query-suggestions set size:undefined disposed:false
1235 silly fetch manifest @gar/promise-retry@^1.0.0
1236 silly packumentCache full:https://registry.npmjs.org/@gar%2fpromise-retry cache-miss
1237 http fetch GET 200 https://registry.npmjs.org/@algolia%2fclient-personalization 152ms (cache miss)
1238 silly packumentCache full:https://registry.npmjs.org/@algolia%2fclient-personalization set size:undefined disposed:false
1239 silly fetch manifest @npmcli/run-script@^10.0.0
1240 silly packumentCache full:https://registry.npmjs.org/@npmcli%2frun-script cache-miss
1241 http fetch GET 200 https://registry.npmjs.org/cacache 120ms (cache miss)
1242 silly packumentCache full:https://registry.npmjs.org/cacache set size:undefined disposed:false
1243 silly fetch manifest npm-registry-fetch@^19.0.0
1244 silly packumentCache full:https://registry.npmjs.org/npm-registry-fetch cache-miss
1245 http fetch GET 200 https://registry.npmjs.org/sigstore 76ms (cache miss)
1246 silly packumentCache full:https://registry.npmjs.org/sigstore set size:undefined disposed:false
1247 silly fetch manifest @npmcli/package-json@^7.0.0
1248 silly packumentCache full:https://registry.npmjs.org/@npmcli%2fpackage-json cache-miss
1249 http fetch GET 200 https://registry.npmjs.org/minipass 88ms (cache miss)
1250 silly packumentCache full:https://registry.npmjs.org/minipass set size:undefined disposed:false
1251 silly fetch manifest @npmcli/promise-spawn@^9.0.0
1252 silly packumentCache full:https://registry.npmjs.org/@npmcli%2fpromise-spawn cache-miss
1253 http fetch GET 200 https://registry.npmjs.org/fs-minipass 73ms (cache miss)
1254 silly packumentCache full:https://registry.npmjs.org/fs-minipass set size:undefined disposed:false
1255 silly fetch manifest @npmcli/installed-package-contents@^4.0.0
1256 silly packumentCache full:https://registry.npmjs.org/@npmcli%2finstalled-package-contents cache-miss
1257 http fetch GET 200 https://registry.npmjs.org/npm-pick-manifest 78ms (cache miss)
1258 silly packumentCache full:https://registry.npmjs.org/npm-pick-manifest set size:undefined disposed:false
1259 silly fetch manifest y18n@^5.0.5
1260 silly packumentCache full:https://registry.npmjs.org/y18n cache-miss
1261 http fetch GET 200 https://registry.npmjs.org/npm-packlist 81ms (cache miss)
1262 silly packumentCache full:https://registry.npmjs.org/npm-packlist set size:undefined disposed:false
1263 silly fetch manifest cliui@^9.0.1
1264 silly packumentCache full:https://registry.npmjs.org/cliui cache-miss
1265 http fetch GET 200 https://registry.npmjs.org/@npmcli%2fgit 107ms (cache miss)
1266 silly packumentCache full:https://registry.npmjs.org/@npmcli%2fgit set size:undefined disposed:false
1267 silly fetch manifest escalade@^3.1.1
1268 silly packumentCache full:https://registry.npmjs.org/escalade cache-miss
1269 http fetch GET 200 https://registry.npmjs.org/@gar%2fpromise-retry 106ms (cache miss)
1270 silly packumentCache full:https://registry.npmjs.org/@gar%2fpromise-retry set size:undefined disposed:false
1271 silly fetch manifest string-width@^7.2.0
1272 silly packumentCache full:https://registry.npmjs.org/string-width cache-miss
1273 http fetch GET 200 https://registry.npmjs.org/npm-registry-fetch 102ms (cache miss)
1274 silly packumentCache full:https://registry.npmjs.org/npm-registry-fetch set size:undefined disposed:false
1275 silly fetch manifest yargs-parser@^22.0.0
1276 silly packumentCache full:https://registry.npmjs.org/yargs-parser cache-miss
1277 http fetch GET 200 https://registry.npmjs.org/@npmcli%2frun-script 115ms (cache miss)
1278 silly packumentCache full:https://registry.npmjs.org/@npmcli%2frun-script set size:undefined disposed:false
1279 silly fetch manifest get-caller-file@^2.0.5
1280 silly packumentCache full:https://registry.npmjs.org/get-caller-file cache-miss
1281 http fetch GET 200 https://registry.npmjs.org/@npmcli%2fpromise-spawn 98ms (cache miss)
1282 silly packumentCache full:https://registry.npmjs.org/@npmcli%2fpromise-spawn set size:undefined disposed:false
1283 http fetch GET 200 https://registry.npmjs.org/@npmcli%2fpackage-json 101ms (cache miss)
1284 silly packumentCache full:https://registry.npmjs.org/@npmcli%2fpackage-json set size:undefined disposed:false
1285 http fetch GET 200 https://registry.npmjs.org/y18n 73ms (cache miss)
1286 silly packumentCache full:https://registry.npmjs.org/y18n set size:undefined disposed:false
1287 http fetch GET 200 https://registry.npmjs.org/cliui 73ms (cache miss)
1288 silly packumentCache full:https://registry.npmjs.org/cliui set size:undefined disposed:false
1289 http fetch GET 200 https://registry.npmjs.org/escalade 73ms (cache miss)
1290 silly packumentCache full:https://registry.npmjs.org/escalade set size:undefined disposed:false
1291 http fetch GET 200 https://registry.npmjs.org/@npmcli%2finstalled-package-contents 103ms (cache miss)
1292 silly packumentCache full:https://registry.npmjs.org/@npmcli%2finstalled-package-contents set size:undefined disposed:false
1293 http fetch GET 200 https://registry.npmjs.org/string-width 605ms (cache miss)
1294 silly packumentCache full:https://registry.npmjs.org/string-width set size:undefined disposed:false
1295 http fetch GET 200 https://registry.npmjs.org/get-caller-file 628ms (cache miss)
1296 silly packumentCache full:https://registry.npmjs.org/get-caller-file set size:undefined disposed:false
1297 http fetch GET 200 https://registry.npmjs.org/yargs-parser 779ms (cache miss)
1298 silly packumentCache full:https://registry.npmjs.org/yargs-parser set size:undefined disposed:false
1299 silly placeDep ROOT ora@9.4.0 OK for: @angular-devkit/schematics@22.0.4 want: 9.4.0
1300 silly fetch manifest chalk@^5.6.2
1301 silly packumentCache full:https://registry.npmjs.org/chalk cache-miss
1302 silly fetch manifest cli-cursor@^5.0.0
1303 silly packumentCache full:https://registry.npmjs.org/cli-cursor cache-miss
1304 silly fetch manifest log-symbols@^7.0.1
1305 silly packumentCache full:https://registry.npmjs.org/log-symbols cache-miss
1306 silly fetch manifest cli-spinners@^3.2.0
1307 silly packumentCache full:https://registry.npmjs.org/cli-spinners cache-miss
1308 silly fetch manifest string-width@^8.1.0
1309 silly packumentCache full:https://registry.npmjs.org/string-width cache-miss
1310 silly fetch manifest is-interactive@^2.0.0
1311 silly packumentCache full:https://registry.npmjs.org/is-interactive cache-miss
1312 silly fetch manifest stdin-discarder@^0.3.2
1313 silly packumentCache full:https://registry.npmjs.org/stdin-discarder cache-miss
1314 silly fetch manifest is-unicode-supported@^2.1.0
1315 silly packumentCache full:https://registry.npmjs.org/is-unicode-supported cache-miss
1316 http cache https://registry.npmjs.org/string-width 5ms (cache hit)
1317 silly packumentCache full:https://registry.npmjs.org/string-width set size:70381 disposed:false
1318 http fetch GET 200 https://registry.npmjs.org/is-interactive 98ms (cache miss)
1319 silly packumentCache full:https://registry.npmjs.org/is-interactive set size:undefined disposed:false
1320 http fetch GET 200 https://registry.npmjs.org/stdin-discarder 98ms (cache miss)
1321 silly packumentCache full:https://registry.npmjs.org/stdin-discarder set size:undefined disposed:false
1322 http fetch GET 200 https://registry.npmjs.org/log-symbols 100ms (cache miss)
1323 silly packumentCache full:https://registry.npmjs.org/log-symbols set size:undefined disposed:false
1324 http fetch GET 200 https://registry.npmjs.org/is-unicode-supported 99ms (cache miss)
1325 silly packumentCache full:https://registry.npmjs.org/is-unicode-supported set size:undefined disposed:false
1326 http fetch GET 200 https://registry.npmjs.org/cli-spinners 101ms (cache miss)
1327 silly packumentCache full:https://registry.npmjs.org/cli-spinners set size:undefined disposed:false
1328 http fetch GET 200 https://registry.npmjs.org/cli-cursor 102ms (cache miss)
1329 silly packumentCache full:https://registry.npmjs.org/cli-cursor set size:undefined disposed:false
1330 http fetch GET 200 https://registry.npmjs.org/chalk 103ms (cache miss)
1331 silly packumentCache full:https://registry.npmjs.org/chalk set size:undefined disposed:false
1332 silly placeDep node_modules/@angular/compiler-cli @babel/core@7.29.7 OK for: @angular/compiler-cli@22.0.4 want: 7.29.7
1333 silly placeDep ROOT @jridgewell/sourcemap-codec@1.5.5 OK for: @angular/compiler-cli@22.0.4 want: ^1.4.14
1334 silly placeDep ROOT chokidar@5.0.0 OK for: @angular/compiler-cli@22.0.4 want: ^5.0.0
1335 silly placeDep ROOT convert-source-map@1.9.0 OK for: @angular/compiler-cli@22.0.4 want: ^1.5.1
1336 silly placeDep ROOT reflect-metadata@0.2.2 OK for: @angular/compiler-cli@22.0.4 want: ^0.2.0
1337 silly fetch manifest @babel/types@^7.29.7
1338 silly packumentCache full:https://registry.npmjs.org/@babel%2ftypes cache-hit
1339 silly fetch manifest @babel/parser@^7.29.7
1340 silly packumentCache full:https://registry.npmjs.org/@babel%2fparser cache-miss
1341 silly fetch manifest @babel/helpers@^7.29.7
1342 silly packumentCache full:https://registry.npmjs.org/@babel%2fhelpers cache-miss
1343 silly fetch manifest @babel/template@^7.29.7
1344 silly packumentCache full:https://registry.npmjs.org/@babel%2ftemplate cache-miss
1345 silly fetch manifest @babel/traverse@^7.29.7
1346 silly packumentCache full:https://registry.npmjs.org/@babel%2ftraverse cache-miss
1347 silly fetch manifest @babel/generator@^7.29.7
1348 silly packumentCache full:https://registry.npmjs.org/@babel%2fgenerator cache-miss
1349 silly fetch manifest @babel/code-frame@^7.29.7
1350 silly packumentCache full:https://registry.npmjs.org/@babel%2fcode-frame cache-miss
1351 silly fetch manifest @babel/helper-module-transforms@^7.29.7
1352 silly packumentCache full:https://registry.npmjs.org/@babel%2fhelper-module-transforms cache-miss
1353 silly fetch manifest @babel/helper-compilation-targets@^7.29.7
1354 silly packumentCache full:https://registry.npmjs.org/@babel%2fhelper-compilation-targets cache-miss
1355 silly fetch manifest readdirp@^5.0.0
1356 silly packumentCache full:https://registry.npmjs.org/readdirp cache-miss
1357 http cache https://registry.npmjs.org/@babel%2fhelpers 6ms (cache hit)
1358 silly packumentCache full:https://registry.npmjs.org/@babel%2fhelpers set size:398496 disposed:false
1359 http cache https://registry.npmjs.org/@babel%2ftemplate 8ms (cache hit)
1360 silly packumentCache full:https://registry.npmjs.org/@babel%2ftemplate set size:237074 disposed:false
1361 http cache https://registry.npmjs.org/@babel%2fparser 11ms (cache hit)
1362 silly packumentCache full:https://registry.npmjs.org/@babel%2fparser set size:732981 disposed:false
1363 http cache https://registry.npmjs.org/@babel%2fcode-frame 13ms (cache hit)
1364 silly packumentCache full:https://registry.npmjs.org/@babel%2fcode-frame set size:206617 disposed:false
1365 http cache https://registry.npmjs.org/@babel%2ftraverse 16ms (cache hit)
1366 silly packumentCache full:https://registry.npmjs.org/@babel%2ftraverse set size:560074 disposed:false
1367 http cache https://registry.npmjs.org/@babel%2fgenerator 17ms (cache hit)
1368 silly packumentCache full:https://registry.npmjs.org/@babel%2fgenerator set size:520504 disposed:false
1369 http cache https://registry.npmjs.org/@babel%2fhelper-module-transforms 20ms (cache hit)
1370 silly packumentCache full:https://registry.npmjs.org/@babel%2fhelper-module-transforms set size:346454 disposed:false
1371 http cache https://registry.npmjs.org/@babel%2fhelper-compilation-targets 24ms (cache hit)
1372 silly packumentCache full:https://registry.npmjs.org/@babel%2fhelper-compilation-targets set size:229541 disposed:false
1373 http fetch GET 200 https://registry.npmjs.org/readdirp 136ms (cache miss)
1374 silly packumentCache full:https://registry.npmjs.org/readdirp set size:undefined disposed:false
1375 silly placeDep ROOT @standard-schema/spec@1.1.0 OK for: @angular/forms@22.0.4 want: ^1.0.0
1376 silly placeDep ROOT @babel/code-frame@7.29.7 OK for: @babel/core@7.29.0 want: ^7.29.0
1377 silly placeDep ROOT @babel/generator@7.29.7 OK for: @babel/core@7.29.0 want: ^7.29.0
1378 silly placeDep ROOT @babel/helper-compilation-targets@7.29.7 OK for: @babel/core@7.29.0 want: ^7.28.6
1379 silly placeDep ROOT @babel/helper-module-transforms@7.29.7 OK for: @babel/core@7.29.0 want: ^7.28.6
1380 silly placeDep ROOT @babel/helpers@7.29.7 OK for: @babel/core@7.29.0 want: ^7.28.6
1381 silly placeDep ROOT @babel/parser@7.29.7 OK for: @babel/core@7.29.0 want: ^7.29.0
1382 silly placeDep ROOT @babel/template@7.29.7 OK for: @babel/core@7.29.0 want: ^7.28.6
1383 silly placeDep ROOT @babel/traverse@7.29.7 OK for: @babel/core@7.29.0 want: ^7.29.0
1384 silly placeDep ROOT @babel/types@7.29.7 OK for: @babel/core@7.29.0 want: ^7.29.0
1385 silly placeDep ROOT @jridgewell/remapping@2.3.5 OK for: @babel/core@7.29.0 want: ^2.3.5
1386 silly placeDep node_modules/@babel/core convert-source-map@2.0.0 OK for: @babel/core@7.29.0 want: ^2.0.0
1387 silly placeDep ROOT debug@4.4.3 OK for: @babel/core@7.29.0 want: ^4.1.0
1388 silly placeDep ROOT gensync@1.0.0-beta.2 OK for: @babel/core@7.29.0 want: ^1.0.0-beta.2
1389 silly placeDep ROOT json5@2.2.3 OK for: @babel/core@7.29.0 want: ^2.2.3
1390 silly placeDep node_modules/@babel/core semver@6.3.1 OK for: @babel/core@7.29.0 want: ^6.3.1
1391 silly fetch manifest js-tokens@^4.0.0
1392 silly packumentCache full:https://registry.npmjs.org/js-tokens cache-miss
1393 silly fetch manifest @babel/helper-validator-identifier@^7.29.7
1394 silly packumentCache full:https://registry.npmjs.org/@babel%2fhelper-validator-identifier cache-miss
1395 silly fetch manifest jsesc@^3.0.2
1396 silly packumentCache full:https://registry.npmjs.org/jsesc cache-miss
1397 silly fetch manifest lru-cache@^5.1.1
1398 silly packumentCache full:https://registry.npmjs.org/lru-cache cache-miss
1399 silly fetch manifest @babel/compat-data@^7.29.7
1400 silly packumentCache full:https://registry.npmjs.org/@babel%2fcompat-data cache-miss
1401 silly fetch manifest @babel/helper-validator-option@^7.29.7
1402 silly packumentCache full:https://registry.npmjs.org/@babel%2fhelper-validator-option cache-miss
1403 silly fetch manifest @babel/helper-module-imports@^7.29.7
1404 silly packumentCache full:https://registry.npmjs.org/@babel%2fhelper-module-imports cache-miss
1405 silly fetch manifest @babel/helper-validator-identifier@^7.29.7
1406 silly packumentCache full:https://registry.npmjs.org/@babel%2fhelper-validator-identifier cache-miss
1407 silly fetch manifest debug@^4.3.1
1408 silly packumentCache full:https://registry.npmjs.org/debug cache-hit
1409 silly fetch manifest @babel/helper-globals@^7.29.7
1410 silly packumentCache full:https://registry.npmjs.org/@babel%2fhelper-globals cache-miss
1411 http fetch GET 200 https://registry.npmjs.org/js-tokens 126ms (cache miss)
1412 silly packumentCache full:https://registry.npmjs.org/js-tokens set size:undefined disposed:false
1413 silly fetch manifest @babel/helper-string-parser@^7.29.7
1414 silly packumentCache full:https://registry.npmjs.org/@babel%2fhelper-string-parser cache-miss
1415 http fetch GET 200 https://registry.npmjs.org/jsesc 128ms (cache miss)
1416 silly packumentCache full:https://registry.npmjs.org/jsesc set size:undefined disposed:false
1417 silly fetch manifest @babel/helper-validator-identifier@^7.29.7
1418 silly packumentCache full:https://registry.npmjs.org/@babel%2fhelper-validator-identifier cache-miss
1419 http fetch GET 200 https://registry.npmjs.org/@babel%2fhelper-validator-identifier 141ms (cache miss)
1420 silly packumentCache full:https://registry.npmjs.org/@babel%2fhelper-validator-identifier set size:undefined disposed:false
1421 silly fetch manifest ms@^2.1.3
1422 silly packumentCache full:https://registry.npmjs.org/ms cache-miss
1423 http fetch GET 200 https://registry.npmjs.org/@babel%2fcompat-data 146ms (cache miss)
1424 silly packumentCache full:https://registry.npmjs.org/@babel%2fcompat-data set size:undefined disposed:false
1425 http fetch GET 200 https://registry.npmjs.org/@babel%2fhelper-validator-identifier 148ms (cache miss)
1426 silly packumentCache full:https://registry.npmjs.org/@babel%2fhelper-validator-identifier set size:undefined disposed:false
1427 http fetch GET 200 https://registry.npmjs.org/@babel%2fhelper-globals 148ms (cache miss)
1428 silly packumentCache full:https://registry.npmjs.org/@babel%2fhelper-globals set size:undefined disposed:false
1429 http fetch GET 200 https://registry.npmjs.org/@babel%2fhelper-module-imports 149ms (cache miss)
1430 silly packumentCache full:https://registry.npmjs.org/@babel%2fhelper-module-imports set size:undefined disposed:false
1431 http fetch GET 200 https://registry.npmjs.org/@babel%2fhelper-validator-option 171ms (cache miss)
1432 silly packumentCache full:https://registry.npmjs.org/@babel%2fhelper-validator-option set size:undefined disposed:false
1433 http fetch GET 200 https://registry.npmjs.org/ms 121ms (cache miss)
1434 silly packumentCache full:https://registry.npmjs.org/ms set size:undefined disposed:false
1435 http fetch GET 200 https://registry.npmjs.org/@babel%2fhelper-validator-identifier 137ms (cache miss)
1436 silly packumentCache full:https://registry.npmjs.org/@babel%2fhelper-validator-identifier set size:undefined disposed:false
1437 http fetch GET 200 https://registry.npmjs.org/@babel%2fhelper-string-parser 139ms (cache miss)
1438 silly packumentCache full:https://registry.npmjs.org/@babel%2fhelper-string-parser set size:undefined disposed:false
1439 http fetch GET 200 https://registry.npmjs.org/lru-cache 311ms (cache miss)
1440 silly packumentCache full:https://registry.npmjs.org/lru-cache set size:undefined disposed:false
1441 silly placeDep ROOT @babel/helper-validator-identifier@7.29.7 OK for: @babel/code-frame@7.29.7 want: ^7.29.7
1442 silly placeDep ROOT js-tokens@4.0.0 OK for: @babel/code-frame@7.29.7 want: ^4.0.0
1443 silly placeDep ROOT picocolors@1.1.1 OK for: @babel/code-frame@7.29.7 want: ^1.1.1
1444 silly placeDep ROOT jsesc@3.1.0 OK for: @babel/generator@7.29.7 want: ^3.0.2
1445 silly placeDep ROOT @babel/compat-data@7.29.7 OK for: @babel/helper-compilation-targets@7.29.7 want: ^7.29.7
1446 silly placeDep ROOT @babel/helper-validator-option@7.29.7 OK for: @babel/helper-compilation-targets@7.29.7 want: ^7.29.7
1447 silly placeDep ROOT lru-cache@5.1.1 OK for: @babel/helper-compilation-targets@7.29.7 want: ^5.1.1
1448 silly placeDep node_modules/@babel/helper-compilation-targets semver@6.3.1 OK for: @babel/helper-compilation-targets@7.29.7 want: ^6.3.1
1449 silly fetch manifest yallist@^3.0.2
1450 silly packumentCache full:https://registry.npmjs.org/yallist cache-miss
1451 http fetch GET 200 https://registry.npmjs.org/yallist 81ms (cache miss)
1452 silly packumentCache full:https://registry.npmjs.org/yallist set size:undefined disposed:false
1453 silly placeDep ROOT @babel/helper-module-imports@7.29.7 OK for: @babel/helper-module-transforms@7.29.7 want: ^7.29.7
1454 silly placeDep ROOT @babel/helper-globals@7.29.7 OK for: @babel/traverse@7.29.7 want: ^7.29.7
1455 silly placeDep ROOT @babel/helper-string-parser@7.29.7 OK for: @babel/types@7.29.7 want: ^7.29.7
1456 silly placeDep ROOT @inquirer/core@11.2.1 OK for: @inquirer/confirm@6.0.12 want: ^11.1.9
1457 silly placeDep ROOT @inquirer/type@4.0.7 OK for: @inquirer/confirm@6.0.12 want: ^4.0.5
1458 silly fetch manifest @inquirer/ansi@^2.0.7
1459 silly packumentCache full:https://registry.npmjs.org/@inquirer%2fansi cache-miss
1460 silly fetch manifest @inquirer/figures@^2.0.7
1461 silly packumentCache full:https://registry.npmjs.org/@inquirer%2ffigures cache-miss
1462 silly fetch manifest @inquirer/type@^4.0.7
1463 silly packumentCache full:https://registry.npmjs.org/@inquirer%2ftype cache-miss
1464 silly fetch manifest cli-width@^4.1.0
1465 silly packumentCache full:https://registry.npmjs.org/cli-width cache-miss
1466 silly fetch manifest fast-wrap-ansi@^0.2.0
1467 silly packumentCache full:https://registry.npmjs.org/fast-wrap-ansi cache-miss
1468 silly fetch manifest mute-stream@^3.0.0
1469 silly packumentCache full:https://registry.npmjs.org/mute-stream cache-miss
1470 silly fetch manifest signal-exit@^4.1.0
1471 silly packumentCache full:https://registry.npmjs.org/signal-exit cache-miss
1472 http cache https://registry.npmjs.org/@inquirer%2ftype 4ms (cache hit)
1473 silly packumentCache full:https://registry.npmjs.org/@inquirer%2ftype set size:119899 disposed:false
1474 http fetch GET 200 https://registry.npmjs.org/fast-wrap-ansi 79ms (cache miss)
1475 silly packumentCache full:https://registry.npmjs.org/fast-wrap-ansi set size:undefined disposed:false
1476 http fetch GET 200 https://registry.npmjs.org/signal-exit 79ms (cache miss)
1477 silly packumentCache full:https://registry.npmjs.org/signal-exit set size:undefined disposed:false
1478 http fetch GET 200 https://registry.npmjs.org/mute-stream 89ms (cache miss)
1479 silly packumentCache full:https://registry.npmjs.org/mute-stream set size:undefined disposed:false
1480 http fetch GET 200 https://registry.npmjs.org/cli-width 89ms (cache miss)
1481 silly packumentCache full:https://registry.npmjs.org/cli-width set size:undefined disposed:false
1482 http fetch GET 200 https://registry.npmjs.org/@inquirer%2fansi 93ms (cache miss)
1483 silly packumentCache full:https://registry.npmjs.org/@inquirer%2fansi set size:undefined disposed:false
1484 http fetch GET 200 https://registry.npmjs.org/@inquirer%2ffigures 113ms (cache miss)
1485 silly packumentCache full:https://registry.npmjs.org/@inquirer%2ffigures set size:undefined disposed:false
1486 silly placeDep ROOT @inquirer/ansi@2.0.7 OK for: @inquirer/core@11.2.1 want: ^2.0.7
1487 silly placeDep ROOT @inquirer/figures@2.0.7 OK for: @inquirer/core@11.2.1 want: ^2.0.7
1488 silly placeDep ROOT cli-width@4.1.0 OK for: @inquirer/core@11.2.1 want: ^4.1.0
1489 silly placeDep ROOT fast-wrap-ansi@0.2.2 OK for: @inquirer/core@11.2.1 want: ^0.2.0
1490 silly placeDep ROOT mute-stream@3.0.0 OK for: @inquirer/core@11.2.1 want: ^3.0.0
1491 silly placeDep ROOT signal-exit@4.1.0 OK for: @inquirer/core@11.2.1 want: ^4.1.0
1492 silly fetch manifest fast-string-width@^3.0.2
1493 silly packumentCache full:https://registry.npmjs.org/fast-string-width cache-miss
1494 http fetch GET 200 https://registry.npmjs.org/fast-string-width 127ms (cache miss)
1495 silly packumentCache full:https://registry.npmjs.org/fast-string-width set size:undefined disposed:false
1496 silly placeDep ROOT @inquirer/checkbox@5.2.1 OK for: @inquirer/prompts@8.4.2 want: ^5.1.4
1497 silly placeDep ROOT @inquirer/editor@5.2.2 OK for: @inquirer/prompts@8.4.2 want: ^5.1.1
1498 silly placeDep ROOT @inquirer/expand@5.1.1 OK for: @inquirer/prompts@8.4.2 want: ^5.0.13
1499 silly placeDep ROOT @inquirer/input@5.1.2 OK for: @inquirer/prompts@8.4.2 want: ^5.0.12
1500 silly placeDep ROOT @inquirer/number@4.1.1 OK for: @inquirer/prompts@8.4.2 want: ^4.0.12
1501 silly placeDep ROOT @inquirer/password@5.1.1 OK for: @inquirer/prompts@8.4.2 want: ^5.0.12
1502 silly placeDep ROOT @inquirer/rawlist@5.3.1 OK for: @inquirer/prompts@8.4.2 want: ^5.2.8
1503 silly placeDep ROOT @inquirer/search@4.2.1 OK for: @inquirer/prompts@8.4.2 want: ^4.1.8
1504 silly placeDep ROOT @inquirer/select@5.2.1 OK for: @inquirer/prompts@8.4.2 want: ^5.1.4
1505 silly fetch manifest @inquirer/external-editor@^3.0.3
1506 silly packumentCache full:https://registry.npmjs.org/@inquirer%2fexternal-editor cache-miss
1507 http fetch GET 200 https://registry.npmjs.org/@inquirer%2fexternal-editor 137ms (cache miss)
1508 silly packumentCache full:https://registry.npmjs.org/@inquirer%2fexternal-editor set size:undefined disposed:false
1509 silly placeDep ROOT @inquirer/external-editor@3.0.3 OK for: @inquirer/editor@5.2.2 want: ^3.0.3
1510 silly fetch manifest chardet@^2.1.1
1511 silly packumentCache full:https://registry.npmjs.org/chardet cache-miss
1512 silly fetch manifest iconv-lite@^0.7.2
1513 silly packumentCache full:https://registry.npmjs.org/iconv-lite cache-miss
1514 http fetch GET 200 https://registry.npmjs.org/chardet 81ms (cache miss)
1515 silly packumentCache full:https://registry.npmjs.org/chardet set size:undefined disposed:false
1516 http fetch GET 200 https://registry.npmjs.org/iconv-lite 87ms (cache miss)
1517 silly packumentCache full:https://registry.npmjs.org/iconv-lite set size:undefined disposed:false
1518 silly placeDep ROOT chardet@2.2.0 OK for: @inquirer/external-editor@3.0.3 want: ^2.1.1
1519 silly placeDep ROOT iconv-lite@0.7.2 OK for: @inquirer/external-editor@3.0.3 want: ^0.7.2
1520 silly fetch manifest safer-buffer@>= 2.1.2 < 3.0.0
1521 silly packumentCache full:https://registry.npmjs.org/safer-buffer cache-miss
1522 http fetch GET 200 https://registry.npmjs.org/safer-buffer 80ms (cache miss)
1523 silly packumentCache full:https://registry.npmjs.org/safer-buffer set size:undefined disposed:false
1524 silly placeDep ROOT @jridgewell/resolve-uri@3.1.2 OK for: @jridgewell/trace-mapping@0.3.31 want: ^3.1.0
1525 silly placeDep ROOT @hono/node-server@1.19.14 OK for: @modelcontextprotocol/sdk@1.29.0 want: ^1.19.9
1526 silly placeDep ROOT content-type@1.0.5 OK for: @modelcontextprotocol/sdk@1.29.0 want: ^1.0.5
1527 silly placeDep ROOT cors@2.8.6 OK for: @modelcontextprotocol/sdk@1.29.0 want: ^2.8.5
1528 silly placeDep ROOT cross-spawn@7.0.6 OK for: @modelcontextprotocol/sdk@1.29.0 want: ^7.0.5
1529 silly placeDep ROOT eventsource@3.0.7 OK for: @modelcontextprotocol/sdk@1.29.0 want: ^3.0.2
1530 silly placeDep ROOT eventsource-parser@3.1.0 OK for: @modelcontextprotocol/sdk@1.29.0 want: ^3.0.0
1531 silly placeDep ROOT express@5.2.1 OK for: @modelcontextprotocol/sdk@1.29.0 want: ^5.2.1
1532 silly placeDep ROOT express-rate-limit@8.5.2 OK for: @modelcontextprotocol/sdk@1.29.0 want: ^8.2.1
1533 silly placeDep ROOT hono@4.12.27 OK for: @modelcontextprotocol/sdk@1.29.0 want: ^4.11.4
1534 silly placeDep ROOT jose@6.2.3 OK for: @modelcontextprotocol/sdk@1.29.0 want: ^6.1.3
1535 silly placeDep ROOT json-schema-typed@8.0.2 OK for: @modelcontextprotocol/sdk@1.29.0 want: ^8.0.2
1536 silly placeDep ROOT pkce-challenge@5.0.1 OK for: @modelcontextprotocol/sdk@1.29.0 want: ^5.0.0
1537 silly placeDep ROOT raw-body@3.0.2 OK for: @modelcontextprotocol/sdk@1.29.0 want: ^3.0.0
1538 silly placeDep ROOT zod-to-json-schema@3.25.2 OK for: @modelcontextprotocol/sdk@1.29.0 want: ^3.25.1
1539 silly fetch manifest object-assign@^4
1540 silly packumentCache full:https://registry.npmjs.org/object-assign cache-miss
1541 silly fetch manifest vary@^1
1542 silly packumentCache full:https://registry.npmjs.org/vary cache-miss
1543 silly fetch manifest which@^2.0.1
1544 silly packumentCache full:https://registry.npmjs.org/which cache-miss
1545 silly fetch manifest path-key@^3.1.0
1546 silly packumentCache full:https://registry.npmjs.org/path-key cache-miss
1547 silly fetch manifest shebang-command@^2.0.0
1548 silly packumentCache full:https://registry.npmjs.org/shebang-command cache-miss
1549 silly fetch manifest eventsource-parser@^3.0.1
1550 silly packumentCache full:https://registry.npmjs.org/eventsource-parser cache-miss
1551 silly fetch manifest qs@^6.14.0
1552 silly packumentCache full:https://registry.npmjs.org/qs cache-miss
1553 silly fetch manifest depd@^2.0.0
1554 silly packumentCache full:https://registry.npmjs.org/depd cache-miss
1555 silly fetch manifest etag@^1.8.1
1556 silly packumentCache full:https://registry.npmjs.org/etag cache-miss
1557 http cache https://registry.npmjs.org/eventsource-parser 5ms (cache hit)
1558 silly packumentCache full:https://registry.npmjs.org/eventsource-parser set size:78018 disposed:false
1559 silly fetch manifest once@^1.4.0
1560 silly packumentCache full:https://registry.npmjs.org/once cache-miss
1561 http fetch GET 200 https://registry.npmjs.org/vary 83ms (cache miss)
1562 silly packumentCache full:https://registry.npmjs.org/vary set size:undefined disposed:false
1563 silly fetch manifest send@^1.1.0
1564 silly packumentCache full:https://registry.npmjs.org/send cache-miss
1565 http fetch GET 200 https://registry.npmjs.org/once 77ms (cache miss)
1566 silly packumentCache full:https://registry.npmjs.org/once set size:undefined disposed:false
1567 silly fetch manifest vary@^1.1.2
1568 silly packumentCache full:https://registry.npmjs.org/vary cache-miss
1569 http fetch GET 200 https://registry.npmjs.org/etag 84ms (cache miss)
1570 silly packumentCache full:https://registry.npmjs.org/etag set size:undefined disposed:false
1571 silly fetch manifest fresh@^2.0.0
1572 silly packumentCache full:https://registry.npmjs.org/fresh cache-miss
1573 http fetch GET 200 https://registry.npmjs.org/path-key 87ms (cache miss)
1574 silly packumentCache full:https://registry.npmjs.org/path-key set size:undefined disposed:false
1575 silly fetch manifest cookie@^0.7.1
1576 silly packumentCache full:https://registry.npmjs.org/cookie cache-miss
1577 http fetch GET 200 https://registry.npmjs.org/which 88ms (cache miss)
1578 silly packumentCache full:https://registry.npmjs.org/which set size:undefined disposed:false
1579 silly fetch manifest router@^2.2.0
1580 silly packumentCache full:https://registry.npmjs.org/router cache-miss
1581 http fetch GET 200 https://registry.npmjs.org/object-assign 91ms (cache miss)
1582 silly packumentCache full:https://registry.npmjs.org/object-assign set size:undefined disposed:false
1583 silly fetch manifest accepts@^2.0.0
1584 silly packumentCache full:https://registry.npmjs.org/accepts cache-miss
1585 http cache https://registry.npmjs.org/vary 6ms (cache hit)
1586 silly packumentCache full:https://registry.npmjs.org/vary set size:15994 disposed:false
1587 silly fetch manifest type-is@^2.0.1
1588 silly packumentCache full:https://registry.npmjs.org/type-is cache-miss
1589 http fetch GET 200 https://registry.npmjs.org/depd 94ms (cache miss)
1590 silly packumentCache full:https://registry.npmjs.org/depd set size:undefined disposed:false
1591 silly fetch manifest parseurl@^1.3.3
1592 silly packumentCache full:https://registry.npmjs.org/parseurl cache-miss
1593 http fetch GET 200 https://registry.npmjs.org/shebang-command 104ms (cache miss)
1594 silly packumentCache full:https://registry.npmjs.org/shebang-command set size:undefined disposed:false
1595 silly fetch manifest statuses@^2.0.1
1596 silly packumentCache full:https://registry.npmjs.org/statuses cache-miss
1597 http fetch GET 200 https://registry.npmjs.org/qs 119ms (cache miss)
1598 silly packumentCache full:https://registry.npmjs.org/qs set size:undefined disposed:false
1599 silly fetch manifest encodeurl@^2.0.0
1600 silly packumentCache full:https://registry.npmjs.org/encodeurl cache-miss
1601 http fetch GET 200 https://registry.npmjs.org/accepts 73ms (cache miss)
1602 silly packumentCache full:https://registry.npmjs.org/accepts set size:undefined disposed:false
1603 silly fetch manifest mime-types@^3.0.0
1604 silly packumentCache full:https://registry.npmjs.org/mime-types cache-miss
1605 http fetch GET 200 https://registry.npmjs.org/cookie 78ms (cache miss)
1606 silly packumentCache full:https://registry.npmjs.org/cookie set size:undefined disposed:false
1607 silly fetch manifest proxy-addr@^2.0.7
1608 silly packumentCache full:https://registry.npmjs.org/proxy-addr cache-miss
1609 http fetch GET 200 https://registry.npmjs.org/send 83ms (cache miss)
1610 silly packumentCache full:https://registry.npmjs.org/send set size:undefined disposed:false
1611 silly fetch manifest body-parser@^2.2.1
1612 silly packumentCache full:https://registry.npmjs.org/body-parser cache-miss
1613 http fetch GET 200 https://registry.npmjs.org/fresh 84ms (cache miss)
1614 silly packumentCache full:https://registry.npmjs.org/fresh set size:undefined disposed:false
1615 silly fetch manifest escape-html@^1.0.3
1616 silly packumentCache full:https://registry.npmjs.org/escape-html cache-miss
1617 http fetch GET 200 https://registry.npmjs.org/router 81ms (cache miss)
1618 silly packumentCache full:https://registry.npmjs.org/router set size:undefined disposed:false
1619 silly fetch manifest http-errors@^2.0.0
1620 silly packumentCache full:https://registry.npmjs.org/http-errors cache-miss
1621 http fetch GET 200 https://registry.npmjs.org/type-is 84ms (cache miss)
1622 silly packumentCache full:https://registry.npmjs.org/type-is set size:undefined disposed:false
1623 silly fetch manifest on-finished@^2.4.1
1624 silly packumentCache full:https://registry.npmjs.org/on-finished cache-miss
1625 http fetch GET 200 https://registry.npmjs.org/parseurl 80ms (cache miss)
1626 silly packumentCache full:https://registry.npmjs.org/parseurl set size:undefined disposed:false
1627 silly fetch manifest finalhandler@^2.1.0
1628 silly packumentCache full:https://registry.npmjs.org/finalhandler cache-miss
1629 http fetch GET 200 https://registry.npmjs.org/encodeurl 91ms (cache miss)
1630 silly packumentCache full:https://registry.npmjs.org/encodeurl set size:undefined disposed:false
1631 silly fetch manifest range-parser@^1.2.1
1632 silly packumentCache full:https://registry.npmjs.org/range-parser cache-miss
1633 http fetch GET 200 https://registry.npmjs.org/statuses 116ms (cache miss)
1634 silly packumentCache full:https://registry.npmjs.org/statuses set size:undefined disposed:false
1635 silly fetch manifest serve-static@^2.2.0
1636 silly packumentCache full:https://registry.npmjs.org/serve-static cache-miss
1637 http fetch GET 200 https://registry.npmjs.org/escape-html 73ms (cache miss)
1638 silly packumentCache full:https://registry.npmjs.org/escape-html set size:undefined disposed:false
1639 silly fetch manifest cookie-signature@^1.2.1
1640 silly packumentCache full:https://registry.npmjs.org/cookie-signature cache-miss
1641 http fetch GET 200 https://registry.npmjs.org/proxy-addr 77ms (cache miss)
1642 silly packumentCache full:https://registry.npmjs.org/proxy-addr set size:undefined disposed:false
1643 silly fetch manifest merge-descriptors@^2.0.0
1644 silly packumentCache full:https://registry.npmjs.org/merge-descriptors cache-miss
1645 http fetch GET 200 https://registry.npmjs.org/on-finished 165ms (cache miss)
1646 silly packumentCache full:https://registry.npmjs.org/on-finished set size:undefined disposed:false
1647 silly fetch manifest content-disposition@^1.0.0
1648 silly packumentCache full:https://registry.npmjs.org/content-disposition cache-miss
1649 http fetch GET 200 https://registry.npmjs.org/range-parser 129ms (cache miss)
1650 silly packumentCache full:https://registry.npmjs.org/range-parser set size:undefined disposed:false
1651 silly fetch manifest ip-address@^10.2.0
1652 silly packumentCache full:https://registry.npmjs.org/ip-address cache-miss
1653 http fetch GET 200 https://registry.npmjs.org/finalhandler 169ms (cache miss)
1654 silly packumentCache full:https://registry.npmjs.org/finalhandler set size:undefined disposed:false
1655 silly fetch manifest bytes@~3.1.2
1656 silly packumentCache full:https://registry.npmjs.org/bytes cache-miss
1657 http fetch GET 200 https://registry.npmjs.org/http-errors 177ms (cache miss)
1658 silly packumentCache full:https://registry.npmjs.org/http-errors set size:undefined disposed:false
1659 silly fetch manifest unpipe@~1.0.0
1660 silly packumentCache full:https://registry.npmjs.org/unpipe cache-miss
1661 http fetch GET 200 https://registry.npmjs.org/body-parser 182ms (cache miss)
1662 silly packumentCache full:https://registry.npmjs.org/body-parser set size:undefined disposed:false
1663 silly fetch manifest http-errors@~2.0.1
1664 silly packumentCache full:https://registry.npmjs.org/http-errors cache-miss
1665 http fetch GET 200 https://registry.npmjs.org/serve-static 131ms (cache miss)
1666 silly packumentCache full:https://registry.npmjs.org/serve-static set size:undefined disposed:false
1667 http fetch GET 200 https://registry.npmjs.org/mime-types 190ms (cache miss)
1668 silly packumentCache full:https://registry.npmjs.org/mime-types set size:undefined disposed:false
1669 http cache https://registry.npmjs.org/http-errors 5ms (cache hit)
1670 silly packumentCache full:https://registry.npmjs.org/http-errors set size:71987 disposed:false
1671 http fetch GET 200 https://registry.npmjs.org/cookie-signature 164ms (cache miss)
1672 silly packumentCache full:https://registry.npmjs.org/cookie-signature set size:undefined disposed:false
1673 http fetch GET 200 https://registry.npmjs.org/content-disposition 70ms (cache miss)
1674 silly packumentCache full:https://registry.npmjs.org/content-disposition set size:undefined disposed:false
1675 http fetch GET 200 https://registry.npmjs.org/bytes 70ms (cache miss)
1676 silly packumentCache full:https://registry.npmjs.org/bytes set size:undefined disposed:false
1677 http fetch GET 200 https://registry.npmjs.org/unpipe 71ms (cache miss)
1678 silly packumentCache full:https://registry.npmjs.org/unpipe set size:undefined disposed:false
1679 http fetch GET 200 https://registry.npmjs.org/ip-address 96ms (cache miss)
1680 silly packumentCache full:https://registry.npmjs.org/ip-address set size:undefined disposed:false
1681 http fetch GET 200 https://registry.npmjs.org/merge-descriptors 336ms (cache miss)
1682 silly packumentCache full:https://registry.npmjs.org/merge-descriptors set size:undefined disposed:false
1683 silly placeDep ROOT fast-deep-equal@3.1.3 OK for: ajv@8.20.0 want: ^3.1.3
1684 silly placeDep ROOT fast-uri@3.1.3 OK for: ajv@8.20.0 want: ^3.0.1
1685 silly placeDep ROOT json-schema-traverse@1.0.0 OK for: ajv@8.20.0 want: ^1.0.0
1686 silly placeDep ROOT require-from-string@2.0.2 OK for: ajv@8.20.0 want: ^2.0.2
1687 silly placeDep ROOT @algolia/abtesting@1.18.0 OK for: algoliasearch@5.52.0 want: 1.18.0
1688 silly placeDep ROOT @algolia/client-abtesting@5.52.0 OK for: algoliasearch@5.52.0 want: 5.52.0
1689 silly placeDep ROOT @algolia/client-analytics@5.52.0 OK for: algoliasearch@5.52.0 want: 5.52.0
1690 silly placeDep ROOT @algolia/client-common@5.52.0 OK for: algoliasearch@5.52.0 want: 5.52.0
1691 silly placeDep ROOT @algolia/client-insights@5.52.0 OK for: algoliasearch@5.52.0 want: 5.52.0
1692 silly placeDep ROOT @algolia/client-personalization@5.52.0 OK for: algoliasearch@5.52.0 want: 5.52.0
1693 silly placeDep ROOT @algolia/client-query-suggestions@5.52.0 OK for: algoliasearch@5.52.0 want: 5.52.0
1694 silly placeDep ROOT @algolia/client-search@5.52.0 OK for: algoliasearch@5.52.0 want: 5.52.0
1695 silly placeDep ROOT @algolia/ingestion@1.52.0 OK for: algoliasearch@5.52.0 want: 1.52.0
1696 silly placeDep ROOT @algolia/monitoring@1.52.0 OK for: algoliasearch@5.52.0 want: 1.52.0
1697 silly placeDep ROOT @algolia/recommend@5.52.0 OK for: algoliasearch@5.52.0 want: 5.52.0
1698 silly placeDep ROOT @algolia/requester-browser-xhr@5.52.0 OK for: algoliasearch@5.52.0 want: 5.52.0
1699 silly placeDep ROOT @algolia/requester-fetch@5.52.0 OK for: algoliasearch@5.52.0 want: 5.52.0
1700 silly placeDep ROOT @algolia/requester-node-http@5.52.0 OK for: algoliasearch@5.52.0 want: 5.52.0
1701 silly placeDep ROOT css-select@6.0.0 OK for: beasties@0.4.2 want: ^6.0.0
1702 silly placeDep ROOT css-what@7.0.0 OK for: beasties@0.4.2 want: ^7.0.0
1703 silly placeDep ROOT dom-serializer@2.0.0 OK for: beasties@0.4.2 want: ^2.0.0
1704 silly placeDep ROOT domhandler@5.0.3 OK for: beasties@0.4.2 want: ^5.0.3
1705 silly placeDep ROOT htmlparser2@10.1.0 OK for: beasties@0.4.2 want: ^10.0.0
1706 silly placeDep ROOT postcss@8.5.16 OK for: beasties@0.4.2 want: ^8.4.49
1707 silly placeDep ROOT postcss-media-query-parser@0.2.3 OK for: beasties@0.4.2 want: ^0.2.3
1708 silly placeDep ROOT postcss-safe-parser@7.0.1 OK for: beasties@0.4.2 want: ^7.0.1
1709 silly fetch manifest boolbase@^1.0.0
1710 silly packumentCache full:https://registry.npmjs.org/boolbase cache-miss
1711 silly fetch manifest domutils@^3.2.2
1712 silly packumentCache full:https://registry.npmjs.org/domutils cache-miss
1713 silly fetch manifest nth-check@^2.1.1
1714 silly packumentCache full:https://registry.npmjs.org/nth-check cache-miss
1715 silly fetch manifest entities@^4.2.0
1716 silly packumentCache full:https://registry.npmjs.org/entities cache-miss
1717 silly fetch manifest domhandler@^5.0.2
1718 silly packumentCache full:https://registry.npmjs.org/domhandler cache-miss
1719 silly fetch manifest domelementtype@^2.3.0
1720 silly packumentCache full:https://registry.npmjs.org/domelementtype cache-miss
1721 silly fetch manifest domelementtype@^2.3.0
1722 silly packumentCache full:https://registry.npmjs.org/domelementtype cache-miss
1723 silly fetch manifest domutils@^3.2.2
1724 silly packumentCache full:https://registry.npmjs.org/domutils cache-miss
1725 silly fetch manifest entities@^7.0.1
1726 silly packumentCache full:https://registry.npmjs.org/entities cache-miss
1727 http cache https://registry.npmjs.org/domhandler 4ms (cache hit)
1728 silly packumentCache full:https://registry.npmjs.org/domhandler set size:78187 disposed:false
1729 silly fetch manifest domelementtype@^2.3.0
1730 silly packumentCache full:https://registry.npmjs.org/domelementtype cache-miss
1731 http cache https://registry.npmjs.org/entities 6ms (cache hit)
1732 silly packumentCache full:https://registry.npmjs.org/entities set size:101550 disposed:false
1733 silly fetch manifest nanoid@^3.3.12
1734 silly packumentCache full:https://registry.npmjs.org/nanoid cache-miss
1735 http cache https://registry.npmjs.org/entities 6ms (cache hit)
1736 silly packumentCache full:https://registry.npmjs.org/entities set size:101550 disposed:false
1737 silly packumentCache full:https://registry.npmjs.org/entities dispose
1738 silly fetch manifest source-map-js@^1.2.1
1739 silly packumentCache full:https://registry.npmjs.org/source-map-js cache-miss
1740 http cache https://registry.npmjs.org/source-map-js 1ms (cache hit)
1741 silly packumentCache full:https://registry.npmjs.org/source-map-js set size:62640 disposed:false
1742 http fetch GET 200 https://registry.npmjs.org/boolbase 82ms (cache miss)
1743 silly packumentCache full:https://registry.npmjs.org/boolbase set size:undefined disposed:false
1744 http fetch GET 200 https://registry.npmjs.org/domutils 83ms (cache miss)
1745 silly packumentCache full:https://registry.npmjs.org/domutils set size:undefined disposed:false
1746 http fetch GET 200 https://registry.npmjs.org/domelementtype 87ms (cache miss)
1747 silly packumentCache full:https://registry.npmjs.org/domelementtype set size:undefined disposed:false
1748 http fetch GET 200 https://registry.npmjs.org/nth-check 89ms (cache miss)
1749 silly packumentCache full:https://registry.npmjs.org/nth-check set size:undefined disposed:false
1750 http fetch GET 200 https://registry.npmjs.org/domutils 88ms (cache miss)
1751 silly packumentCache full:https://registry.npmjs.org/domutils set size:undefined disposed:false
1752 http fetch GET 200 https://registry.npmjs.org/domelementtype 85ms (cache miss)
1753 silly packumentCache full:https://registry.npmjs.org/domelementtype set size:undefined disposed:false
1754 http fetch GET 200 https://registry.npmjs.org/domelementtype 97ms (cache miss)
1755 silly packumentCache full:https://registry.npmjs.org/domelementtype set size:undefined disposed:false
1756 http fetch GET 200 https://registry.npmjs.org/nanoid 93ms (cache miss)
1757 silly packumentCache full:https://registry.npmjs.org/nanoid set size:undefined disposed:false
1758 silly placeDep ROOT baseline-browser-mapping@2.10.40 OK for: browserslist@4.28.4 want: ^2.10.38
1759 silly placeDep ROOT caniuse-lite@1.0.30001799 OK for: browserslist@4.28.4 want: ^1.0.30001799
1760 silly placeDep ROOT electron-to-chromium@1.5.381 OK for: browserslist@4.28.4 want: ^1.5.376
1761 silly placeDep ROOT node-releases@2.0.50 OK for: browserslist@4.28.4 want: ^2.0.48
1762 silly placeDep ROOT update-browserslist-db@1.2.3 OK for: browserslist@4.28.4 want: ^1.2.3
1763 silly fetch manifest escalade@^3.2.0
1764 silly packumentCache full:https://registry.npmjs.org/escalade cache-miss
1765 http cache https://registry.npmjs.org/escalade 1ms (cache hit)
1766 silly packumentCache full:https://registry.npmjs.org/escalade set size:33724 disposed:false
1767 silly placeDep ROOT readdirp@5.0.0 OK for: chokidar@5.0.0 want: ^5.0.0
1768 silly placeDep ROOT object-assign@4.1.1 OK for: cors@2.8.6 want: ^4
1769 silly placeDep ROOT vary@1.1.2 OK for: cors@2.8.6 want: ^1
1770 silly placeDep ROOT path-key@3.1.1 OK for: cross-spawn@7.0.6 want: ^3.1.0
1771 silly placeDep ROOT shebang-command@2.0.0 OK for: cross-spawn@7.0.6 want: ^2.0.0
1772 silly placeDep ROOT which@2.0.2 OK for: cross-spawn@7.0.6 want: ^2.0.1
1773 silly fetch manifest shebang-regex@^3.0.0
1774 silly packumentCache full:https://registry.npmjs.org/shebang-regex cache-miss
1775 silly fetch manifest isexe@^2.0.0
1776 silly packumentCache full:https://registry.npmjs.org/isexe cache-miss
1777 http fetch GET 200 https://registry.npmjs.org/isexe 153ms (cache miss)
1778 silly packumentCache full:https://registry.npmjs.org/isexe set size:undefined disposed:false
1779 http fetch GET 200 https://registry.npmjs.org/shebang-regex 154ms (cache miss)
1780 silly packumentCache full:https://registry.npmjs.org/shebang-regex set size:undefined disposed:false
1781 silly placeDep ROOT boolbase@1.0.0 OK for: css-select@6.0.0 want: ^1.0.0
1782 silly placeDep ROOT domutils@3.2.2 OK for: css-select@6.0.0 want: ^3.2.2
1783 silly placeDep ROOT nth-check@2.1.1 OK for: css-select@6.0.0 want: ^2.1.1
1784 silly placeDep ROOT ms@2.1.3 OK for: debug@4.4.3 want: ^2.1.3
1785 silly placeDep ROOT domelementtype@2.3.0 OK for: dom-serializer@2.0.0 want: ^2.3.0
1786 silly placeDep ROOT entities@4.5.0 OK for: dom-serializer@2.0.0 want: ^4.2.0
1787 silly placeDep ROOT @esbuild/aix-ppc64@0.28.1 OK for: esbuild@0.28.1 want: 0.28.1
1788 silly placeDep ROOT @esbuild/android-arm@0.28.1 OK for: esbuild@0.28.1 want: 0.28.1
1789 silly placeDep ROOT @esbuild/android-arm64@0.28.1 OK for: esbuild@0.28.1 want: 0.28.1
1790 silly placeDep ROOT @esbuild/android-x64@0.28.1 OK for: esbuild@0.28.1 want: 0.28.1
1791 silly placeDep ROOT @esbuild/darwin-arm64@0.28.1 OK for: esbuild@0.28.1 want: 0.28.1
1792 silly placeDep ROOT @esbuild/darwin-x64@0.28.1 OK for: esbuild@0.28.1 want: 0.28.1
1793 silly placeDep ROOT @esbuild/freebsd-arm64@0.28.1 OK for: esbuild@0.28.1 want: 0.28.1
1794 silly placeDep ROOT @esbuild/freebsd-x64@0.28.1 OK for: esbuild@0.28.1 want: 0.28.1
1795 silly placeDep ROOT @esbuild/linux-arm@0.28.1 OK for: esbuild@0.28.1 want: 0.28.1
1796 silly placeDep ROOT @esbuild/linux-arm64@0.28.1 OK for: esbuild@0.28.1 want: 0.28.1
1797 silly placeDep ROOT @esbuild/linux-ia32@0.28.1 OK for: esbuild@0.28.1 want: 0.28.1
1798 silly placeDep ROOT @esbuild/linux-loong64@0.28.1 OK for: esbuild@0.28.1 want: 0.28.1
1799 silly placeDep ROOT @esbuild/linux-mips64el@0.28.1 OK for: esbuild@0.28.1 want: 0.28.1
1800 silly placeDep ROOT @esbuild/linux-ppc64@0.28.1 OK for: esbuild@0.28.1 want: 0.28.1
1801 silly placeDep ROOT @esbuild/linux-riscv64@0.28.1 OK for: esbuild@0.28.1 want: 0.28.1
1802 silly placeDep ROOT @esbuild/linux-s390x@0.28.1 OK for: esbuild@0.28.1 want: 0.28.1
1803 silly placeDep ROOT @esbuild/linux-x64@0.28.1 OK for: esbuild@0.28.1 want: 0.28.1
1804 silly placeDep ROOT @esbuild/netbsd-arm64@0.28.1 OK for: esbuild@0.28.1 want: 0.28.1
1805 silly placeDep ROOT @esbuild/netbsd-x64@0.28.1 OK for: esbuild@0.28.1 want: 0.28.1
1806 silly placeDep ROOT @esbuild/openbsd-arm64@0.28.1 OK for: esbuild@0.28.1 want: 0.28.1
1807 silly placeDep ROOT @esbuild/openbsd-x64@0.28.1 OK for: esbuild@0.28.1 want: 0.28.1
1808 silly placeDep ROOT @esbuild/openharmony-arm64@0.28.1 OK for: esbuild@0.28.1 want: 0.28.1
1809 silly placeDep ROOT @esbuild/sunos-x64@0.28.1 OK for: esbuild@0.28.1 want: 0.28.1
1810 silly placeDep ROOT @esbuild/win32-arm64@0.28.1 OK for: esbuild@0.28.1 want: 0.28.1
1811 silly placeDep ROOT @esbuild/win32-ia32@0.28.1 OK for: esbuild@0.28.1 want: 0.28.1
1812 silly placeDep ROOT @esbuild/win32-x64@0.28.1 OK for: esbuild@0.28.1 want: 0.28.1
1813 silly placeDep ROOT accepts@2.0.0 OK for: express@5.2.1 want: ^2.0.0
1814 silly placeDep ROOT body-parser@2.3.0 OK for: express@5.2.1 want: ^2.2.1
1815 silly placeDep ROOT content-disposition@1.1.0 OK for: express@5.2.1 want: ^1.0.0
1816 silly placeDep ROOT cookie@0.7.2 OK for: express@5.2.1 want: ^0.7.1
1817 silly placeDep ROOT cookie-signature@1.2.2 OK for: express@5.2.1 want: ^1.2.1
1818 silly placeDep ROOT depd@2.0.0 OK for: express@5.2.1 want: ^2.0.0
1819 silly placeDep ROOT encodeurl@2.0.0 OK for: express@5.2.1 want: ^2.0.0
1820 silly placeDep ROOT escape-html@1.0.3 OK for: express@5.2.1 want: ^1.0.3
1821 silly placeDep ROOT etag@1.8.1 OK for: express@5.2.1 want: ^1.8.1
1822 silly placeDep ROOT finalhandler@2.1.1 OK for: express@5.2.1 want: ^2.1.0
1823 silly placeDep ROOT fresh@2.0.0 OK for: express@5.2.1 want: ^2.0.0
1824 silly placeDep ROOT http-errors@2.0.1 OK for: express@5.2.1 want: ^2.0.0
1825 silly placeDep ROOT merge-descriptors@2.0.0 OK for: express@5.2.1 want: ^2.0.0
1826 silly placeDep ROOT mime-types@3.0.2 OK for: express@5.2.1 want: ^3.0.0
1827 silly placeDep ROOT on-finished@2.4.1 OK for: express@5.2.1 want: ^2.4.1
1828 silly placeDep ROOT once@1.4.0 OK for: express@5.2.1 want: ^1.4.0
1829 silly placeDep ROOT parseurl@1.3.3 OK for: express@5.2.1 want: ^1.3.3
1830 silly placeDep ROOT proxy-addr@2.0.7 OK for: express@5.2.1 want: ^2.0.7
1831 silly placeDep ROOT qs@6.15.3 OK for: express@5.2.1 want: ^6.14.0
1832 silly placeDep ROOT range-parser@1.3.0 OK for: express@5.2.1 want: ^1.2.1
1833 silly placeDep ROOT router@2.2.0 OK for: express@5.2.1 want: ^2.2.0
1834 silly placeDep ROOT send@1.2.1 OK for: express@5.2.1 want: ^1.1.0
1835 silly placeDep ROOT serve-static@2.2.1 OK for: express@5.2.1 want: ^2.2.0
1836 silly placeDep ROOT statuses@2.0.2 OK for: express@5.2.1 want: ^2.0.1
1837 silly placeDep ROOT type-is@2.1.0 OK for: express@5.2.1 want: ^2.0.1
1838 silly fetch manifest negotiator@^1.0.0
1839 silly packumentCache full:https://registry.npmjs.org/negotiator cache-miss
1840 silly fetch manifest bytes@^3.1.2
1841 silly packumentCache full:https://registry.npmjs.org/bytes cache-miss
1842 silly fetch manifest content-type@^2.0.0
1843 silly packumentCache full:https://registry.npmjs.org/content-type cache-miss
1844 silly fetch manifest http-errors@^2.0.1
1845 silly packumentCache full:https://registry.npmjs.org/http-errors cache-hit
1846 silly fetch manifest qs@^6.15.2
1847 silly packumentCache full:https://registry.npmjs.org/qs cache-miss
1848 silly fetch manifest type-is@^2.1.0
1849 silly packumentCache full:https://registry.npmjs.org/type-is cache-miss
1850 silly fetch manifest inherits@~2.0.4
1851 silly packumentCache full:https://registry.npmjs.org/inherits cache-miss
1852 silly fetch manifest setprototypeof@~1.2.0
1853 silly packumentCache full:https://registry.npmjs.org/setprototypeof cache-miss
1854 silly fetch manifest statuses@~2.0.2
1855 silly packumentCache full:https://registry.npmjs.org/statuses cache-miss
1856 silly fetch manifest toidentifier@~1.0.1
1857 silly packumentCache full:https://registry.npmjs.org/toidentifier cache-miss
1858 http cache https://registry.npmjs.org/statuses 3ms (cache hit)
1859 silly packumentCache full:https://registry.npmjs.org/statuses set size:37117 disposed:false
1860 silly fetch manifest mime-db@^1.54.0
1861 silly packumentCache full:https://registry.npmjs.org/mime-db cache-miss
1862 http cache https://registry.npmjs.org/qs 6ms (cache hit)
1863 silly packumentCache full:https://registry.npmjs.org/qs set size:360318 disposed:false
1864 silly fetch manifest ee-first@1.1.1
1865 silly packumentCache full:https://registry.npmjs.org/ee-first cache-miss
1866 http cache https://registry.npmjs.org/content-type 8ms (cache hit)
1867 silly packumentCache full:https://registry.npmjs.org/content-type set size:18994 disposed:false
1868 silly fetch manifest wrappy@1
1869 silly packumentCache full:https://registry.npmjs.org/wrappy cache-miss
1870 http cache https://registry.npmjs.org/bytes 9ms (cache hit)
1871 silly packumentCache full:https://registry.npmjs.org/bytes set size:37018 disposed:false
1872 silly fetch manifest forwarded@0.2.0
1873 silly packumentCache full:https://registry.npmjs.org/forwarded cache-miss
1874 http cache https://registry.npmjs.org/type-is 9ms (cache hit)
1875 silly packumentCache full:https://registry.npmjs.org/type-is set size:88614 disposed:false
1876 silly fetch manifest ipaddr.js@1.9.1
1877 silly packumentCache full:https://registry.npmjs.org/ipaddr.js cache-miss
1878 http fetch GET 200 https://registry.npmjs.org/toidentifier 86ms (cache miss)
1879 silly packumentCache full:https://registry.npmjs.org/toidentifier set size:undefined disposed:false
1880 silly fetch manifest side-channel@^1.1.1
1881 silly packumentCache full:https://registry.npmjs.org/side-channel cache-miss
1882 http fetch GET 200 https://registry.npmjs.org/ipaddr.js 79ms (cache miss)
1883 silly packumentCache full:https://registry.npmjs.org/ipaddr.js set size:undefined disposed:false
1884 silly fetch manifest es-define-property@^1.0.1
1885 silly packumentCache full:https://registry.npmjs.org/es-define-property cache-miss
1886 http fetch GET 200 https://registry.npmjs.org/setprototypeof 89ms (cache miss)
1887 silly packumentCache full:https://registry.npmjs.org/setprototypeof set size:undefined disposed:false
1888 silly fetch manifest is-promise@^4.0.0
1889 silly packumentCache full:https://registry.npmjs.org/is-promise cache-miss
1890 http fetch GET 200 https://registry.npmjs.org/negotiator 90ms (cache miss)
1891 silly packumentCache full:https://registry.npmjs.org/negotiator set size:undefined disposed:false
1892 silly fetch manifest path-to-regexp@^8.0.0
1893 silly packumentCache full:https://registry.npmjs.org/path-to-regexp cache-miss
1894 http fetch GET 200 https://registry.npmjs.org/mime-db 87ms (cache miss)
1895 silly packumentCache full:https://registry.npmjs.org/mime-db set size:undefined disposed:false
1896 silly fetch manifest statuses@^2.0.2
1897 silly packumentCache full:https://registry.npmjs.org/statuses cache-hit
1898 silly fetch manifest media-typer@^1.1.0
1899 silly packumentCache full:https://registry.npmjs.org/media-typer cache-miss
1900 http fetch GET 200 https://registry.npmjs.org/wrappy 86ms (cache miss)
1901 silly packumentCache full:https://registry.npmjs.org/wrappy set size:undefined disposed:false
1902 http fetch GET 200 https://registry.npmjs.org/forwarded 86ms (cache miss)
1903 silly packumentCache full:https://registry.npmjs.org/forwarded set size:undefined disposed:false
1904 http fetch GET 200 https://registry.npmjs.org/ee-first 87ms (cache miss)
1905 silly packumentCache full:https://registry.npmjs.org/ee-first set size:undefined disposed:false
1906 http fetch GET 200 https://registry.npmjs.org/inherits 95ms (cache miss)
1907 silly packumentCache full:https://registry.npmjs.org/inherits set size:undefined disposed:false
1908 http fetch GET 200 https://registry.npmjs.org/side-channel 81ms (cache miss)
1909 silly packumentCache full:https://registry.npmjs.org/side-channel set size:undefined disposed:false
1910 http fetch GET 200 https://registry.npmjs.org/is-promise 79ms (cache miss)
1911 silly packumentCache full:https://registry.npmjs.org/is-promise set size:undefined disposed:false
1912 http fetch GET 200 https://registry.npmjs.org/es-define-property 85ms (cache miss)
1913 silly packumentCache full:https://registry.npmjs.org/es-define-property set size:undefined disposed:false
1914 http fetch GET 200 https://registry.npmjs.org/path-to-regexp 83ms (cache miss)
1915 silly packumentCache full:https://registry.npmjs.org/path-to-regexp set size:undefined disposed:false
1916 http fetch GET 200 https://registry.npmjs.org/media-typer 82ms (cache miss)
1917 silly packumentCache full:https://registry.npmjs.org/media-typer set size:undefined disposed:false
1918 silly placeDep ROOT negotiator@1.0.0 OK for: accepts@2.0.0 want: ^1.0.0
1919 silly placeDep ROOT bytes@3.1.2 OK for: body-parser@2.3.0 want: ^3.1.2
1920 silly placeDep node_modules/body-parser content-type@2.0.0 OK for: body-parser@2.3.0 want: ^2.0.0
1921 silly placeDep ROOT ip-address@10.2.0 OK for: express-rate-limit@8.5.2 want: ^10.2.0
1922 silly placeDep ROOT fast-string-width@3.0.2 OK for: fast-wrap-ansi@0.2.2 want: ^3.0.2
1923 silly fetch manifest fast-string-truncated-width@^3.0.2
1924 silly packumentCache full:https://registry.npmjs.org/fast-string-truncated-width cache-miss
1925 http fetch GET 200 https://registry.npmjs.org/fast-string-truncated-width 74ms (cache miss)
1926 silly packumentCache full:https://registry.npmjs.org/fast-string-truncated-width set size:undefined disposed:false
1927 silly placeDep ROOT fast-string-truncated-width@3.0.3 OK for: fast-string-width@3.0.2 want: ^3.0.2
1928 silly placeDep node_modules/htmlparser2 entities@7.0.1 OK for: htmlparser2@10.1.0 want: ^7.0.1
1929 silly placeDep ROOT inherits@2.0.4 OK for: http-errors@2.0.1 want: ~2.0.4
1930 silly placeDep ROOT setprototypeof@1.2.0 OK for: http-errors@2.0.1 want: ~1.2.0
1931 silly placeDep ROOT toidentifier@1.0.1 OK for: http-errors@2.0.1 want: ~1.0.1
1932 silly placeDep ROOT agent-base@9.0.0 OK for: https-proxy-agent@9.0.0 want: 9.0.0
1933 silly placeDep ROOT safer-buffer@2.1.2 OK for: iconv-lite@0.7.2 want: >= 2.1.2 < 3.0.0
1934 silly placeDep ROOT @acemir/cssom@0.9.31 OK for: jsdom@28.1.0 want: ^0.9.31
1935 silly placeDep ROOT @asamuzakjp/dom-selector@6.8.1 OK for: jsdom@28.1.0 want: ^6.8.1
1936 silly placeDep ROOT @bramus/specificity@2.4.2 OK for: jsdom@28.1.0 want: ^2.4.2
1937 silly placeDep ROOT @exodus/bytes@1.15.1 OK for: jsdom@28.1.0 want: ^1.11.0
1938 silly placeDep ROOT cssstyle@6.2.0 OK for: jsdom@28.1.0 want: ^6.0.1
1939 silly placeDep ROOT data-urls@7.0.0 OK for: jsdom@28.1.0 want: ^7.0.0
1940 silly placeDep ROOT decimal.js@10.6.0 OK for: jsdom@28.1.0 want: ^10.6.0
1941 silly placeDep ROOT html-encoding-sniffer@6.0.0 OK for: jsdom@28.1.0 want: ^6.0.0
1942 silly placeDep ROOT http-proxy-agent@7.0.2 OK for: jsdom@28.1.0 want: ^7.0.2
1943 silly placeDep node_modules/jsdom https-proxy-agent@7.0.6 OK for: jsdom@28.1.0 want: ^7.0.6
1944 silly placeDep ROOT is-potential-custom-element-name@1.0.1 OK for: jsdom@28.1.0 want: ^1.0.1
1945 silly placeDep ROOT parse5@8.0.1 OK for: jsdom@28.1.0 want: ^8.0.0
1946 silly placeDep ROOT saxes@6.0.0 OK for: jsdom@28.1.0 want: ^6.0.0
1947 silly placeDep ROOT symbol-tree@3.2.4 OK for: jsdom@28.1.0 want: ^3.2.4
1948 silly placeDep ROOT tough-cookie@6.0.1 OK for: jsdom@28.1.0 want: ^6.0.0
1949 silly placeDep ROOT undici@7.28.0 OK for: jsdom@28.1.0 want: ^7.21.0
1950 silly placeDep ROOT w3c-xmlserializer@5.0.0 OK for: jsdom@28.1.0 want: ^5.0.0
1951 silly placeDep ROOT webidl-conversions@8.0.1 OK for: jsdom@28.1.0 want: ^8.0.1
1952 silly placeDep ROOT whatwg-mimetype@5.0.0 OK for: jsdom@28.1.0 want: ^5.0.0
1953 silly placeDep ROOT whatwg-url@16.0.1 OK for: jsdom@28.1.0 want: ^16.0.0
1954 silly placeDep ROOT xml-name-validator@5.0.0 OK for: jsdom@28.1.0 want: ^5.0.0
1955 silly fetch manifest bidi-js@^1.0.3
1956 silly packumentCache full:https://registry.npmjs.org/bidi-js cache-miss
1957 silly fetch manifest css-tree@^3.1.0
1958 silly packumentCache full:https://registry.npmjs.org/css-tree cache-miss
1959 silly fetch manifest lru-cache@^11.2.6
1960 silly packumentCache full:https://registry.npmjs.org/lru-cache cache-miss
1961 silly fetch manifest @asamuzakjp/nwsapi@^2.3.9
1962 silly packumentCache full:https://registry.npmjs.org/@asamuzakjp%2fnwsapi cache-miss
1963 silly fetch manifest css-tree@^3.0.0
1964 silly packumentCache full:https://registry.npmjs.org/css-tree cache-miss
1965 silly fetch manifest @asamuzakjp/css-color@^5.0.1
1966 silly packumentCache full:https://registry.npmjs.org/@asamuzakjp%2fcss-color cache-miss
1967 silly fetch manifest @csstools/css-syntax-patches-for-csstree@^1.0.28
1968 silly packumentCache full:https://registry.npmjs.org/@csstools%2fcss-syntax-patches-for-csstree cache-miss
1969 silly fetch manifest css-tree@^3.1.0
1970 silly packumentCache full:https://registry.npmjs.org/css-tree cache-miss
1971 silly fetch manifest lru-cache@^11.2.6
1972 silly packumentCache full:https://registry.npmjs.org/lru-cache cache-miss
1973 http cache https://registry.npmjs.org/lru-cache 3ms (cache hit)
1974 silly packumentCache full:https://registry.npmjs.org/lru-cache set size:456196 disposed:false
1975 silly fetch manifest agent-base@^7.1.0
1976 silly packumentCache full:https://registry.npmjs.org/agent-base cache-miss
1977 http cache https://registry.npmjs.org/lru-cache 6ms (cache hit)
1978 silly packumentCache full:https://registry.npmjs.org/lru-cache set size:456196 disposed:false
1979 silly packumentCache full:https://registry.npmjs.org/lru-cache dispose
1980 silly fetch manifest agent-base@^7.1.2
1981 silly packumentCache full:https://registry.npmjs.org/agent-base cache-miss
1982 http cache https://registry.npmjs.org/agent-base 1ms (cache hit)
1983 silly packumentCache full:https://registry.npmjs.org/agent-base set size:72085 disposed:false
1984 silly fetch manifest xmlchars@^2.2.0
1985 silly packumentCache full:https://registry.npmjs.org/xmlchars cache-miss
1986 http cache https://registry.npmjs.org/agent-base 4ms (cache hit)
1987 silly packumentCache full:https://registry.npmjs.org/agent-base set size:72085 disposed:false
1988 silly packumentCache full:https://registry.npmjs.org/agent-base dispose
1989 silly fetch manifest tldts@^7.0.5
1990 silly packumentCache full:https://registry.npmjs.org/tldts cache-miss
1991 http fetch GET 200 https://registry.npmjs.org/css-tree 79ms (cache miss)
1992 silly packumentCache full:https://registry.npmjs.org/css-tree set size:undefined disposed:false
1993 silly fetch manifest tr46@^6.0.0
1994 silly packumentCache full:https://registry.npmjs.org/tr46 cache-miss
1995 http fetch GET 200 https://registry.npmjs.org/bidi-js 86ms (cache miss)
1996 silly packumentCache full:https://registry.npmjs.org/bidi-js set size:undefined disposed:false
1997 http fetch GET 200 https://registry.npmjs.org/xmlchars 76ms (cache miss)
1998 silly packumentCache full:https://registry.npmjs.org/xmlchars set size:undefined disposed:false
1999 http fetch GET 200 https://registry.npmjs.org/@asamuzakjp%2fnwsapi 101ms (cache miss)
2000 silly packumentCache full:https://registry.npmjs.org/@asamuzakjp%2fnwsapi set size:undefined disposed:false
2001 http fetch GET 200 https://registry.npmjs.org/@csstools%2fcss-syntax-patches-for-csstree 102ms (cache miss)
2002 silly packumentCache full:https://registry.npmjs.org/@csstools%2fcss-syntax-patches-for-csstree set size:undefined disposed:false
2003 http fetch GET 200 https://registry.npmjs.org/css-tree 104ms (cache miss)
2004 silly packumentCache full:https://registry.npmjs.org/css-tree set size:undefined disposed:false
2005 http fetch GET 200 https://registry.npmjs.org/css-tree 106ms (cache miss)
2006 silly packumentCache full:https://registry.npmjs.org/css-tree set size:undefined disposed:false
2007 http fetch GET 200 https://registry.npmjs.org/@asamuzakjp%2fcss-color 126ms (cache miss)
2008 silly packumentCache full:https://registry.npmjs.org/@asamuzakjp%2fcss-color set size:undefined disposed:false
2009 http fetch GET 200 https://registry.npmjs.org/tr46 162ms (cache miss)
2010 silly packumentCache full:https://registry.npmjs.org/tr46 set size:undefined disposed:false
2011 http fetch GET 200 https://registry.npmjs.org/tldts 237ms (cache miss)
2012 silly packumentCache full:https://registry.npmjs.org/tldts set size:undefined disposed:false
2013 silly placeDep ROOT @asamuzakjp/nwsapi@2.3.9 OK for: @asamuzakjp/dom-selector@6.8.1 want: ^2.3.9
2014 silly placeDep ROOT bidi-js@1.0.3 OK for: @asamuzakjp/dom-selector@6.8.1 want: ^1.0.3
2015 silly placeDep ROOT css-tree@3.2.1 OK for: @asamuzakjp/dom-selector@6.8.1 want: ^3.1.0
2016 silly placeDep node_modules/@asamuzakjp/dom-selector lru-cache@11.5.1 OK for: @asamuzakjp/dom-selector@6.8.1 want: ^11.2.6
2017 silly fetch manifest mdn-data@2.27.1
2018 silly packumentCache full:https://registry.npmjs.org/mdn-data cache-miss
2019 http fetch GET 200 https://registry.npmjs.org/mdn-data 78ms (cache miss)
2020 silly packumentCache full:https://registry.npmjs.org/mdn-data set size:undefined disposed:false
2021 silly placeDep ROOT mdn-data@2.27.1 OK for: css-tree@3.2.1 want: 2.27.1
2022 silly placeDep ROOT source-map-js@1.2.1 OK for: css-tree@3.2.1 want: ^1.2.1
2023 silly placeDep ROOT @asamuzakjp/css-color@5.1.11 OK for: cssstyle@6.2.0 want: ^5.0.1
2024 silly placeDep ROOT @csstools/css-syntax-patches-for-csstree@1.1.6 OK for: cssstyle@6.2.0 want: ^1.0.28
2025 silly placeDep node_modules/cssstyle lru-cache@11.5.1 OK for: cssstyle@6.2.0 want: ^11.2.6
2026 silly fetch manifest @csstools/css-calc@^3.2.0
2027 silly packumentCache full:https://registry.npmjs.org/@csstools%2fcss-calc cache-miss
2028 silly fetch manifest @csstools/css-tokenizer@^4.0.0
2029 silly packumentCache full:https://registry.npmjs.org/@csstools%2fcss-tokenizer cache-miss
2030 silly fetch manifest @csstools/css-color-parser@^4.1.0
2031 silly packumentCache full:https://registry.npmjs.org/@csstools%2fcss-color-parser cache-miss
2032 silly fetch manifest @asamuzakjp/generational-cache@^1.0.1
2033 silly packumentCache full:https://registry.npmjs.org/@asamuzakjp%2fgenerational-cache cache-miss
2034 silly fetch manifest @csstools/css-parser-algorithms@^4.0.0
2035 silly packumentCache full:https://registry.npmjs.org/@csstools%2fcss-parser-algorithms cache-miss
2036 http fetch GET 200 https://registry.npmjs.org/@csstools%2fcss-calc 107ms (cache miss)
2037 silly packumentCache full:https://registry.npmjs.org/@csstools%2fcss-calc set size:undefined disposed:false
2038 http fetch GET 200 https://registry.npmjs.org/@csstools%2fcss-parser-algorithms 122ms (cache miss)
2039 silly packumentCache full:https://registry.npmjs.org/@csstools%2fcss-parser-algorithms set size:undefined disposed:false
2040 http fetch GET 200 https://registry.npmjs.org/@csstools%2fcss-tokenizer 123ms (cache miss)
2041 silly packumentCache full:https://registry.npmjs.org/@csstools%2fcss-tokenizer set size:undefined disposed:false
2042 http fetch GET 200 https://registry.npmjs.org/@csstools%2fcss-color-parser 125ms (cache miss)
2043 silly packumentCache full:https://registry.npmjs.org/@csstools%2fcss-color-parser set size:undefined disposed:false
2044 http fetch GET 200 https://registry.npmjs.org/@asamuzakjp%2fgenerational-cache 136ms (cache miss)
2045 silly packumentCache full:https://registry.npmjs.org/@asamuzakjp%2fgenerational-cache set size:undefined disposed:false
2046 silly placeDep ROOT @asamuzakjp/generational-cache@1.0.1 OK for: @asamuzakjp/css-color@5.1.11 want: ^1.0.1
2047 silly placeDep ROOT @csstools/css-calc@3.2.1 OK for: @asamuzakjp/css-color@5.1.11 want: ^3.2.0
2048 silly placeDep ROOT @csstools/css-color-parser@4.1.9 OK for: @asamuzakjp/css-color@5.1.11 want: ^4.1.0
2049 silly placeDep ROOT @csstools/css-parser-algorithms@4.0.0 OK for: @asamuzakjp/css-color@5.1.11 want: ^4.0.0
2050 silly placeDep ROOT @csstools/css-tokenizer@4.0.0 OK for: @asamuzakjp/css-color@5.1.11 want: ^4.0.0
2051 silly fetch manifest @csstools/color-helpers@^6.1.0
2052 silly packumentCache full:https://registry.npmjs.org/@csstools%2fcolor-helpers cache-miss
2053 http fetch GET 200 https://registry.npmjs.org/@csstools%2fcolor-helpers 107ms (cache miss)
2054 silly packumentCache full:https://registry.npmjs.org/@csstools%2fcolor-helpers set size:undefined disposed:false
2055 silly placeDep ROOT @csstools/color-helpers@6.1.0 OK for: @csstools/css-color-parser@4.1.9 want: ^6.1.0
2056 silly placeDep node_modules/http-proxy-agent agent-base@7.1.4 OK for: http-proxy-agent@7.0.2 want: ^7.1.0
2057 silly placeDep ROOT cli-truncate@5.2.0 OK for: listr2@10.2.1 want: ^5.2.0
2058 silly placeDep ROOT eventemitter3@5.0.4 OK for: listr2@10.2.1 want: ^5.0.4
2059 silly placeDep ROOT log-update@6.1.0 OK for: listr2@10.2.1 want: ^6.1.0
2060 silly placeDep ROOT rfdc@1.4.1 OK for: listr2@10.2.1 want: ^1.4.1
2061 silly placeDep ROOT wrap-ansi@10.0.0 OK for: listr2@10.2.1 want: ^10.0.0
2062 silly fetch manifest slice-ansi@^8.0.0
2063 silly packumentCache full:https://registry.npmjs.org/slice-ansi cache-miss
2064 silly fetch manifest string-width@^8.2.0
2065 silly packumentCache full:https://registry.npmjs.org/string-width cache-hit
2066 silly fetch manifest wrap-ansi@^9.0.0
2067 silly packumentCache full:https://registry.npmjs.org/wrap-ansi cache-miss
2068 silly fetch manifest slice-ansi@^7.1.0
2069 silly packumentCache full:https://registry.npmjs.org/slice-ansi cache-miss
2070 silly fetch manifest strip-ansi@^7.1.0
2071 silly packumentCache full:https://registry.npmjs.org/strip-ansi cache-miss
2072 silly fetch manifest ansi-escapes@^7.0.0
2073 silly packumentCache full:https://registry.npmjs.org/ansi-escapes cache-miss
2074 silly fetch manifest ansi-styles@^6.2.3
2075 silly packumentCache full:https://registry.npmjs.org/ansi-styles cache-miss
2076 silly fetch manifest string-width@^8.2.0
2077 silly packumentCache full:https://registry.npmjs.org/string-width cache-hit
2078 silly fetch manifest strip-ansi@^7.1.2
2079 silly packumentCache full:https://registry.npmjs.org/strip-ansi cache-miss
2080 http cache https://registry.npmjs.org/wrap-ansi 4ms (cache hit)
2081 silly packumentCache full:https://registry.npmjs.org/wrap-ansi set size:55299 disposed:false
2082 http fetch GET 200 https://registry.npmjs.org/ansi-escapes 157ms (cache miss)
2083 silly packumentCache full:https://registry.npmjs.org/ansi-escapes set size:undefined disposed:false
2084 http fetch GET 200 https://registry.npmjs.org/ansi-styles 157ms (cache miss)
2085 silly packumentCache full:https://registry.npmjs.org/ansi-styles set size:undefined disposed:false
2086 http fetch GET 200 https://registry.npmjs.org/strip-ansi 159ms (cache miss)
2087 silly packumentCache full:https://registry.npmjs.org/strip-ansi set size:undefined disposed:false
2088 http fetch GET 200 https://registry.npmjs.org/strip-ansi 159ms (cache miss)
2089 silly packumentCache full:https://registry.npmjs.org/strip-ansi set size:undefined disposed:false
2090 http fetch GET 200 https://registry.npmjs.org/slice-ansi 160ms (cache miss)
2091 silly packumentCache full:https://registry.npmjs.org/slice-ansi set size:undefined disposed:false
2092 http fetch GET 200 https://registry.npmjs.org/slice-ansi 160ms (cache miss)
2093 silly packumentCache full:https://registry.npmjs.org/slice-ansi set size:undefined disposed:false
2094 silly placeDep ROOT slice-ansi@8.0.0 OK for: cli-truncate@5.2.0 want: ^8.0.0
2095 silly placeDep ROOT string-width@8.2.1 OK for: cli-truncate@5.2.0 want: ^8.2.0
2096 silly fetch manifest is-fullwidth-code-point@^5.1.0
2097 silly packumentCache full:https://registry.npmjs.org/is-fullwidth-code-point cache-miss
2098 silly fetch manifest get-east-asian-width@^1.5.0
2099 silly packumentCache full:https://registry.npmjs.org/get-east-asian-width cache-miss
2100 http fetch GET 200 https://registry.npmjs.org/get-east-asian-width 90ms (cache miss)
2101 silly packumentCache full:https://registry.npmjs.org/get-east-asian-width set size:undefined disposed:false
2102 http fetch GET 200 https://registry.npmjs.org/is-fullwidth-code-point 92ms (cache miss)
2103 silly packumentCache full:https://registry.npmjs.org/is-fullwidth-code-point set size:undefined disposed:false
2104 silly placeDep ROOT @harperfast/extended-iterable@1.0.3 OK for: lmdb@3.5.4 want: ^1.0.3
2105 silly placeDep ROOT @lmdb/lmdb-darwin-arm64@3.5.4 OK for: lmdb@3.5.4 want: 3.5.4
2106 silly placeDep ROOT @lmdb/lmdb-darwin-x64@3.5.4 OK for: lmdb@3.5.4 want: 3.5.4
2107 silly placeDep ROOT @lmdb/lmdb-linux-arm@3.5.4 OK for: lmdb@3.5.4 want: 3.5.4
2108 silly placeDep ROOT @lmdb/lmdb-linux-arm64@3.5.4 OK for: lmdb@3.5.4 want: 3.5.4
2109 silly placeDep ROOT @lmdb/lmdb-linux-x64@3.5.4 OK for: lmdb@3.5.4 want: 3.5.4
2110 silly placeDep ROOT @lmdb/lmdb-win32-arm64@3.5.4 OK for: lmdb@3.5.4 want: 3.5.4
2111 silly placeDep ROOT @lmdb/lmdb-win32-x64@3.5.4 OK for: lmdb@3.5.4 want: 3.5.4
2112 silly placeDep ROOT msgpackr@1.12.1 OK for: lmdb@3.5.4 want: ^1.11.2
2113 silly placeDep ROOT node-addon-api@6.1.0 OK for: lmdb@3.5.4 want: ^6.1.0
2114 silly placeDep ROOT node-gyp-build-optional-packages@5.2.2 OK for: lmdb@3.5.4 want: 5.2.2
2115 silly placeDep ROOT ordered-binary@1.6.1 OK for: lmdb@3.5.4 want: ^1.5.3
2116 silly placeDep ROOT weak-lru-cache@1.2.2 OK for: lmdb@3.5.4 want: ^1.2.2
2117 silly fetch manifest msgpackr-extract@^3.0.2
2118 silly packumentCache full:https://registry.npmjs.org/msgpackr-extract cache-miss
2119 silly fetch manifest detect-libc@^2.0.1
2120 silly packumentCache full:https://registry.npmjs.org/detect-libc cache-miss
2121 http fetch GET 200 https://registry.npmjs.org/detect-libc 87ms (cache miss)
2122 silly packumentCache full:https://registry.npmjs.org/detect-libc set size:undefined disposed:false
2123 http fetch GET 200 https://registry.npmjs.org/msgpackr-extract 98ms (cache miss)
2124 silly packumentCache full:https://registry.npmjs.org/msgpackr-extract set size:undefined disposed:false
2125 silly placeDep ROOT ansi-escapes@7.3.0 OK for: log-update@6.1.0 want: ^7.0.0
2126 silly placeDep ROOT cli-cursor@5.0.0 OK for: log-update@6.1.0 want: ^5.0.0
2127 silly placeDep node_modules/log-update slice-ansi@7.1.2 OK for: log-update@6.1.0 want: ^7.1.0
2128 silly placeDep ROOT strip-ansi@7.2.0 OK for: log-update@6.1.0 want: ^7.1.0
2129 silly placeDep node_modules/log-update wrap-ansi@9.0.2 OK for: log-update@6.1.0 want: ^9.0.0
2130 silly fetch manifest environment@^1.0.0
2131 silly packumentCache full:https://registry.npmjs.org/environment cache-miss
2132 silly fetch manifest restore-cursor@^5.0.0
2133 silly packumentCache full:https://registry.npmjs.org/restore-cursor cache-miss
2134 silly fetch manifest ansi-styles@^6.2.1
2135 silly packumentCache full:https://registry.npmjs.org/ansi-styles cache-miss
2136 silly fetch manifest is-fullwidth-code-point@^5.0.0
2137 silly packumentCache full:https://registry.npmjs.org/is-fullwidth-code-point cache-miss
2138 silly fetch manifest ansi-regex@^6.2.2
2139 silly packumentCache full:https://registry.npmjs.org/ansi-regex cache-miss
2140 silly fetch manifest ansi-styles@^6.2.1
2141 silly packumentCache full:https://registry.npmjs.org/ansi-styles cache-miss
2142 silly fetch manifest string-width@^7.0.0
2143 silly packumentCache full:https://registry.npmjs.org/string-width cache-hit
2144 http cache https://registry.npmjs.org/ansi-styles 7ms (cache hit)
2145 silly packumentCache full:https://registry.npmjs.org/ansi-styles set size:63233 disposed:false
2146 http cache https://registry.npmjs.org/is-fullwidth-code-point 7ms (cache hit)
2147 silly packumentCache full:https://registry.npmjs.org/is-fullwidth-code-point set size:14578 disposed:false
2148 http cache https://registry.npmjs.org/ansi-styles 7ms (cache hit)
2149 silly packumentCache full:https://registry.npmjs.org/ansi-styles set size:63233 disposed:false
2150 silly packumentCache full:https://registry.npmjs.org/ansi-styles dispose
2151 http fetch GET 200 https://registry.npmjs.org/environment 71ms (cache miss)
2152 silly packumentCache full:https://registry.npmjs.org/environment set size:undefined disposed:false
2153 http fetch GET 200 https://registry.npmjs.org/restore-cursor 78ms (cache miss)
2154 silly packumentCache full:https://registry.npmjs.org/restore-cursor set size:undefined disposed:false
2155 http fetch GET 200 https://registry.npmjs.org/ansi-regex 78ms (cache miss)
2156 silly packumentCache full:https://registry.npmjs.org/ansi-regex set size:undefined disposed:false
2157 silly placeDep ROOT environment@1.1.0 OK for: ansi-escapes@7.3.0 want: ^1.0.0
2158 silly placeDep ROOT restore-cursor@5.1.0 OK for: cli-cursor@5.0.0 want: ^5.0.0
2159 silly fetch manifest onetime@^7.0.0
2160 silly packumentCache full:https://registry.npmjs.org/onetime cache-miss
2161 http fetch GET 200 https://registry.npmjs.org/onetime 77ms (cache miss)
2162 silly packumentCache full:https://registry.npmjs.org/onetime set size:undefined disposed:false
2163 silly placeDep ROOT yallist@3.1.1 OK for: lru-cache@5.1.1 want: ^3.0.2
2164 silly placeDep ROOT mime-db@1.54.0 OK for: mime-types@3.0.2 want: ^1.54.0
2165 silly placeDep ROOT dompurify@3.2.7 OK for: monaco-editor@0.55.1 want: 3.2.7
2166 silly placeDep ROOT marked@14.0.0 OK for: monaco-editor@0.55.1 want: 14.0.0
2167 silly fetch manifest @types/trusted-types@^2.0.7
2168 silly packumentCache full:https://registry.npmjs.org/@types%2ftrusted-types cache-miss
2169 http fetch GET 200 https://registry.npmjs.org/@types%2ftrusted-types 158ms (cache miss)
2170 silly packumentCache full:https://registry.npmjs.org/@types%2ftrusted-types set size:undefined disposed:false
2171 silly placeDep ROOT @types/trusted-types@2.0.7 OK for: dompurify@3.2.7 want: ^2.0.7
2172 silly placeDep ROOT msgpackr-extract@3.0.4 OK for: msgpackr@1.12.1 want: ^3.0.2
2173 silly fetch manifest @msgpackr-extract/msgpackr-extract-darwin-arm64@3.0.4
2174 silly packumentCache full:https://registry.npmjs.org/@msgpackr-extract%2fmsgpackr-extract-darwin-arm64 cache-miss
2175 silly fetch manifest @msgpackr-extract/msgpackr-extract-darwin-x64@3.0.4
2176 silly packumentCache full:https://registry.npmjs.org/@msgpackr-extract%2fmsgpackr-extract-darwin-x64 cache-miss
2177 silly fetch manifest @msgpackr-extract/msgpackr-extract-linux-arm@3.0.4
2178 silly packumentCache full:https://registry.npmjs.org/@msgpackr-extract%2fmsgpackr-extract-linux-arm cache-miss
2179 silly fetch manifest @msgpackr-extract/msgpackr-extract-linux-arm64@3.0.4
2180 silly packumentCache full:https://registry.npmjs.org/@msgpackr-extract%2fmsgpackr-extract-linux-arm64 cache-miss
2181 silly fetch manifest @msgpackr-extract/msgpackr-extract-linux-x64@3.0.4
2182 silly packumentCache full:https://registry.npmjs.org/@msgpackr-extract%2fmsgpackr-extract-linux-x64 cache-miss
2183 silly fetch manifest @msgpackr-extract/msgpackr-extract-win32-x64@3.0.4
2184 silly packumentCache full:https://registry.npmjs.org/@msgpackr-extract%2fmsgpackr-extract-win32-x64 cache-miss
2185 http fetch GET 200 https://registry.npmjs.org/@msgpackr-extract%2fmsgpackr-extract-win32-x64 97ms (cache miss)
2186 silly packumentCache full:https://registry.npmjs.org/@msgpackr-extract%2fmsgpackr-extract-win32-x64 set size:undefined disposed:false
2187 http fetch GET 200 https://registry.npmjs.org/@msgpackr-extract%2fmsgpackr-extract-darwin-x64 102ms (cache miss)
2188 silly packumentCache full:https://registry.npmjs.org/@msgpackr-extract%2fmsgpackr-extract-darwin-x64 set size:undefined disposed:false
2189 http fetch GET 200 https://registry.npmjs.org/@msgpackr-extract%2fmsgpackr-extract-linux-arm 107ms (cache miss)
2190 silly packumentCache full:https://registry.npmjs.org/@msgpackr-extract%2fmsgpackr-extract-linux-arm set size:undefined disposed:false
2191 http fetch GET 200 https://registry.npmjs.org/@msgpackr-extract%2fmsgpackr-extract-linux-x64 107ms (cache miss)
2192 silly packumentCache full:https://registry.npmjs.org/@msgpackr-extract%2fmsgpackr-extract-linux-x64 set size:undefined disposed:false
2193 http fetch GET 200 https://registry.npmjs.org/@msgpackr-extract%2fmsgpackr-extract-darwin-arm64 119ms (cache miss)
2194 silly packumentCache full:https://registry.npmjs.org/@msgpackr-extract%2fmsgpackr-extract-darwin-arm64 set size:undefined disposed:false
2195 http fetch GET 200 https://registry.npmjs.org/@msgpackr-extract%2fmsgpackr-extract-linux-arm64 122ms (cache miss)
2196 silly packumentCache full:https://registry.npmjs.org/@msgpackr-extract%2fmsgpackr-extract-linux-arm64 set size:undefined disposed:false
2197 silly placeDep ROOT @msgpackr-extract/msgpackr-extract-darwin-arm64@3.0.4 OK for: msgpackr-extract@3.0.4 want: 3.0.4
2198 silly placeDep ROOT @msgpackr-extract/msgpackr-extract-darwin-x64@3.0.4 OK for: msgpackr-extract@3.0.4 want: 3.0.4
2199 silly placeDep ROOT @msgpackr-extract/msgpackr-extract-linux-arm@3.0.4 OK for: msgpackr-extract@3.0.4 want: 3.0.4
2200 silly placeDep ROOT @msgpackr-extract/msgpackr-extract-linux-arm64@3.0.4 OK for: msgpackr-extract@3.0.4 want: 3.0.4
2201 silly placeDep ROOT @msgpackr-extract/msgpackr-extract-linux-x64@3.0.4 OK for: msgpackr-extract@3.0.4 want: 3.0.4
2202 silly placeDep ROOT @msgpackr-extract/msgpackr-extract-win32-x64@3.0.4 OK for: msgpackr-extract@3.0.4 want: 3.0.4
2203 silly placeDep ROOT detect-libc@2.1.2 OK for: node-gyp-build-optional-packages@5.2.2 want: ^2.0.1
2204 silly placeDep ROOT hosted-git-info@9.0.3 OK for: npm-package-arg@13.0.2 want: ^9.0.0
2205 silly placeDep ROOT proc-log@6.1.0 OK for: npm-package-arg@13.0.2 want: ^6.0.0
2206 silly placeDep ROOT validate-npm-package-name@7.0.2 OK for: npm-package-arg@13.0.2 want: ^7.0.0
2207 silly fetch manifest lru-cache@^11.1.0
2208 silly packumentCache full:https://registry.npmjs.org/lru-cache cache-hit
2209 silly placeDep node_modules/hosted-git-info lru-cache@11.5.1 OK for: hosted-git-info@9.0.3 want: ^11.1.0
2210 silly placeDep ROOT ee-first@1.1.1 OK for: on-finished@2.4.1 want: 1.1.1
2211 silly placeDep ROOT wrappy@1.0.2 OK for: once@1.4.0 want: 1
2212 silly placeDep ROOT chalk@5.6.2 OK for: ora@9.4.0 want: ^5.6.2
2213 silly placeDep ROOT cli-spinners@3.4.0 OK for: ora@9.4.0 want: ^3.2.0
2214 silly placeDep ROOT is-interactive@2.0.0 OK for: ora@9.4.0 want: ^2.0.0
2215 silly placeDep ROOT is-unicode-supported@2.1.0 OK for: ora@9.4.0 want: ^2.1.0
2216 silly placeDep ROOT log-symbols@7.0.1 OK for: ora@9.4.0 want: ^7.0.1
2217 silly placeDep ROOT stdin-discarder@0.3.2 OK for: ora@9.4.0 want: ^0.3.2
2218 silly fetch manifest yoctocolors@^2.1.1
2219 silly packumentCache full:https://registry.npmjs.org/yoctocolors cache-miss
2220 http fetch GET 200 https://registry.npmjs.org/yoctocolors 91ms (cache miss)
2221 silly packumentCache full:https://registry.npmjs.org/yoctocolors set size:undefined disposed:false
2222 silly placeDep ROOT yoctocolors@2.1.2 OK for: log-symbols@7.0.1 want: ^2.1.1
2223 silly placeDep ROOT @gar/promise-retry@1.0.3 OK for: pacote@21.5.1 want: ^1.0.0
2224 silly placeDep ROOT @npmcli/git@7.0.2 OK for: pacote@21.5.1 want: ^7.0.0
2225 silly placeDep ROOT @npmcli/installed-package-contents@4.0.0 OK for: pacote@21.5.1 want: ^4.0.0
2226 silly placeDep ROOT @npmcli/package-json@7.0.5 OK for: pacote@21.5.1 want: ^7.0.0
2227 silly placeDep ROOT @npmcli/promise-spawn@9.0.1 OK for: pacote@21.5.1 want: ^9.0.0
2228 silly placeDep ROOT @npmcli/run-script@10.0.4 OK for: pacote@21.5.1 want: ^10.0.0
2229 silly placeDep ROOT cacache@20.0.4 OK for: pacote@21.5.1 want: ^20.0.0
2230 silly placeDep ROOT fs-minipass@3.0.3 OK for: pacote@21.5.1 want: ^3.0.0
2231 silly placeDep ROOT minipass@7.1.3 OK for: pacote@21.5.1 want: ^7.0.2
2232 silly placeDep ROOT npm-packlist@10.0.4 OK for: pacote@21.5.1 want: ^10.0.1
2233 silly placeDep ROOT npm-pick-manifest@11.0.3 OK for: pacote@21.5.1 want: ^11.0.1
2234 silly placeDep ROOT npm-registry-fetch@19.1.1 OK for: pacote@21.5.1 want: ^19.0.0
2235 silly placeDep ROOT sigstore@4.1.1 OK for: pacote@21.5.1 want: ^4.0.0
2236 silly placeDep ROOT ssri@13.0.1 OK for: pacote@21.5.1 want: ^13.0.0
2237 silly placeDep ROOT tar@7.5.19 OK for: pacote@21.5.1 want: ^7.4.3
2238 silly fetch manifest which@^6.0.0
2239 silly packumentCache full:https://registry.npmjs.org/which cache-miss
2240 silly fetch manifest lru-cache@^11.2.1
2241 silly packumentCache full:https://registry.npmjs.org/lru-cache cache-hit
2242 silly fetch manifest npm-bundled@^5.0.0
2243 silly packumentCache full:https://registry.npmjs.org/npm-bundled cache-miss
2244 silly fetch manifest npm-normalize-package-bin@^5.0.0
2245 silly packumentCache full:https://registry.npmjs.org/npm-normalize-package-bin cache-miss
2246 silly fetch manifest glob@^13.0.0
2247 silly packumentCache full:https://registry.npmjs.org/glob cache-miss
2248 silly fetch manifest spdx-expression-parse@^4.0.0
2249 silly packumentCache full:https://registry.npmjs.org/spdx-expression-parse cache-miss
2250 silly fetch manifest json-parse-even-better-errors@^5.0.0
2251 silly packumentCache full:https://registry.npmjs.org/json-parse-even-better-errors cache-miss
2252 silly fetch manifest which@^6.0.0
2253 silly packumentCache full:https://registry.npmjs.org/which cache-miss
2254 silly fetch manifest node-gyp@^12.1.0
2255 silly packumentCache full:https://registry.npmjs.org/node-gyp cache-miss
2256 silly fetch manifest @npmcli/node-gyp@^5.0.0
2257 silly packumentCache full:https://registry.npmjs.org/@npmcli%2fnode-gyp cache-miss
2258 http cache https://registry.npmjs.org/which 3ms (cache hit)
2259 silly packumentCache full:https://registry.npmjs.org/which set size:70143 disposed:false
2260 silly fetch manifest glob@^13.0.0
2261 silly packumentCache full:https://registry.npmjs.org/glob cache-miss
2262 http cache https://registry.npmjs.org/which 4ms (cache hit)
2263 silly packumentCache full:https://registry.npmjs.org/which set size:70143 disposed:false
2264 silly packumentCache full:https://registry.npmjs.org/which dispose
2265 silly fetch manifest p-map@^7.0.2
2266 silly packumentCache full:https://registry.npmjs.org/p-map cache-miss
2267 http fetch GET 200 https://registry.npmjs.org/spdx-expression-parse 96ms (cache miss)
2268 silly packumentCache full:https://registry.npmjs.org/spdx-expression-parse set size:undefined disposed:false
2269 silly fetch manifest minipass@^7.0.3
2270 silly packumentCache full:https://registry.npmjs.org/minipass cache-miss
2271 http fetch GET 200 https://registry.npmjs.org/npm-bundled 98ms (cache miss)
2272 silly packumentCache full:https://registry.npmjs.org/npm-bundled set size:undefined disposed:false
2273 silly fetch manifest @npmcli/fs@^5.0.0
2274 silly packumentCache full:https://registry.npmjs.org/@npmcli%2ffs cache-miss
2275 http fetch GET 200 https://registry.npmjs.org/json-parse-even-better-errors 99ms (cache miss)
2276 silly packumentCache full:https://registry.npmjs.org/json-parse-even-better-errors set size:undefined disposed:false
2277 silly fetch manifest minipass-flush@^1.0.5
2278 silly packumentCache full:https://registry.npmjs.org/minipass-flush cache-miss
2279 http cache https://registry.npmjs.org/minipass 4ms (cache hit)
2280 silly packumentCache full:https://registry.npmjs.org/minipass set size:276925 disposed:false
2281 silly fetch manifest minipass-collect@^2.0.1
2282 silly packumentCache full:https://registry.npmjs.org/minipass-collect cache-miss
2283 http fetch GET 200 https://registry.npmjs.org/npm-normalize-package-bin 103ms (cache miss)
2284 silly packumentCache full:https://registry.npmjs.org/npm-normalize-package-bin set size:undefined disposed:false
2285 silly fetch manifest minipass-pipeline@^1.2.4
2286 silly packumentCache full:https://registry.npmjs.org/minipass-pipeline cache-miss
2287 http fetch GET 200 https://registry.npmjs.org/p-map 100ms (cache miss)
2288 silly packumentCache full:https://registry.npmjs.org/p-map set size:undefined disposed:false
2289 silly fetch manifest ignore-walk@^8.0.0
2290 silly packumentCache full:https://registry.npmjs.org/ignore-walk cache-miss
2291 http fetch GET 200 https://registry.npmjs.org/node-gyp 107ms (cache miss)
2292 silly packumentCache full:https://registry.npmjs.org/node-gyp set size:undefined disposed:false
2293 silly fetch manifest npm-install-checks@^8.0.0
2294 silly packumentCache full:https://registry.npmjs.org/npm-install-checks cache-miss
2295 http fetch GET 200 https://registry.npmjs.org/glob 113ms (cache miss)
2296 silly packumentCache full:https://registry.npmjs.org/glob set size:undefined disposed:false
2297 silly fetch manifest minizlib@^3.0.1
2298 silly packumentCache full:https://registry.npmjs.org/minizlib cache-miss
2299 http fetch GET 200 https://registry.npmjs.org/@npmcli%2fnode-gyp 127ms (cache miss)
2300 silly packumentCache full:https://registry.npmjs.org/@npmcli%2fnode-gyp set size:undefined disposed:false
2301 silly fetch manifest jsonparse@^1.3.1
2302 silly packumentCache full:https://registry.npmjs.org/jsonparse cache-miss
2303 http fetch GET 200 https://registry.npmjs.org/glob 145ms (cache miss)
2304 silly packumentCache full:https://registry.npmjs.org/glob set size:undefined disposed:false
2305 silly fetch manifest @npmcli/redact@^4.0.0
2306 silly packumentCache full:https://registry.npmjs.org/@npmcli%2fredact cache-miss
2307 http fetch GET 200 https://registry.npmjs.org/minipass-flush 86ms (cache miss)
2308 silly packumentCache full:https://registry.npmjs.org/minipass-flush set size:undefined disposed:false
2309 silly fetch manifest minipass-fetch@^5.0.0
2310 silly packumentCache full:https://registry.npmjs.org/minipass-fetch cache-miss
2311 http fetch GET 200 https://registry.npmjs.org/minipass-collect 187ms (cache miss)
2312 silly packumentCache full:https://registry.npmjs.org/minipass-collect set size:undefined disposed:false
2313 silly fetch manifest make-fetch-happen@^15.0.0
2314 silly packumentCache full:https://registry.npmjs.org/make-fetch-happen cache-miss
2315 http fetch GET 200 https://registry.npmjs.org/@npmcli%2fredact 141ms (cache miss)
2316 silly packumentCache full:https://registry.npmjs.org/@npmcli%2fredact set size:undefined disposed:false
2317 silly fetch manifest @sigstore/tuf@^4.0.2
2318 silly packumentCache full:https://registry.npmjs.org/@sigstore%2ftuf cache-miss
2319 http fetch GET 200 https://registry.npmjs.org/jsonparse 165ms (cache miss)
2320 silly packumentCache full:https://registry.npmjs.org/jsonparse set size:undefined disposed:false
2321 silly fetch manifest @sigstore/core@^3.2.1
2322 silly packumentCache full:https://registry.npmjs.org/@sigstore%2fcore cache-miss
2323 http fetch GET 200 https://registry.npmjs.org/minipass-pipeline 193ms (cache miss)
2324 silly packumentCache full:https://registry.npmjs.org/minipass-pipeline set size:undefined disposed:false
2325 silly fetch manifest @sigstore/sign@^4.1.1
2326 silly packumentCache full:https://registry.npmjs.org/@sigstore%2fsign cache-miss
2327 http fetch GET 200 https://registry.npmjs.org/ignore-walk 193ms (cache miss)
2328 silly packumentCache full:https://registry.npmjs.org/ignore-walk set size:undefined disposed:false
2329 silly fetch manifest @sigstore/bundle@^4.0.0
2330 silly packumentCache full:https://registry.npmjs.org/@sigstore%2fbundle cache-miss
2331 http fetch GET 200 https://registry.npmjs.org/@npmcli%2ffs 202ms (cache miss)
2332 silly packumentCache full:https://registry.npmjs.org/@npmcli%2ffs set size:undefined disposed:false
2333 silly fetch manifest @sigstore/verify@^3.1.1
2334 silly packumentCache full:https://registry.npmjs.org/@sigstore%2fverify cache-miss
2335 http fetch GET 200 https://registry.npmjs.org/minizlib 186ms (cache miss)
2336 silly packumentCache full:https://registry.npmjs.org/minizlib set size:undefined disposed:false
2337 silly fetch manifest @sigstore/protobuf-specs@^0.5.0
2338 silly packumentCache full:https://registry.npmjs.org/@sigstore%2fprotobuf-specs cache-miss
2339 http fetch GET 200 https://registry.npmjs.org/npm-install-checks 193ms (cache miss)
2340 silly packumentCache full:https://registry.npmjs.org/npm-install-checks set size:undefined disposed:false
2341 silly fetch manifest @isaacs/fs-minipass@^4.0.0
2342 silly packumentCache full:https://registry.npmjs.org/@isaacs%2ffs-minipass cache-miss
2343 http fetch GET 200 https://registry.npmjs.org/minipass-fetch 172ms (cache miss)
2344 silly packumentCache full:https://registry.npmjs.org/minipass-fetch set size:undefined disposed:false
2345 silly fetch manifest chownr@^3.0.0
2346 silly packumentCache full:https://registry.npmjs.org/chownr cache-miss
2347 http fetch GET 200 https://registry.npmjs.org/make-fetch-happen 92ms (cache miss)
2348 silly packumentCache full:https://registry.npmjs.org/make-fetch-happen set size:undefined disposed:false
2349 silly fetch manifest minizlib@^3.1.0
2350 silly packumentCache full:https://registry.npmjs.org/minizlib cache-miss
2351 http cache https://registry.npmjs.org/minizlib 1ms (cache hit)
2352 silly packumentCache full:https://registry.npmjs.org/minizlib set size:62862 disposed:false
2353 silly fetch manifest yallist@^5.0.0
2354 silly packumentCache full:https://registry.npmjs.org/yallist cache-miss
2355 http cache https://registry.npmjs.org/yallist 1ms (cache hit)
2356 silly packumentCache full:https://registry.npmjs.org/yallist set size:34610 disposed:false
2357 http fetch GET 200 https://registry.npmjs.org/@sigstore%2fsign 98ms (cache miss)
2358 silly packumentCache full:https://registry.npmjs.org/@sigstore%2fsign set size:undefined disposed:false
2359 http fetch GET 200 https://registry.npmjs.org/@sigstore%2fcore 106ms (cache miss)
2360 silly packumentCache full:https://registry.npmjs.org/@sigstore%2fcore set size:undefined disposed:false
2361 http fetch GET 200 https://registry.npmjs.org/@sigstore%2fbundle 103ms (cache miss)
2362 silly packumentCache full:https://registry.npmjs.org/@sigstore%2fbundle set size:undefined disposed:false
2363 http fetch GET 200 https://registry.npmjs.org/@sigstore%2fverify 105ms (cache miss)
2364 silly packumentCache full:https://registry.npmjs.org/@sigstore%2fverify set size:undefined disposed:false
2365 http fetch GET 200 https://registry.npmjs.org/@sigstore%2ftuf 124ms (cache miss)
2366 silly packumentCache full:https://registry.npmjs.org/@sigstore%2ftuf set size:undefined disposed:false
2367 http fetch GET 200 https://registry.npmjs.org/@sigstore%2fprotobuf-specs 117ms (cache miss)
2368 silly packumentCache full:https://registry.npmjs.org/@sigstore%2fprotobuf-specs set size:undefined disposed:false
2369 http fetch GET 200 https://registry.npmjs.org/chownr 68ms (cache miss)
2370 silly packumentCache full:https://registry.npmjs.org/chownr set size:undefined disposed:false
2371 http fetch GET 200 https://registry.npmjs.org/@isaacs%2ffs-minipass 135ms (cache miss)
2372 silly packumentCache full:https://registry.npmjs.org/@isaacs%2ffs-minipass set size:undefined disposed:false
2373 silly placeDep node_modules/@npmcli/git lru-cache@11.5.1 OK for: @npmcli/git@7.0.2 want: ^11.2.1
2374 silly placeDep node_modules/@npmcli/git which@6.0.1 OK for: @npmcli/git@7.0.2 want: ^6.0.0
2375 silly fetch manifest isexe@^4.0.0
2376 silly packumentCache full:https://registry.npmjs.org/isexe cache-miss
2377 http cache https://registry.npmjs.org/isexe 2ms (cache hit)
2378 silly packumentCache full:https://registry.npmjs.org/isexe set size:31756 disposed:false
2379 silly placeDep ROOT npm-bundled@5.0.0 OK for: @npmcli/installed-package-contents@4.0.0 want: ^5.0.0
2380 silly placeDep ROOT npm-normalize-package-bin@5.0.0 OK for: @npmcli/installed-package-contents@4.0.0 want: ^5.0.0
2381 silly placeDep ROOT glob@13.0.6 OK for: @npmcli/package-json@7.0.5 want: ^13.0.0
2382 silly placeDep ROOT json-parse-even-better-errors@5.0.0 OK for: @npmcli/package-json@7.0.5 want: ^5.0.0
2383 silly placeDep ROOT spdx-expression-parse@4.0.0 OK for: @npmcli/package-json@7.0.5 want: ^4.0.0
2384 silly fetch manifest minimatch@^10.2.2
2385 silly packumentCache full:https://registry.npmjs.org/minimatch cache-miss
2386 silly fetch manifest path-scurry@^2.0.2
2387 silly packumentCache full:https://registry.npmjs.org/path-scurry cache-miss
2388 silly fetch manifest spdx-exceptions@^2.1.0
2389 silly packumentCache full:https://registry.npmjs.org/spdx-exceptions cache-miss
2390 silly fetch manifest spdx-license-ids@^3.0.0
2391 silly packumentCache full:https://registry.npmjs.org/spdx-license-ids cache-miss
2392 http fetch GET 200 https://registry.npmjs.org/spdx-exceptions 89ms (cache miss)
2393 silly packumentCache full:https://registry.npmjs.org/spdx-exceptions set size:undefined disposed:false
2394 http fetch GET 200 https://registry.npmjs.org/spdx-license-ids 90ms (cache miss)
2395 silly packumentCache full:https://registry.npmjs.org/spdx-license-ids set size:undefined disposed:false
2396 http fetch GET 200 https://registry.npmjs.org/path-scurry 99ms (cache miss)
2397 silly packumentCache full:https://registry.npmjs.org/path-scurry set size:undefined disposed:false
2398 http fetch GET 200 https://registry.npmjs.org/minimatch 101ms (cache miss)
2399 silly packumentCache full:https://registry.npmjs.org/minimatch set size:undefined disposed:false
2400 silly placeDep node_modules/@npmcli/promise-spawn which@6.0.1 OK for: @npmcli/promise-spawn@9.0.1 want: ^6.0.0
2401 silly placeDep ROOT @npmcli/node-gyp@5.0.0 OK for: @npmcli/run-script@10.0.4 want: ^5.0.0
2402 silly placeDep ROOT node-gyp@12.4.0 OK for: @npmcli/run-script@10.0.4 want: ^12.1.0
2403 silly fetch manifest nopt@^9.0.0
2404 silly packumentCache full:https://registry.npmjs.org/nopt cache-miss
2405 silly fetch manifest undici@^6.25.0
2406 silly packumentCache full:https://registry.npmjs.org/undici cache-miss
2407 silly fetch manifest env-paths@^2.2.0
2408 silly packumentCache full:https://registry.npmjs.org/env-paths cache-miss
2409 silly fetch manifest graceful-fs@^4.2.6
2410 silly packumentCache full:https://registry.npmjs.org/graceful-fs cache-miss
2411 silly fetch manifest exponential-backoff@^3.1.1
2412 silly packumentCache full:https://registry.npmjs.org/exponential-backoff cache-miss
2413 http cache https://registry.npmjs.org/graceful-fs 3ms (cache hit)
2414 silly packumentCache full:https://registry.npmjs.org/graceful-fs set size:124285 disposed:false
2415 http cache https://registry.npmjs.org/undici 8ms (cache hit)
2416 silly packumentCache full:https://registry.npmjs.org/undici set size:1450121 disposed:false
2417 http fetch GET 200 https://registry.npmjs.org/env-paths 75ms (cache miss)
2418 silly packumentCache full:https://registry.npmjs.org/env-paths set size:undefined disposed:false
2419 http fetch GET 200 https://registry.npmjs.org/nopt 84ms (cache miss)
2420 silly packumentCache full:https://registry.npmjs.org/nopt set size:undefined disposed:false
2421 http fetch GET 200 https://registry.npmjs.org/exponential-backoff 90ms (cache miss)
2422 silly packumentCache full:https://registry.npmjs.org/exponential-backoff set size:undefined disposed:false
2423 silly placeDep ROOT @npmcli/fs@5.0.0 OK for: cacache@20.0.4 want: ^5.0.0
2424 silly placeDep node_modules/cacache lru-cache@11.5.1 OK for: cacache@20.0.4 want: ^11.1.0
2425 silly placeDep ROOT minipass-collect@2.0.1 OK for: cacache@20.0.4 want: ^2.0.1
2426 silly placeDep ROOT minipass-flush@1.0.7 OK for: cacache@20.0.4 want: ^1.0.5
2427 silly placeDep ROOT minipass-pipeline@1.2.4 OK for: cacache@20.0.4 want: ^1.2.4
2428 silly placeDep ROOT p-map@7.0.5 OK for: cacache@20.0.4 want: ^7.0.2
2429 silly fetch manifest minipass@^3.0.0
2430 silly packumentCache full:https://registry.npmjs.org/minipass cache-hit
2431 silly fetch manifest minipass@^3.0.0
2432 silly packumentCache full:https://registry.npmjs.org/minipass cache-hit
2433 silly placeDep ROOT minimatch@10.2.5 OK for: glob@13.0.6 want: ^10.2.2
2434 silly placeDep ROOT path-scurry@2.0.2 OK for: glob@13.0.6 want: ^2.0.2
2435 silly fetch manifest brace-expansion@^5.0.5
2436 silly packumentCache full:https://registry.npmjs.org/brace-expansion cache-miss
2437 silly fetch manifest lru-cache@^11.0.0
2438 silly packumentCache full:https://registry.npmjs.org/lru-cache cache-hit
2439 http fetch GET 200 https://registry.npmjs.org/brace-expansion 157ms (cache miss)
2440 silly packumentCache full:https://registry.npmjs.org/brace-expansion set size:undefined disposed:false
2441 silly placeDep ROOT brace-expansion@5.0.7 OK for: minimatch@10.2.5 want: ^5.0.5
2442 silly fetch manifest balanced-match@^4.0.2
2443 silly packumentCache full:https://registry.npmjs.org/balanced-match cache-miss
2444 http fetch GET 200 https://registry.npmjs.org/balanced-match 122ms (cache miss)
2445 silly packumentCache full:https://registry.npmjs.org/balanced-match set size:undefined disposed:false
2446 silly placeDep ROOT balanced-match@4.0.4 OK for: brace-expansion@5.0.7 want: ^4.0.2
2447 silly placeDep node_modules/minipass-flush minipass@3.3.6 OK for: minipass-flush@1.0.7 want: ^3.0.0
2448 silly fetch manifest yallist@^4.0.0
2449 silly packumentCache full:https://registry.npmjs.org/yallist cache-hit
2450 silly placeDep node_modules/minipass-pipeline minipass@3.3.6 OK for: minipass-pipeline@1.2.4 want: ^3.0.0
2451 silly placeDep ROOT env-paths@2.2.1 OK for: node-gyp@12.4.0 want: ^2.2.0
2452 silly placeDep ROOT exponential-backoff@3.1.3 OK for: node-gyp@12.4.0 want: ^3.1.1
2453 silly placeDep ROOT graceful-fs@4.2.11 OK for: node-gyp@12.4.0 want: ^4.2.6
2454 silly placeDep ROOT nopt@9.0.0 OK for: node-gyp@12.4.0 want: ^9.0.0
2455 silly placeDep node_modules/node-gyp undici@6.27.0 OK for: node-gyp@12.4.0 want: ^6.25.0
2456 silly placeDep node_modules/node-gyp which@6.0.1 OK for: node-gyp@12.4.0 want: ^6.0.0
2457 silly fetch manifest abbrev@^4.0.0
2458 silly packumentCache full:https://registry.npmjs.org/abbrev cache-miss
2459 http fetch GET 200 https://registry.npmjs.org/abbrev 86ms (cache miss)
2460 silly packumentCache full:https://registry.npmjs.org/abbrev set size:undefined disposed:false
2461 silly placeDep ROOT abbrev@4.0.0 OK for: nopt@9.0.0 want: ^4.0.0
2462 silly placeDep ROOT ignore-walk@8.0.0 OK for: npm-packlist@10.0.4 want: ^8.0.0
2463 silly placeDep ROOT npm-install-checks@8.0.0 OK for: npm-pick-manifest@11.0.3 want: ^8.0.0
2464 silly placeDep ROOT @npmcli/redact@4.0.0 OK for: npm-registry-fetch@19.1.1 want: ^4.0.0
2465 silly placeDep ROOT jsonparse@1.3.1 OK for: npm-registry-fetch@19.1.1 want: ^1.3.1
2466 silly placeDep ROOT make-fetch-happen@15.0.6 OK for: npm-registry-fetch@19.1.1 want: ^15.0.0
2467 silly placeDep ROOT minipass-fetch@5.0.2 OK for: npm-registry-fetch@19.1.1 want: ^5.0.0
2468 silly placeDep ROOT minizlib@3.1.0 OK for: npm-registry-fetch@19.1.1 want: ^3.0.1
2469 silly fetch manifest @npmcli/agent@^4.0.0
2470 silly packumentCache full:https://registry.npmjs.org/@npmcli%2fagent cache-miss
2471 silly fetch manifest http-cache-semantics@^4.1.1
2472 silly packumentCache full:https://registry.npmjs.org/http-cache-semantics cache-miss
2473 silly fetch manifest minipass-sized@^2.0.0
2474 silly packumentCache full:https://registry.npmjs.org/minipass-sized cache-miss
2475 http fetch GET 200 https://registry.npmjs.org/http-cache-semantics 80ms (cache miss)
2476 silly packumentCache full:https://registry.npmjs.org/http-cache-semantics set size:undefined disposed:false
2477 http fetch GET 200 https://registry.npmjs.org/minipass-sized 84ms (cache miss)
2478 silly packumentCache full:https://registry.npmjs.org/minipass-sized set size:undefined disposed:false
2479 http fetch GET 200 https://registry.npmjs.org/@npmcli%2fagent 113ms (cache miss)
2480 silly packumentCache full:https://registry.npmjs.org/@npmcli%2fagent set size:undefined disposed:false
2481 silly placeDep ROOT @npmcli/agent@4.0.2 OK for: make-fetch-happen@15.0.6 want: ^4.0.0
2482 silly placeDep ROOT http-cache-semantics@4.2.0 OK for: make-fetch-happen@15.0.6 want: ^4.1.1
2483 silly fetch manifest https-proxy-agent@^7.0.1
2484 silly packumentCache full:https://registry.npmjs.org/https-proxy-agent cache-hit
2485 silly fetch manifest socks-proxy-agent@^8.0.3
2486 silly packumentCache full:https://registry.npmjs.org/socks-proxy-agent cache-miss
2487 http fetch GET 200 https://registry.npmjs.org/socks-proxy-agent 172ms (cache miss)
2488 silly packumentCache full:https://registry.npmjs.org/socks-proxy-agent set size:undefined disposed:false
2489 silly placeDep node_modules/@npmcli/agent agent-base@7.1.4 OK for: @npmcli/agent@4.0.2 want: ^7.1.0
2490 silly placeDep node_modules/@npmcli/agent https-proxy-agent@7.0.6 OK for: @npmcli/agent@4.0.2 want: ^7.0.1
2491 silly placeDep node_modules/@npmcli/agent lru-cache@11.5.1 OK for: @npmcli/agent@4.0.2 want: ^11.2.1
2492 silly placeDep ROOT socks-proxy-agent@8.0.5 OK for: @npmcli/agent@4.0.2 want: ^8.0.3
2493 silly fetch manifest socks@^2.8.3
2494 silly packumentCache full:https://registry.npmjs.org/socks cache-miss
2495 http fetch GET 200 https://registry.npmjs.org/socks 88ms (cache miss)
2496 silly packumentCache full:https://registry.npmjs.org/socks set size:undefined disposed:false
2497 silly placeDep ROOT minipass-sized@2.0.0 OK for: minipass-fetch@5.0.2 want: ^2.0.0
2498 silly placeDep node_modules/parse5 entities@8.0.0 OK for: parse5@8.0.1 want: ^8.0.0
2499 silly placeDep node_modules/parse5-html-rewriting-stream entities@8.0.0 OK for: parse5-html-rewriting-stream@8.0.1 want: ^8.0.0
2500 silly placeDep ROOT parse5-sax-parser@8.0.0 OK for: parse5-html-rewriting-stream@8.0.1 want: ^8.0.0
2501 silly placeDep node_modules/path-scurry lru-cache@11.5.1 OK for: path-scurry@2.0.2 want: ^11.0.0
2502 silly placeDep ROOT @napi-rs/nice@1.1.1 OK for: piscina@5.2.0 want: ^1.0.4
2503 silly fetch manifest @napi-rs/nice-darwin-x64@1.1.1
2504 silly packumentCache full:https://registry.npmjs.org/@napi-rs%2fnice-darwin-x64 cache-miss
2505 silly fetch manifest @napi-rs/nice-darwin-arm64@1.1.1
2506 silly packumentCache full:https://registry.npmjs.org/@napi-rs%2fnice-darwin-arm64 cache-miss
2507 silly fetch manifest @napi-rs/nice-linux-x64-gnu@1.1.1
2508 silly packumentCache full:https://registry.npmjs.org/@napi-rs%2fnice-linux-x64-gnu cache-miss
2509 silly fetch manifest @napi-rs/nice-win32-x64-msvc@1.1.1
2510 silly packumentCache full:https://registry.npmjs.org/@napi-rs%2fnice-win32-x64-msvc cache-miss
2511 silly fetch manifest @napi-rs/nice-linux-x64-musl@1.1.1
2512 silly packumentCache full:https://registry.npmjs.org/@napi-rs%2fnice-linux-x64-musl cache-miss
2513 silly fetch manifest @napi-rs/nice-linux-arm64-gnu@1.1.1
2514 silly packumentCache full:https://registry.npmjs.org/@napi-rs%2fnice-linux-arm64-gnu cache-miss
2515 silly fetch manifest @napi-rs/nice-win32-ia32-msvc@1.1.1
2516 silly packumentCache full:https://registry.npmjs.org/@napi-rs%2fnice-win32-ia32-msvc cache-miss
2517 silly fetch manifest @napi-rs/nice-linux-arm-gnueabihf@1.1.1
2518 silly packumentCache full:https://registry.npmjs.org/@napi-rs%2fnice-linux-arm-gnueabihf cache-miss
2519 silly fetch manifest @napi-rs/nice-android-arm64@1.1.1
2520 silly packumentCache full:https://registry.npmjs.org/@napi-rs%2fnice-android-arm64 cache-miss
2521 http fetch GET 200 https://registry.npmjs.org/@napi-rs%2fnice-darwin-x64 101ms (cache miss)
2522 silly packumentCache full:https://registry.npmjs.org/@napi-rs%2fnice-darwin-x64 set size:undefined disposed:false
2523 silly fetch manifest @napi-rs/nice-freebsd-x64@1.1.1
2524 silly packumentCache full:https://registry.npmjs.org/@napi-rs%2fnice-freebsd-x64 cache-miss
2525 http fetch GET 200 https://registry.npmjs.org/@napi-rs%2fnice-darwin-arm64 102ms (cache miss)
2526 silly packumentCache full:https://registry.npmjs.org/@napi-rs%2fnice-darwin-arm64 set size:undefined disposed:false
2527 silly fetch manifest @napi-rs/nice-linux-arm64-musl@1.1.1
2528 silly packumentCache full:https://registry.npmjs.org/@napi-rs%2fnice-linux-arm64-musl cache-miss
2529 http fetch GET 200 https://registry.npmjs.org/@napi-rs%2fnice-linux-x64-musl 109ms (cache miss)
2530 silly packumentCache full:https://registry.npmjs.org/@napi-rs%2fnice-linux-x64-musl set size:undefined disposed:false
2531 silly fetch manifest @napi-rs/nice-android-arm-eabi@1.1.1
2532 silly packumentCache full:https://registry.npmjs.org/@napi-rs%2fnice-android-arm-eabi cache-miss
2533 http fetch GET 200 https://registry.npmjs.org/@napi-rs%2fnice-android-arm64 110ms (cache miss)
2534 silly packumentCache full:https://registry.npmjs.org/@napi-rs%2fnice-android-arm64 set size:undefined disposed:false
2535 silly fetch manifest @napi-rs/nice-win32-arm64-msvc@1.1.1
2536 silly packumentCache full:https://registry.npmjs.org/@napi-rs%2fnice-win32-arm64-msvc cache-miss
2537 http fetch GET 200 https://registry.npmjs.org/@napi-rs%2fnice-linux-arm-gnueabihf 112ms (cache miss)
2538 silly packumentCache full:https://registry.npmjs.org/@napi-rs%2fnice-linux-arm-gnueabihf set size:undefined disposed:false
2539 silly fetch manifest @napi-rs/nice-linux-ppc64-gnu@1.1.1
2540 silly packumentCache full:https://registry.npmjs.org/@napi-rs%2fnice-linux-ppc64-gnu cache-miss
2541 http fetch GET 200 https://registry.npmjs.org/@napi-rs%2fnice-linux-x64-gnu 117ms (cache miss)
2542 silly packumentCache full:https://registry.npmjs.org/@napi-rs%2fnice-linux-x64-gnu set size:undefined disposed:false
2543 silly fetch manifest @napi-rs/nice-linux-s390x-gnu@1.1.1
2544 silly packumentCache full:https://registry.npmjs.org/@napi-rs%2fnice-linux-s390x-gnu cache-miss
2545 http fetch GET 200 https://registry.npmjs.org/@napi-rs%2fnice-win32-x64-msvc 117ms (cache miss)
2546 silly packumentCache full:https://registry.npmjs.org/@napi-rs%2fnice-win32-x64-msvc set size:undefined disposed:false
2547 silly fetch manifest @napi-rs/nice-linux-riscv64-gnu@1.1.1
2548 silly packumentCache full:https://registry.npmjs.org/@napi-rs%2fnice-linux-riscv64-gnu cache-miss
2549 http fetch GET 200 https://registry.npmjs.org/@napi-rs%2fnice-win32-ia32-msvc 120ms (cache miss)
2550 silly packumentCache full:https://registry.npmjs.org/@napi-rs%2fnice-win32-ia32-msvc set size:undefined disposed:false
2551 silly fetch manifest @napi-rs/nice-openharmony-arm64@1.1.1
2552 silly packumentCache full:https://registry.npmjs.org/@napi-rs%2fnice-openharmony-arm64 cache-miss
2553 http fetch GET 200 https://registry.npmjs.org/@napi-rs%2fnice-linux-arm64-gnu 121ms (cache miss)
2554 silly packumentCache full:https://registry.npmjs.org/@napi-rs%2fnice-linux-arm64-gnu set size:undefined disposed:false
2555 http fetch GET 200 https://registry.npmjs.org/@napi-rs%2fnice-freebsd-x64 96ms (cache miss)
2556 silly packumentCache full:https://registry.npmjs.org/@napi-rs%2fnice-freebsd-x64 set size:undefined disposed:false
2557 http fetch GET 200 https://registry.npmjs.org/@napi-rs%2fnice-linux-arm64-musl 95ms (cache miss)
2558 silly packumentCache full:https://registry.npmjs.org/@napi-rs%2fnice-linux-arm64-musl set size:undefined disposed:false
2559 http fetch GET 200 https://registry.npmjs.org/@napi-rs%2fnice-android-arm-eabi 98ms (cache miss)
2560 silly packumentCache full:https://registry.npmjs.org/@napi-rs%2fnice-android-arm-eabi set size:undefined disposed:false
2561 http fetch GET 200 https://registry.npmjs.org/@napi-rs%2fnice-linux-riscv64-gnu 102ms (cache miss)
2562 silly packumentCache full:https://registry.npmjs.org/@napi-rs%2fnice-linux-riscv64-gnu set size:undefined disposed:false
2563 http fetch GET 200 https://registry.npmjs.org/@napi-rs%2fnice-win32-arm64-msvc 116ms (cache miss)
2564 silly packumentCache full:https://registry.npmjs.org/@napi-rs%2fnice-win32-arm64-msvc set size:undefined disposed:false
2565 http fetch GET 200 https://registry.npmjs.org/@napi-rs%2fnice-linux-s390x-gnu 128ms (cache miss)
2566 silly packumentCache full:https://registry.npmjs.org/@napi-rs%2fnice-linux-s390x-gnu set size:undefined disposed:false
2567 http fetch GET 200 https://registry.npmjs.org/@napi-rs%2fnice-openharmony-arm64 124ms (cache miss)
2568 silly packumentCache full:https://registry.npmjs.org/@napi-rs%2fnice-openharmony-arm64 set size:undefined disposed:false
2569 http fetch GET 200 https://registry.npmjs.org/@napi-rs%2fnice-linux-ppc64-gnu 137ms (cache miss)
2570 silly packumentCache full:https://registry.npmjs.org/@napi-rs%2fnice-linux-ppc64-gnu set size:undefined disposed:false
2571 silly placeDep ROOT @napi-rs/nice-android-arm-eabi@1.1.1 OK for: @napi-rs/nice@1.1.1 want: 1.1.1
2572 silly placeDep ROOT @napi-rs/nice-android-arm64@1.1.1 OK for: @napi-rs/nice@1.1.1 want: 1.1.1
2573 silly placeDep ROOT @napi-rs/nice-darwin-arm64@1.1.1 OK for: @napi-rs/nice@1.1.1 want: 1.1.1
2574 silly placeDep ROOT @napi-rs/nice-darwin-x64@1.1.1 OK for: @napi-rs/nice@1.1.1 want: 1.1.1
2575 silly placeDep ROOT @napi-rs/nice-freebsd-x64@1.1.1 OK for: @napi-rs/nice@1.1.1 want: 1.1.1
2576 silly placeDep ROOT @napi-rs/nice-linux-arm-gnueabihf@1.1.1 OK for: @napi-rs/nice@1.1.1 want: 1.1.1
2577 silly placeDep ROOT @napi-rs/nice-linux-arm64-gnu@1.1.1 OK for: @napi-rs/nice@1.1.1 want: 1.1.1
2578 silly placeDep ROOT @napi-rs/nice-linux-arm64-musl@1.1.1 OK for: @napi-rs/nice@1.1.1 want: 1.1.1
2579 silly placeDep ROOT @napi-rs/nice-linux-ppc64-gnu@1.1.1 OK for: @napi-rs/nice@1.1.1 want: 1.1.1
2580 silly placeDep ROOT @napi-rs/nice-linux-riscv64-gnu@1.1.1 OK for: @napi-rs/nice@1.1.1 want: 1.1.1
2581 silly placeDep ROOT @napi-rs/nice-linux-s390x-gnu@1.1.1 OK for: @napi-rs/nice@1.1.1 want: 1.1.1
2582 silly placeDep ROOT @napi-rs/nice-linux-x64-gnu@1.1.1 OK for: @napi-rs/nice@1.1.1 want: 1.1.1
2583 silly placeDep ROOT @napi-rs/nice-linux-x64-musl@1.1.1 OK for: @napi-rs/nice@1.1.1 want: 1.1.1
2584 silly placeDep ROOT @napi-rs/nice-openharmony-arm64@1.1.1 OK for: @napi-rs/nice@1.1.1 want: 1.1.1
2585 silly placeDep ROOT @napi-rs/nice-win32-arm64-msvc@1.1.1 OK for: @napi-rs/nice@1.1.1 want: 1.1.1
2586 silly placeDep ROOT @napi-rs/nice-win32-ia32-msvc@1.1.1 OK for: @napi-rs/nice@1.1.1 want: 1.1.1
2587 silly placeDep ROOT @napi-rs/nice-win32-x64-msvc@1.1.1 OK for: @napi-rs/nice@1.1.1 want: 1.1.1
2588 silly placeDep ROOT nanoid@3.3.15 OK for: postcss@8.5.16 want: ^3.3.12
2589 silly placeDep ROOT forwarded@0.2.0 OK for: proxy-addr@2.0.7 want: 0.2.0
2590 silly placeDep ROOT ipaddr.js@1.9.1 OK for: proxy-addr@2.0.7 want: 1.9.1
2591 silly placeDep ROOT es-define-property@1.0.1 OK for: qs@6.15.3 want: ^1.0.1
2592 silly placeDep ROOT side-channel@1.1.1 OK for: qs@6.15.3 want: ^1.1.1
2593 silly fetch manifest es-errors@^1.3.0
2594 silly packumentCache full:https://registry.npmjs.org/es-errors cache-miss
2595 silly fetch manifest object-inspect@^1.13.4
2596 silly packumentCache full:https://registry.npmjs.org/object-inspect cache-miss
2597 silly fetch manifest side-channel-list@^1.0.1
2598 silly packumentCache full:https://registry.npmjs.org/side-channel-list cache-miss
2599 silly fetch manifest side-channel-map@^1.0.1
2600 silly packumentCache full:https://registry.npmjs.org/side-channel-map cache-miss
2601 silly fetch manifest side-channel-weakmap@^1.0.2
2602 silly packumentCache full:https://registry.npmjs.org/side-channel-weakmap cache-miss
2603 http fetch GET 200 https://registry.npmjs.org/side-channel-map 159ms (cache miss)
2604 silly packumentCache full:https://registry.npmjs.org/side-channel-map set size:undefined disposed:false
2605 http fetch GET 200 https://registry.npmjs.org/side-channel-list 160ms (cache miss)
2606 silly packumentCache full:https://registry.npmjs.org/side-channel-list set size:undefined disposed:false
2607 http fetch GET 200 https://registry.npmjs.org/side-channel-weakmap 161ms (cache miss)
2608 silly packumentCache full:https://registry.npmjs.org/side-channel-weakmap set size:undefined disposed:false
2609 http fetch GET 200 https://registry.npmjs.org/es-errors 161ms (cache miss)
2610 silly packumentCache full:https://registry.npmjs.org/es-errors set size:undefined disposed:false
2611 http fetch GET 200 https://registry.npmjs.org/object-inspect 162ms (cache miss)
2612 silly packumentCache full:https://registry.npmjs.org/object-inspect set size:undefined disposed:false
2613 silly placeDep ROOT unpipe@1.0.0 OK for: raw-body@3.0.2 want: ~1.0.0
2614 silly placeDep ROOT onetime@7.0.0 OK for: restore-cursor@5.1.0 want: ^7.0.0
2615 silly fetch manifest mimic-function@^5.0.0
2616 silly packumentCache full:https://registry.npmjs.org/mimic-function cache-miss
2617 http fetch GET 200 https://registry.npmjs.org/mimic-function 109ms (cache miss)
2618 silly packumentCache full:https://registry.npmjs.org/mimic-function set size:undefined disposed:false
2619 silly placeDep ROOT mimic-function@5.0.1 OK for: onetime@7.0.0 want: ^5.0.0
2620 silly placeDep ROOT @rollup/rollup-android-arm-eabi@4.60.2 OK for: rollup@4.60.2 want: 4.60.2
2621 silly placeDep ROOT @rollup/rollup-android-arm64@4.60.2 OK for: rollup@4.60.2 want: 4.60.2
2622 silly placeDep ROOT @rollup/rollup-darwin-arm64@4.60.2 OK for: rollup@4.60.2 want: 4.60.2
2623 silly placeDep ROOT @rollup/rollup-darwin-x64@4.60.2 OK for: rollup@4.60.2 want: 4.60.2
2624 silly placeDep ROOT @rollup/rollup-freebsd-arm64@4.60.2 OK for: rollup@4.60.2 want: 4.60.2
2625 silly placeDep ROOT @rollup/rollup-freebsd-x64@4.60.2 OK for: rollup@4.60.2 want: 4.60.2
2626 silly placeDep ROOT @rollup/rollup-linux-arm-gnueabihf@4.60.2 OK for: rollup@4.60.2 want: 4.60.2
2627 silly placeDep ROOT @rollup/rollup-linux-arm-musleabihf@4.60.2 OK for: rollup@4.60.2 want: 4.60.2
2628 silly placeDep ROOT @rollup/rollup-linux-arm64-gnu@4.60.2 OK for: rollup@4.60.2 want: 4.60.2
2629 silly placeDep ROOT @rollup/rollup-linux-arm64-musl@4.60.2 OK for: rollup@4.60.2 want: 4.60.2
2630 silly placeDep ROOT @rollup/rollup-linux-loong64-gnu@4.60.2 OK for: rollup@4.60.2 want: 4.60.2
2631 silly placeDep ROOT @rollup/rollup-linux-loong64-musl@4.60.2 OK for: rollup@4.60.2 want: 4.60.2
2632 silly placeDep ROOT @rollup/rollup-linux-ppc64-gnu@4.60.2 OK for: rollup@4.60.2 want: 4.60.2
2633 silly placeDep ROOT @rollup/rollup-linux-ppc64-musl@4.60.2 OK for: rollup@4.60.2 want: 4.60.2
2634 silly placeDep ROOT @rollup/rollup-linux-riscv64-gnu@4.60.2 OK for: rollup@4.60.2 want: 4.60.2
2635 silly placeDep ROOT @rollup/rollup-linux-riscv64-musl@4.60.2 OK for: rollup@4.60.2 want: 4.60.2
2636 silly placeDep ROOT @rollup/rollup-linux-s390x-gnu@4.60.2 OK for: rollup@4.60.2 want: 4.60.2
2637 silly placeDep ROOT @rollup/rollup-linux-x64-gnu@4.60.2 OK for: rollup@4.60.2 want: 4.60.2
2638 silly placeDep ROOT @rollup/rollup-linux-x64-musl@4.60.2 OK for: rollup@4.60.2 want: 4.60.2
2639 silly placeDep ROOT @rollup/rollup-openbsd-x64@4.60.2 OK for: rollup@4.60.2 want: 4.60.2
2640 silly placeDep ROOT @rollup/rollup-openharmony-arm64@4.60.2 OK for: rollup@4.60.2 want: 4.60.2
2641 silly placeDep ROOT @rollup/rollup-win32-arm64-msvc@4.60.2 OK for: rollup@4.60.2 want: 4.60.2
2642 silly placeDep ROOT @rollup/rollup-win32-ia32-msvc@4.60.2 OK for: rollup@4.60.2 want: 4.60.2
2643 silly placeDep ROOT @rollup/rollup-win32-x64-gnu@4.60.2 OK for: rollup@4.60.2 want: 4.60.2
2644 silly placeDep ROOT @rollup/rollup-win32-x64-msvc@4.60.2 OK for: rollup@4.60.2 want: 4.60.2
2645 silly placeDep ROOT @types/estree@1.0.8 OK for: rollup@4.60.2 want: 1.0.8
2646 silly placeDep ROOT fsevents@2.3.3 OK for: rollup@4.60.2 want: ~2.3.2
2647 silly placeDep ROOT is-promise@4.0.0 OK for: router@2.2.0 want: ^4.0.0
2648 silly placeDep ROOT path-to-regexp@8.4.2 OK for: router@2.2.0 want: ^8.0.0
2649 silly placeDep ROOT @parcel/watcher@2.5.6 OK for: sass@1.99.0 want: ^2.4.1
2650 silly placeDep node_modules/sass chokidar@4.0.3 OK for: sass@1.99.0 want: ^4.0.0
2651 silly placeDep ROOT immutable@5.1.9 OK for: sass@1.99.0 want: ^5.1.5
2652 silly fetch manifest is-glob@^4.0.3
2653 silly packumentCache full:https://registry.npmjs.org/is-glob cache-miss
2654 silly fetch manifest node-addon-api@^7.0.0
2655 silly packumentCache full:https://registry.npmjs.org/node-addon-api cache-miss
2656 silly fetch manifest @parcel/watcher-darwin-x64@2.5.6
2657 silly packumentCache full:https://registry.npmjs.org/@parcel%2fwatcher-darwin-x64 cache-miss
2658 silly fetch manifest @parcel/watcher-darwin-arm64@2.5.6
2659 silly packumentCache full:https://registry.npmjs.org/@parcel%2fwatcher-darwin-arm64 cache-miss
2660 silly fetch manifest @parcel/watcher-win32-x64@2.5.6
2661 silly packumentCache full:https://registry.npmjs.org/@parcel%2fwatcher-win32-x64 cache-miss
2662 silly fetch manifest @parcel/watcher-win32-arm64@2.5.6
2663 silly packumentCache full:https://registry.npmjs.org/@parcel%2fwatcher-win32-arm64 cache-miss
2664 silly fetch manifest @parcel/watcher-win32-ia32@2.5.6
2665 silly packumentCache full:https://registry.npmjs.org/@parcel%2fwatcher-win32-ia32 cache-miss
2666 silly fetch manifest @parcel/watcher-linux-x64-glibc@2.5.6
2667 silly packumentCache full:https://registry.npmjs.org/@parcel%2fwatcher-linux-x64-glibc cache-miss
2668 silly fetch manifest @parcel/watcher-linux-x64-musl@2.5.6
2669 silly packumentCache full:https://registry.npmjs.org/@parcel%2fwatcher-linux-x64-musl cache-miss
2670 http cache https://registry.npmjs.org/node-addon-api 3ms (cache hit)
2671 silly packumentCache full:https://registry.npmjs.org/node-addon-api set size:365991 disposed:false
2672 silly fetch manifest @parcel/watcher-linux-arm64-glibc@2.5.6
2673 silly packumentCache full:https://registry.npmjs.org/@parcel%2fwatcher-linux-arm64-glibc cache-miss
2674 http fetch GET 200 https://registry.npmjs.org/is-glob 76ms (cache miss)
2675 silly packumentCache full:https://registry.npmjs.org/is-glob set size:undefined disposed:false
2676 silly fetch manifest @parcel/watcher-linux-arm64-musl@2.5.6
2677 silly packumentCache full:https://registry.npmjs.org/@parcel%2fwatcher-linux-arm64-musl cache-miss
2678 http fetch GET 200 https://registry.npmjs.org/@parcel%2fwatcher-linux-x64-glibc 106ms (cache miss)
2679 silly packumentCache full:https://registry.npmjs.org/@parcel%2fwatcher-linux-x64-glibc set size:undefined disposed:false
2680 silly fetch manifest @parcel/watcher-linux-arm-glibc@2.5.6
2681 silly packumentCache full:https://registry.npmjs.org/@parcel%2fwatcher-linux-arm-glibc cache-miss
2682 http fetch GET 200 https://registry.npmjs.org/@parcel%2fwatcher-darwin-arm64 107ms (cache miss)
2683 silly packumentCache full:https://registry.npmjs.org/@parcel%2fwatcher-darwin-arm64 set size:undefined disposed:false
2684 silly fetch manifest @parcel/watcher-linux-arm-musl@2.5.6
2685 silly packumentCache full:https://registry.npmjs.org/@parcel%2fwatcher-linux-arm-musl cache-miss
2686 http fetch GET 200 https://registry.npmjs.org/@parcel%2fwatcher-win32-ia32 110ms (cache miss)
2687 silly packumentCache full:https://registry.npmjs.org/@parcel%2fwatcher-win32-ia32 set size:undefined disposed:false
2688 silly fetch manifest @parcel/watcher-android-arm64@2.5.6
2689 silly packumentCache full:https://registry.npmjs.org/@parcel%2fwatcher-android-arm64 cache-miss
2690 http fetch GET 200 https://registry.npmjs.org/@parcel%2fwatcher-darwin-x64 114ms (cache miss)
2691 silly packumentCache full:https://registry.npmjs.org/@parcel%2fwatcher-darwin-x64 set size:undefined disposed:false
2692 silly fetch manifest @parcel/watcher-freebsd-x64@2.5.6
2693 silly packumentCache full:https://registry.npmjs.org/@parcel%2fwatcher-freebsd-x64 cache-miss
2694 http fetch GET 200 https://registry.npmjs.org/@parcel%2fwatcher-win32-x64 115ms (cache miss)
2695 silly packumentCache full:https://registry.npmjs.org/@parcel%2fwatcher-win32-x64 set size:undefined disposed:false
2696 silly fetch manifest readdirp@^4.0.1
2697 silly packumentCache full:https://registry.npmjs.org/readdirp cache-miss
2698 http fetch GET 200 https://registry.npmjs.org/@parcel%2fwatcher-win32-arm64 118ms (cache miss)
2699 silly packumentCache full:https://registry.npmjs.org/@parcel%2fwatcher-win32-arm64 set size:undefined disposed:false
2700 http fetch GET 200 https://registry.npmjs.org/@parcel%2fwatcher-linux-arm64-glibc 114ms (cache miss)
2701 silly packumentCache full:https://registry.npmjs.org/@parcel%2fwatcher-linux-arm64-glibc set size:undefined disposed:false
2702 http cache https://registry.npmjs.org/readdirp 3ms (cache hit)
2703 silly packumentCache full:https://registry.npmjs.org/readdirp set size:107589 disposed:false
2704 http fetch GET 200 https://registry.npmjs.org/@parcel%2fwatcher-linux-arm64-musl 112ms (cache miss)
2705 silly packumentCache full:https://registry.npmjs.org/@parcel%2fwatcher-linux-arm64-musl set size:undefined disposed:false
2706 http fetch GET 200 https://registry.npmjs.org/@parcel%2fwatcher-linux-arm-glibc 102ms (cache miss)
2707 silly packumentCache full:https://registry.npmjs.org/@parcel%2fwatcher-linux-arm-glibc set size:undefined disposed:false
2708 http fetch GET 200 https://registry.npmjs.org/@parcel%2fwatcher-linux-arm-musl 102ms (cache miss)
2709 silly packumentCache full:https://registry.npmjs.org/@parcel%2fwatcher-linux-arm-musl set size:undefined disposed:false
2710 http fetch GET 200 https://registry.npmjs.org/@parcel%2fwatcher-freebsd-x64 101ms (cache miss)
2711 silly packumentCache full:https://registry.npmjs.org/@parcel%2fwatcher-freebsd-x64 set size:undefined disposed:false
2712 http fetch GET 200 https://registry.npmjs.org/@parcel%2fwatcher-android-arm64 110ms (cache miss)
2713 silly packumentCache full:https://registry.npmjs.org/@parcel%2fwatcher-android-arm64 set size:undefined disposed:false
2714 http fetch GET 200 https://registry.npmjs.org/@parcel%2fwatcher-linux-x64-musl 263ms (cache miss)
2715 silly packumentCache full:https://registry.npmjs.org/@parcel%2fwatcher-linux-x64-musl set size:undefined disposed:false
2716 silly placeDep ROOT @parcel/watcher-android-arm64@2.5.6 OK for: @parcel/watcher@2.5.6 want: 2.5.6
2717 silly placeDep ROOT @parcel/watcher-darwin-arm64@2.5.6 OK for: @parcel/watcher@2.5.6 want: 2.5.6
2718 silly placeDep ROOT @parcel/watcher-darwin-x64@2.5.6 OK for: @parcel/watcher@2.5.6 want: 2.5.6
2719 silly placeDep ROOT @parcel/watcher-freebsd-x64@2.5.6 OK for: @parcel/watcher@2.5.6 want: 2.5.6
2720 silly placeDep ROOT @parcel/watcher-linux-arm-glibc@2.5.6 OK for: @parcel/watcher@2.5.6 want: 2.5.6
2721 silly placeDep ROOT @parcel/watcher-linux-arm-musl@2.5.6 OK for: @parcel/watcher@2.5.6 want: 2.5.6
2722 silly placeDep ROOT @parcel/watcher-linux-arm64-glibc@2.5.6 OK for: @parcel/watcher@2.5.6 want: 2.5.6
2723 silly placeDep ROOT @parcel/watcher-linux-arm64-musl@2.5.6 OK for: @parcel/watcher@2.5.6 want: 2.5.6
2724 silly placeDep ROOT @parcel/watcher-linux-x64-glibc@2.5.6 OK for: @parcel/watcher@2.5.6 want: 2.5.6
2725 silly placeDep ROOT @parcel/watcher-linux-x64-musl@2.5.6 OK for: @parcel/watcher@2.5.6 want: 2.5.6
2726 silly placeDep ROOT @parcel/watcher-win32-arm64@2.5.6 OK for: @parcel/watcher@2.5.6 want: 2.5.6
2727 silly placeDep ROOT @parcel/watcher-win32-ia32@2.5.6 OK for: @parcel/watcher@2.5.6 want: 2.5.6
2728 silly placeDep ROOT @parcel/watcher-win32-x64@2.5.6 OK for: @parcel/watcher@2.5.6 want: 2.5.6
2729 silly placeDep ROOT is-glob@4.0.3 OK for: @parcel/watcher@2.5.6 want: ^4.0.3
2730 silly placeDep node_modules/@parcel/watcher node-addon-api@7.1.1 OK for: @parcel/watcher@2.5.6 want: ^7.0.0
2731 silly fetch manifest is-extglob@^2.1.1
2732 silly packumentCache full:https://registry.npmjs.org/is-extglob cache-miss
2733 http fetch GET 200 https://registry.npmjs.org/is-extglob 111ms (cache miss)
2734 silly packumentCache full:https://registry.npmjs.org/is-extglob set size:undefined disposed:false
2735 silly placeDep ROOT is-extglob@2.1.1 OK for: is-glob@4.0.3 want: ^2.1.1
2736 silly placeDep ROOT xmlchars@2.2.0 OK for: saxes@6.0.0 want: ^2.2.0
2737 silly placeDep ROOT shebang-regex@3.0.0 OK for: shebang-command@2.0.0 want: ^3.0.0
2738 silly placeDep ROOT es-errors@1.3.0 OK for: side-channel@1.1.1 want: ^1.3.0
2739 silly placeDep ROOT object-inspect@1.13.4 OK for: side-channel@1.1.1 want: ^1.13.4
2740 silly placeDep ROOT side-channel-list@1.0.1 OK for: side-channel@1.1.1 want: ^1.0.1
2741 silly placeDep ROOT side-channel-map@1.0.1 OK for: side-channel@1.1.1 want: ^1.0.1
2742 silly placeDep ROOT side-channel-weakmap@1.0.2 OK for: side-channel@1.1.1 want: ^1.0.2
2743 silly fetch manifest call-bound@^1.0.2
2744 silly packumentCache full:https://registry.npmjs.org/call-bound cache-miss
2745 silly fetch manifest get-intrinsic@^1.2.5
2746 silly packumentCache full:https://registry.npmjs.org/get-intrinsic cache-miss
2747 silly fetch manifest call-bound@^1.0.2
2748 silly packumentCache full:https://registry.npmjs.org/call-bound cache-miss
2749 silly fetch manifest get-intrinsic@^1.2.5
2750 silly packumentCache full:https://registry.npmjs.org/get-intrinsic cache-miss
2751 http fetch GET 200 https://registry.npmjs.org/call-bound 85ms (cache miss)
2752 silly packumentCache full:https://registry.npmjs.org/call-bound set size:undefined disposed:false
2753 http fetch GET 200 https://registry.npmjs.org/get-intrinsic 86ms (cache miss)
2754 silly packumentCache full:https://registry.npmjs.org/get-intrinsic set size:undefined disposed:false
2755 http fetch GET 200 https://registry.npmjs.org/call-bound 97ms (cache miss)
2756 silly packumentCache full:https://registry.npmjs.org/call-bound set size:undefined disposed:false
2757 http fetch GET 200 https://registry.npmjs.org/get-intrinsic 97ms (cache miss)
2758 silly packumentCache full:https://registry.npmjs.org/get-intrinsic set size:undefined disposed:false
2759 silly placeDep ROOT call-bound@1.0.4 OK for: side-channel-map@1.0.1 want: ^1.0.2
2760 silly placeDep ROOT get-intrinsic@1.3.0 OK for: side-channel-map@1.0.1 want: ^1.2.5
2761 silly fetch manifest call-bind-apply-helpers@^1.0.2
2762 silly packumentCache full:https://registry.npmjs.org/call-bind-apply-helpers cache-miss
2763 silly fetch manifest get-intrinsic@^1.3.0
2764 silly packumentCache full:https://registry.npmjs.org/get-intrinsic cache-miss
2765 silly fetch manifest gopd@^1.2.0
2766 silly packumentCache full:https://registry.npmjs.org/gopd cache-miss
2767 silly fetch manifest hasown@^2.0.2
2768 silly packumentCache full:https://registry.npmjs.org/hasown cache-miss
2769 silly fetch manifest get-proto@^1.0.1
2770 silly packumentCache full:https://registry.npmjs.org/get-proto cache-miss
2771 silly fetch manifest has-symbols@^1.1.0
2772 silly packumentCache full:https://registry.npmjs.org/has-symbols cache-miss
2773 silly fetch manifest function-bind@^1.1.2
2774 silly packumentCache full:https://registry.npmjs.org/function-bind cache-miss
2775 silly fetch manifest es-object-atoms@^1.1.1
2776 silly packumentCache full:https://registry.npmjs.org/es-object-atoms cache-miss
2777 silly fetch manifest math-intrinsics@^1.1.0
2778 silly packumentCache full:https://registry.npmjs.org/math-intrinsics cache-miss
2779 http cache https://registry.npmjs.org/get-intrinsic 6ms (cache hit)
2780 silly packumentCache full:https://registry.npmjs.org/get-intrinsic set size:60985 disposed:false
2781 silly fetch manifest call-bind-apply-helpers@^1.0.2
2782 silly packumentCache full:https://registry.npmjs.org/call-bind-apply-helpers cache-miss
2783 http fetch GET 200 https://registry.npmjs.org/function-bind 88ms (cache miss)
2784 silly packumentCache full:https://registry.npmjs.org/function-bind set size:undefined disposed:false
2785 http fetch GET 200 https://registry.npmjs.org/es-object-atoms 89ms (cache miss)
2786 silly packumentCache full:https://registry.npmjs.org/es-object-atoms set size:undefined disposed:false
2787 http fetch GET 200 https://registry.npmjs.org/get-proto 90ms (cache miss)
2788 silly packumentCache full:https://registry.npmjs.org/get-proto set size:undefined disposed:false
2789 http fetch GET 200 https://registry.npmjs.org/gopd 91ms (cache miss)
2790 silly packumentCache full:https://registry.npmjs.org/gopd set size:undefined disposed:false
2791 http fetch GET 200 https://registry.npmjs.org/call-bind-apply-helpers 92ms (cache miss)
2792 silly packumentCache full:https://registry.npmjs.org/call-bind-apply-helpers set size:undefined disposed:false
2793 http fetch GET 200 https://registry.npmjs.org/has-symbols 92ms (cache miss)
2794 silly packumentCache full:https://registry.npmjs.org/has-symbols set size:undefined disposed:false
2795 http fetch GET 200 https://registry.npmjs.org/math-intrinsics 93ms (cache miss)
2796 silly packumentCache full:https://registry.npmjs.org/math-intrinsics set size:undefined disposed:false
2797 http fetch GET 200 https://registry.npmjs.org/call-bind-apply-helpers 88ms (cache miss)
2798 silly packumentCache full:https://registry.npmjs.org/call-bind-apply-helpers set size:undefined disposed:false
2799 http fetch GET 200 https://registry.npmjs.org/hasown 100ms (cache miss)
2800 silly packumentCache full:https://registry.npmjs.org/hasown set size:undefined disposed:false
2801 silly placeDep ROOT call-bind-apply-helpers@1.0.2 OK for: call-bound@1.0.4 want: ^1.0.2
2802 silly placeDep ROOT function-bind@1.1.2 OK for: call-bind-apply-helpers@1.0.2 want: ^1.1.2
2803 silly placeDep ROOT es-object-atoms@1.1.2 OK for: get-intrinsic@1.3.0 want: ^1.1.1
2804 silly placeDep ROOT get-proto@1.0.1 OK for: get-intrinsic@1.3.0 want: ^1.0.1
2805 silly placeDep ROOT gopd@1.2.0 OK for: get-intrinsic@1.3.0 want: ^1.2.0
2806 silly placeDep ROOT has-symbols@1.1.0 OK for: get-intrinsic@1.3.0 want: ^1.1.0
2807 silly placeDep ROOT hasown@2.0.4 OK for: get-intrinsic@1.3.0 want: ^2.0.2
2808 silly placeDep ROOT math-intrinsics@1.1.0 OK for: get-intrinsic@1.3.0 want: ^1.1.0
2809 silly fetch manifest dunder-proto@^1.0.1
2810 silly packumentCache full:https://registry.npmjs.org/dunder-proto cache-miss
2811 http fetch GET 200 https://registry.npmjs.org/dunder-proto 74ms (cache miss)
2812 silly packumentCache full:https://registry.npmjs.org/dunder-proto set size:undefined disposed:false
2813 silly placeDep ROOT dunder-proto@1.0.1 OK for: get-proto@1.0.1 want: ^1.0.1
2814 silly placeDep ROOT @sigstore/bundle@4.0.0 OK for: sigstore@4.1.1 want: ^4.0.0
2815 silly placeDep ROOT @sigstore/core@3.2.1 OK for: sigstore@4.1.1 want: ^3.2.1
2816 silly placeDep ROOT @sigstore/protobuf-specs@0.5.1 OK for: sigstore@4.1.1 want: ^0.5.0
2817 silly placeDep ROOT @sigstore/sign@4.1.1 OK for: sigstore@4.1.1 want: ^4.1.1
2818 silly placeDep ROOT @sigstore/tuf@4.0.2 OK for: sigstore@4.1.1 want: ^4.0.2
2819 silly placeDep ROOT @sigstore/verify@3.1.1 OK for: sigstore@4.1.1 want: ^3.1.1
2820 silly fetch manifest tuf-js@^4.1.0
2821 silly packumentCache full:https://registry.npmjs.org/tuf-js cache-miss
2822 http fetch GET 200 https://registry.npmjs.org/tuf-js 82ms (cache miss)
2823 silly packumentCache full:https://registry.npmjs.org/tuf-js set size:undefined disposed:false
2824 silly placeDep ROOT tuf-js@4.1.0 OK for: @sigstore/tuf@4.0.2 want: ^4.1.0
2825 silly fetch manifest @tufjs/models@4.1.0
2826 silly packumentCache full:https://registry.npmjs.org/@tufjs%2fmodels cache-miss
2827 http fetch GET 200 https://registry.npmjs.org/@tufjs%2fmodels 141ms (cache miss)
2828 silly packumentCache full:https://registry.npmjs.org/@tufjs%2fmodels set size:undefined disposed:false
2829 silly placeDep ROOT ansi-styles@6.2.3 OK for: slice-ansi@8.0.0 want: ^6.2.3
2830 silly placeDep ROOT is-fullwidth-code-point@5.1.0 OK for: slice-ansi@8.0.0 want: ^5.1.0
2831 silly fetch manifest get-east-asian-width@^1.3.1
2832 silly packumentCache full:https://registry.npmjs.org/get-east-asian-width cache-miss
2833 http cache https://registry.npmjs.org/get-east-asian-width 2ms (cache hit)
2834 silly packumentCache full:https://registry.npmjs.org/get-east-asian-width set size:20538 disposed:false
2835 silly placeDep ROOT get-east-asian-width@1.6.0 OK for: is-fullwidth-code-point@5.1.0 want: ^1.3.1
2836 silly placeDep node_modules/socks-proxy-agent agent-base@7.1.4 OK for: socks-proxy-agent@8.0.5 want: ^7.1.2
2837 silly placeDep ROOT socks@2.8.9 OK for: socks-proxy-agent@8.0.5 want: ^2.8.3
2838 silly fetch manifest smart-buffer@^4.2.0
2839 silly packumentCache full:https://registry.npmjs.org/smart-buffer cache-miss
2840 http fetch GET 200 https://registry.npmjs.org/smart-buffer 88ms (cache miss)
2841 silly packumentCache full:https://registry.npmjs.org/smart-buffer set size:undefined disposed:false
2842 silly placeDep ROOT smart-buffer@4.2.0 OK for: socks@2.8.9 want: ^4.2.0
2843 silly placeDep ROOT buffer-from@1.1.2 OK for: source-map-support@0.5.21 want: ^1.0.0
2844 silly placeDep node_modules/source-map-support source-map@0.6.1 OK for: source-map-support@0.5.21 want: ^0.6.0
2845 silly placeDep ROOT spdx-exceptions@2.5.0 OK for: spdx-expression-parse@4.0.0 want: ^2.1.0
2846 silly placeDep ROOT spdx-license-ids@3.0.23 OK for: spdx-expression-parse@4.0.0 want: ^3.0.0
2847 silly placeDep ROOT ansi-regex@6.2.2 OK for: strip-ansi@7.2.0 want: ^6.2.2
2848 silly placeDep ROOT @isaacs/fs-minipass@4.0.1 OK for: tar@7.5.19 want: ^4.0.0
2849 silly placeDep ROOT chownr@3.0.0 OK for: tar@7.5.19 want: ^3.0.0
2850 silly placeDep node_modules/tar yallist@5.0.0 OK for: tar@7.5.19 want: ^5.0.0
2851 silly placeDep ROOT fdir@6.5.0 OK for: tinyglobby@0.2.16 want: ^6.5.0
2852 silly placeDep ROOT tldts@7.4.5 OK for: tough-cookie@6.0.1 want: ^7.0.5
2853 silly fetch manifest tldts-core@^7.4.5
2854 silly packumentCache full:https://registry.npmjs.org/tldts-core cache-miss
2855 http fetch GET 200 https://registry.npmjs.org/tldts-core 195ms (cache miss)
2856 silly packumentCache full:https://registry.npmjs.org/tldts-core set size:undefined disposed:false
2857 silly placeDep ROOT tldts-core@7.4.5 OK for: tldts@7.4.5 want: ^7.4.5
2858 silly placeDep ROOT @tufjs/models@4.1.0 OK for: tuf-js@4.1.0 want: 4.1.0
2859 silly fetch manifest @tufjs/canonical-json@2.0.0
2860 silly packumentCache full:https://registry.npmjs.org/@tufjs%2fcanonical-json cache-miss
2861 http fetch GET 200 https://registry.npmjs.org/@tufjs%2fcanonical-json 199ms (cache miss)
2862 silly packumentCache full:https://registry.npmjs.org/@tufjs%2fcanonical-json set size:undefined disposed:false
2863 silly placeDep ROOT @tufjs/canonical-json@2.0.0 OK for: @tufjs/models@4.1.0 want: 2.0.0
2864 silly placeDep node_modules/type-is content-type@2.0.0 OK for: type-is@2.1.0 want: ^2.0.0
2865 silly placeDep ROOT media-typer@1.1.0 OK for: type-is@2.1.0 want: ^1.1.0
2866 silly placeDep ROOT escalade@3.2.0 OK for: update-browserslist-db@1.2.3 want: ^3.2.0
2867 silly placeDep node_modules/vite esbuild@0.27.7 OK for: vite@7.3.5 want: ^0.27.0
2868 silly fetch manifest @esbuild/aix-ppc64@0.27.7
2869 silly packumentCache full:https://registry.npmjs.org/@esbuild%2faix-ppc64 cache-miss
2870 silly fetch manifest @esbuild/linux-arm@0.27.7
2871 silly packumentCache full:https://registry.npmjs.org/@esbuild%2flinux-arm cache-miss
2872 silly fetch manifest @esbuild/linux-x64@0.27.7
2873 silly packumentCache full:https://registry.npmjs.org/@esbuild%2flinux-x64 cache-miss
2874 silly fetch manifest @esbuild/sunos-x64@0.27.7
2875 silly packumentCache full:https://registry.npmjs.org/@esbuild%2fsunos-x64 cache-miss
2876 silly fetch manifest @esbuild/win32-x64@0.27.7
2877 silly packumentCache full:https://registry.npmjs.org/@esbuild%2fwin32-x64 cache-miss
2878 silly fetch manifest @esbuild/darwin-x64@0.27.7
2879 silly packumentCache full:https://registry.npmjs.org/@esbuild%2fdarwin-x64 cache-miss
2880 silly fetch manifest @esbuild/linux-ia32@0.27.7
2881 silly packumentCache full:https://registry.npmjs.org/@esbuild%2flinux-ia32 cache-miss
2882 silly fetch manifest @esbuild/netbsd-x64@0.27.7
2883 silly packumentCache full:https://registry.npmjs.org/@esbuild%2fnetbsd-x64 cache-miss
2884 silly fetch manifest @esbuild/win32-ia32@0.27.7
2885 silly packumentCache full:https://registry.npmjs.org/@esbuild%2fwin32-ia32 cache-miss
2886 http cache https://registry.npmjs.org/@esbuild%2fwin32-x64 6ms (cache hit)
2887 silly packumentCache full:https://registry.npmjs.org/@esbuild%2fwin32-x64 set size:195722 disposed:false
2888 silly fetch manifest @esbuild/android-arm@0.27.7
2889 silly packumentCache full:https://registry.npmjs.org/@esbuild%2fandroid-arm cache-miss
2890 http cache https://registry.npmjs.org/@esbuild%2fwin32-ia32 8ms (cache hit)
2891 silly packumentCache full:https://registry.npmjs.org/@esbuild%2fwin32-ia32 set size:198030 disposed:false
2892 silly fetch manifest @esbuild/android-x64@0.27.7
2893 silly packumentCache full:https://registry.npmjs.org/@esbuild%2fandroid-x64 cache-miss
2894 http cache https://registry.npmjs.org/@esbuild%2fsunos-x64 11ms (cache hit)
2895 silly packumentCache full:https://registry.npmjs.org/@esbuild%2fsunos-x64 set size:197370 disposed:false
2896 silly fetch manifest @esbuild/freebsd-x64@0.27.7
2897 silly packumentCache full:https://registry.npmjs.org/@esbuild%2ffreebsd-x64 cache-miss
2898 http cache https://registry.npmjs.org/@esbuild%2flinux-x64 13ms (cache hit)
2899 silly packumentCache full:https://registry.npmjs.org/@esbuild%2flinux-x64 set size:197126 disposed:false
2900 silly fetch manifest @esbuild/linux-arm64@0.27.7
2901 silly packumentCache full:https://registry.npmjs.org/@esbuild%2flinux-arm64 cache-miss
2902 http cache https://registry.npmjs.org/@esbuild%2faix-ppc64 14ms (cache hit)
2903 silly packumentCache full:https://registry.npmjs.org/@esbuild%2faix-ppc64 set size:65972 disposed:false
2904 silly fetch manifest @esbuild/linux-ppc64@0.27.7
2905 silly packumentCache full:https://registry.npmjs.org/@esbuild%2flinux-ppc64 cache-miss
2906 http cache https://registry.npmjs.org/@esbuild%2flinux-arm 15ms (cache hit)
2907 silly packumentCache full:https://registry.npmjs.org/@esbuild%2flinux-arm set size:196784 disposed:false
2908 silly fetch manifest @esbuild/linux-s390x@0.27.7
2909 silly packumentCache full:https://registry.npmjs.org/@esbuild%2flinux-s390x cache-miss
2910 http cache https://registry.npmjs.org/@esbuild%2flinux-ia32 16ms (cache hit)
2911 silly packumentCache full:https://registry.npmjs.org/@esbuild%2flinux-ia32 set size:197805 disposed:false
2912 silly fetch manifest @esbuild/openbsd-x64@0.27.7
2913 silly packumentCache full:https://registry.npmjs.org/@esbuild%2fopenbsd-x64 cache-miss
2914 http cache https://registry.npmjs.org/@esbuild%2fnetbsd-x64 17ms (cache hit)
2915 silly packumentCache full:https://registry.npmjs.org/@esbuild%2fnetbsd-x64 set size:195514 disposed:false
2916 silly fetch manifest @esbuild/win32-arm64@0.27.7
2917 silly packumentCache full:https://registry.npmjs.org/@esbuild%2fwin32-arm64 cache-miss
2918 http cache https://registry.npmjs.org/@esbuild%2fdarwin-x64 19ms (cache hit)
2919 silly packumentCache full:https://registry.npmjs.org/@esbuild%2fdarwin-x64 set size:197848 disposed:false
2920 silly fetch manifest @esbuild/darwin-arm64@0.27.7
2921 silly packumentCache full:https://registry.npmjs.org/@esbuild%2fdarwin-arm64 cache-miss
2922 http cache https://registry.npmjs.org/@esbuild%2fandroid-arm 14ms (cache hit)
2923 silly packumentCache full:https://registry.npmjs.org/@esbuild%2fandroid-arm set size:223400 disposed:false
2924 silly fetch manifest @esbuild/netbsd-arm64@0.27.7
2925 silly packumentCache full:https://registry.npmjs.org/@esbuild%2fnetbsd-arm64 cache-miss
2926 http cache https://registry.npmjs.org/@esbuild%2fandroid-x64 13ms (cache hit)
2927 silly packumentCache full:https://registry.npmjs.org/@esbuild%2fandroid-x64 set size:197200 disposed:false
2928 silly fetch manifest @esbuild/android-arm64@0.27.7
2929 silly packumentCache full:https://registry.npmjs.org/@esbuild%2fandroid-arm64 cache-miss
2930 http cache https://registry.npmjs.org/@esbuild%2ffreebsd-x64 13ms (cache hit)
2931 silly packumentCache full:https://registry.npmjs.org/@esbuild%2ffreebsd-x64 set size:198734 disposed:false
2932 silly fetch manifest @esbuild/freebsd-arm64@0.27.7
2933 silly packumentCache full:https://registry.npmjs.org/@esbuild%2ffreebsd-arm64 cache-miss
2934 http cache https://registry.npmjs.org/@esbuild%2flinux-arm64 12ms (cache hit)
2935 silly packumentCache full:https://registry.npmjs.org/@esbuild%2flinux-arm64 set size:198939 disposed:false
2936 silly fetch manifest @esbuild/linux-loong64@0.27.7
2937 silly packumentCache full:https://registry.npmjs.org/@esbuild%2flinux-loong64 cache-miss
2938 http cache https://registry.npmjs.org/@esbuild%2flinux-s390x 11ms (cache hit)
2939 silly packumentCache full:https://registry.npmjs.org/@esbuild%2flinux-s390x set size:200463 disposed:false
2940 silly fetch manifest @esbuild/linux-riscv64@0.27.7
2941 silly packumentCache full:https://registry.npmjs.org/@esbuild%2flinux-riscv64 cache-miss
2942 http cache https://registry.npmjs.org/@esbuild%2fopenbsd-x64 10ms (cache hit)
2943 silly packumentCache full:https://registry.npmjs.org/@esbuild%2fopenbsd-x64 set size:198745 disposed:false
2944 silly fetch manifest @esbuild/openbsd-arm64@0.27.7
2945 silly packumentCache full:https://registry.npmjs.org/@esbuild%2fopenbsd-arm64 cache-miss
2946 http cache https://registry.npmjs.org/@esbuild%2fwin32-arm64 10ms (cache hit)
2947 silly packumentCache full:https://registry.npmjs.org/@esbuild%2fwin32-arm64 set size:199171 disposed:false
2948 silly fetch manifest @esbuild/linux-mips64el@0.27.7
2949 silly packumentCache full:https://registry.npmjs.org/@esbuild%2flinux-mips64el cache-miss
2950 http cache https://registry.npmjs.org/@esbuild%2flinux-ppc64 15ms (cache hit)
2951 silly packumentCache full:https://registry.npmjs.org/@esbuild%2flinux-ppc64 set size:200994 disposed:false
2952 silly fetch manifest @esbuild/openharmony-arm64@0.27.7
2953 silly packumentCache full:https://registry.npmjs.org/@esbuild%2fopenharmony-arm64 cache-miss
2954 http cache https://registry.npmjs.org/@esbuild%2fdarwin-arm64 11ms (cache hit)
2955 silly packumentCache full:https://registry.npmjs.org/@esbuild%2fdarwin-arm64 set size:199630 disposed:false
2956 http cache https://registry.npmjs.org/@esbuild%2fnetbsd-arm64 9ms (cache hit)
2957 silly packumentCache full:https://registry.npmjs.org/@esbuild%2fnetbsd-arm64 set size:42467 disposed:false
2958 http cache https://registry.npmjs.org/@esbuild%2ffreebsd-arm64 8ms (cache hit)
2959 silly packumentCache full:https://registry.npmjs.org/@esbuild%2ffreebsd-arm64 set size:200534 disposed:false
2960 http cache https://registry.npmjs.org/@esbuild%2fandroid-arm64 10ms (cache hit)
2961 silly packumentCache full:https://registry.npmjs.org/@esbuild%2fandroid-arm64 set size:202366 disposed:false
2962 http cache https://registry.npmjs.org/@esbuild%2flinux-loong64 8ms (cache hit)
2963 silly packumentCache full:https://registry.npmjs.org/@esbuild%2flinux-loong64 set size:253896 disposed:false
2964 http cache https://registry.npmjs.org/@esbuild%2flinux-riscv64 9ms (cache hit)
2965 silly packumentCache full:https://registry.npmjs.org/@esbuild%2flinux-riscv64 set size:200662 disposed:false
2966 http cache https://registry.npmjs.org/@esbuild%2fopenbsd-arm64 9ms (cache hit)
2967 silly packumentCache full:https://registry.npmjs.org/@esbuild%2fopenbsd-arm64 set size:47792 disposed:false
2968 http cache https://registry.npmjs.org/@esbuild%2flinux-mips64el 9ms (cache hit)
2969 silly packumentCache full:https://registry.npmjs.org/@esbuild%2flinux-mips64el set size:202764 disposed:false
2970 http cache https://registry.npmjs.org/@esbuild%2fopenharmony-arm64 9ms (cache hit)
2971 silly packumentCache full:https://registry.npmjs.org/@esbuild%2fopenharmony-arm64 set size:31189 disposed:false
2972 silly placeDep ROOT @vitest/expect@4.1.9 OK for: vitest@4.1.9 want: 4.1.9
2973 silly placeDep ROOT @vitest/mocker@4.1.9 OK for: vitest@4.1.9 want: 4.1.9
2974 silly placeDep ROOT @vitest/pretty-format@4.1.9 OK for: vitest@4.1.9 want: 4.1.9
2975 silly placeDep ROOT @vitest/runner@4.1.9 OK for: vitest@4.1.9 want: 4.1.9
2976 silly placeDep ROOT @vitest/snapshot@4.1.9 OK for: vitest@4.1.9 want: 4.1.9
2977 silly placeDep ROOT @vitest/spy@4.1.9 OK for: vitest@4.1.9 want: 4.1.9
2978 silly placeDep ROOT @vitest/utils@4.1.9 OK for: vitest@4.1.9 want: 4.1.9
2979 silly placeDep ROOT es-module-lexer@2.2.0 OK for: vitest@4.1.9 want: ^2.0.0
2980 silly placeDep ROOT expect-type@1.4.0 OK for: vitest@4.1.9 want: ^1.3.0
2981 silly placeDep ROOT obug@2.1.3 OK for: vitest@4.1.9 want: ^2.1.1
2982 silly placeDep ROOT pathe@2.0.3 OK for: vitest@4.1.9 want: ^2.0.3
2983 silly placeDep ROOT std-env@4.1.0 OK for: vitest@4.1.9 want: ^4.0.0-rc.1
2984 silly placeDep ROOT tinybench@2.9.0 OK for: vitest@4.1.9 want: ^2.9.0
2985 silly placeDep ROOT tinyexec@1.2.4 OK for: vitest@4.1.9 want: ^1.0.2
2986 silly placeDep ROOT tinyrainbow@3.1.0 OK for: vitest@4.1.9 want: ^3.1.0
2987 silly placeDep ROOT why-is-node-running@2.3.0 OK for: vitest@4.1.9 want: ^2.3.0
2988 silly fetch manifest chai@^6.2.2
2989 silly packumentCache full:https://registry.npmjs.org/chai cache-miss
2990 silly fetch manifest @types/chai@^5.2.2
2991 silly packumentCache full:https://registry.npmjs.org/@types%2fchai cache-miss
2992 silly fetch manifest estree-walker@^3.0.3
2993 silly packumentCache full:https://registry.npmjs.org/estree-walker cache-miss
2994 silly fetch manifest siginfo@^2.0.0
2995 silly packumentCache full:https://registry.npmjs.org/siginfo cache-miss
2996 silly fetch manifest stackback@0.0.2
2997 silly packumentCache full:https://registry.npmjs.org/stackback cache-miss
2998 http fetch GET 200 https://registry.npmjs.org/siginfo 88ms (cache miss)
2999 silly packumentCache full:https://registry.npmjs.org/siginfo set size:undefined disposed:false
3000 http fetch GET 200 https://registry.npmjs.org/stackback 91ms (cache miss)
3001 silly packumentCache full:https://registry.npmjs.org/stackback set size:undefined disposed:false
3002 http fetch GET 200 https://registry.npmjs.org/chai 97ms (cache miss)
3003 silly packumentCache full:https://registry.npmjs.org/chai set size:undefined disposed:false
3004 http fetch GET 200 https://registry.npmjs.org/estree-walker 111ms (cache miss)
3005 silly packumentCache full:https://registry.npmjs.org/estree-walker set size:undefined disposed:false
3006 http fetch GET 200 https://registry.npmjs.org/@types%2fchai 121ms (cache miss)
3007 silly packumentCache full:https://registry.npmjs.org/@types%2fchai set size:undefined disposed:false
3008 silly placeDep ROOT @types/chai@5.2.3 OK for: @vitest/expect@4.1.9 want: ^5.2.2
3009 silly placeDep ROOT chai@6.2.2 OK for: @vitest/expect@4.1.9 want: ^6.2.2
3010 silly fetch manifest @types/deep-eql@*
3011 silly packumentCache full:https://registry.npmjs.org/@types%2fdeep-eql cache-miss
3012 silly fetch manifest assertion-error@^2.0.1
3013 silly packumentCache full:https://registry.npmjs.org/assertion-error cache-miss
3014 http fetch GET 200 https://registry.npmjs.org/assertion-error 73ms (cache miss)
3015 silly packumentCache full:https://registry.npmjs.org/assertion-error set size:undefined disposed:false
3016 http fetch GET 200 https://registry.npmjs.org/@types%2fdeep-eql 88ms (cache miss)
3017 silly packumentCache full:https://registry.npmjs.org/@types%2fdeep-eql set size:undefined disposed:false
3018 silly placeDep ROOT @types/deep-eql@4.0.2 OK for: @types/chai@5.2.3 want: *
3019 silly placeDep ROOT assertion-error@2.0.1 OK for: @types/chai@5.2.3 want: ^2.0.1
3020 silly placeDep ROOT estree-walker@3.0.3 OK for: @vitest/mocker@4.1.9 want: ^3.0.3
3021 silly placeDep node_modules/@vitest/utils convert-source-map@2.0.0 OK for: @vitest/utils@4.1.9 want: ^2.0.0
3022 silly placeDep ROOT glob-to-regexp@0.4.1 OK for: watchpack@2.5.1 want: ^0.4.1
3023 silly placeDep ROOT tr46@6.0.0 OK for: whatwg-url@16.0.1 want: ^6.0.0
3024 silly fetch manifest punycode@^2.3.1
3025 silly packumentCache full:https://registry.npmjs.org/punycode cache-miss
3026 http fetch GET 200 https://registry.npmjs.org/punycode 79ms (cache miss)
3027 silly packumentCache full:https://registry.npmjs.org/punycode set size:undefined disposed:false
3028 silly placeDep ROOT punycode@2.3.1 OK for: tr46@6.0.0 want: ^2.3.1
3029 silly placeDep ROOT isexe@2.0.0 OK for: which@2.0.2 want: ^2.0.0
3030 silly placeDep ROOT siginfo@2.0.0 OK for: why-is-node-running@2.3.0 want: ^2.0.0
3031 silly placeDep ROOT stackback@0.0.2 OK for: why-is-node-running@2.3.0 want: 0.0.2
3032 silly placeDep ROOT cliui@9.0.1 OK for: yargs@18.0.0 want: ^9.0.1
3033 silly placeDep ROOT get-caller-file@2.0.5 OK for: yargs@18.0.0 want: ^2.0.5
3034 silly placeDep node_modules/yargs string-width@7.2.0 OK for: yargs@18.0.0 want: ^7.2.0
3035 silly placeDep ROOT y18n@5.0.8 OK for: yargs@18.0.0 want: ^5.0.5
3036 silly placeDep ROOT yargs-parser@22.0.0 OK for: yargs@18.0.0 want: ^22.0.0
3037 silly fetch manifest emoji-regex@^10.3.0
3038 silly packumentCache full:https://registry.npmjs.org/emoji-regex cache-miss
3039 http fetch GET 200 https://registry.npmjs.org/emoji-regex 169ms (cache miss)
3040 silly packumentCache full:https://registry.npmjs.org/emoji-regex set size:undefined disposed:false
3041 silly placeDep node_modules/cliui string-width@7.2.0 OK for: cliui@9.0.1 want: ^7.2.0
3042 silly placeDep node_modules/cliui wrap-ansi@9.0.2 OK for: cliui@9.0.1 want: ^9.0.0
3043 silly placeDep node_modules/@angular/compiler-cli/node_modules/@babel/core convert-source-map@2.0.0 OK for: @babel/core@7.29.7 want: ^2.0.0
3044 silly placeDep node_modules/@angular/compiler-cli/node_modules/@babel/core semver@6.3.1 OK for: @babel/core@7.29.7 want: ^6.3.1
3045 silly placeDep node_modules/@npmcli/git isexe@4.0.0 OK for: which@6.0.1 want: ^4.0.0
3046 silly placeDep node_modules/@npmcli/promise-spawn isexe@4.0.0 OK for: which@6.0.1 want: ^4.0.0
3047 silly placeDep ROOT emoji-regex@10.6.0 OK for: string-width@7.2.0 want: ^10.3.0
3048 silly placeDep node_modules/jsdom agent-base@7.1.4 OK for: https-proxy-agent@7.0.6 want: ^7.1.2
3049 silly placeDep node_modules/log-update string-width@7.2.0 OK for: wrap-ansi@9.0.2 want: ^7.0.0
3050 silly placeDep node_modules/minipass-flush yallist@4.0.0 OK for: minipass@3.3.6 want: ^4.0.0
3051 silly placeDep node_modules/minipass-pipeline yallist@4.0.0 OK for: minipass@3.3.6 want: ^4.0.0
3052 silly placeDep node_modules/node-gyp isexe@4.0.0 OK for: which@6.0.1 want: ^4.0.0
3053 silly placeDep node_modules/sass readdirp@4.1.2 OK for: chokidar@4.0.3 want: ^4.0.1
3054 silly placeDep node_modules/vite @esbuild/aix-ppc64@0.27.7 OK for: esbuild@0.27.7 want: 0.27.7
3055 silly placeDep node_modules/vite @esbuild/android-arm@0.27.7 OK for: esbuild@0.27.7 want: 0.27.7
3056 silly placeDep node_modules/vite @esbuild/android-arm64@0.27.7 OK for: esbuild@0.27.7 want: 0.27.7
3057 silly placeDep node_modules/vite @esbuild/android-x64@0.27.7 OK for: esbuild@0.27.7 want: 0.27.7
3058 silly placeDep node_modules/vite @esbuild/darwin-arm64@0.27.7 OK for: esbuild@0.27.7 want: 0.27.7
3059 silly placeDep node_modules/vite @esbuild/darwin-x64@0.27.7 OK for: esbuild@0.27.7 want: 0.27.7
3060 silly placeDep node_modules/vite @esbuild/freebsd-arm64@0.27.7 OK for: esbuild@0.27.7 want: 0.27.7
3061 silly placeDep node_modules/vite @esbuild/freebsd-x64@0.27.7 OK for: esbuild@0.27.7 want: 0.27.7
3062 silly placeDep node_modules/vite @esbuild/linux-arm@0.27.7 OK for: esbuild@0.27.7 want: 0.27.7
3063 silly placeDep node_modules/vite @esbuild/linux-arm64@0.27.7 OK for: esbuild@0.27.7 want: 0.27.7
3064 silly placeDep node_modules/vite @esbuild/linux-ia32@0.27.7 OK for: esbuild@0.27.7 want: 0.27.7
3065 silly placeDep node_modules/vite @esbuild/linux-loong64@0.27.7 OK for: esbuild@0.27.7 want: 0.27.7
3066 silly placeDep node_modules/vite @esbuild/linux-mips64el@0.27.7 OK for: esbuild@0.27.7 want: 0.27.7
3067 silly placeDep node_modules/vite @esbuild/linux-ppc64@0.27.7 OK for: esbuild@0.27.7 want: 0.27.7
3068 silly placeDep node_modules/vite @esbuild/linux-riscv64@0.27.7 OK for: esbuild@0.27.7 want: 0.27.7
3069 silly placeDep node_modules/vite @esbuild/linux-s390x@0.27.7 OK for: esbuild@0.27.7 want: 0.27.7
3070 silly placeDep node_modules/vite @esbuild/linux-x64@0.27.7 OK for: esbuild@0.27.7 want: 0.27.7
3071 silly placeDep node_modules/vite @esbuild/netbsd-arm64@0.27.7 OK for: esbuild@0.27.7 want: 0.27.7
3072 silly placeDep node_modules/vite @esbuild/netbsd-x64@0.27.7 OK for: esbuild@0.27.7 want: 0.27.7
3073 silly placeDep node_modules/vite @esbuild/openbsd-arm64@0.27.7 OK for: esbuild@0.27.7 want: 0.27.7
3074 silly placeDep node_modules/vite @esbuild/openbsd-x64@0.27.7 OK for: esbuild@0.27.7 want: 0.27.7
3075 silly placeDep node_modules/vite @esbuild/openharmony-arm64@0.27.7 OK for: esbuild@0.27.7 want: 0.27.7
3076 silly placeDep node_modules/vite @esbuild/sunos-x64@0.27.7 OK for: esbuild@0.27.7 want: 0.27.7
3077 silly placeDep node_modules/vite @esbuild/win32-arm64@0.27.7 OK for: esbuild@0.27.7 want: 0.27.7
3078 silly placeDep node_modules/vite @esbuild/win32-ia32@0.27.7 OK for: esbuild@0.27.7 want: 0.27.7
3079 silly placeDep node_modules/vite @esbuild/win32-x64@0.27.7 OK for: esbuild@0.27.7 want: 0.27.7
3080 silly reify moves {}
3081 silly audit bulk request {
3081 silly audit   '@angular/build': [ '22.0.4' ],
3081 silly audit   '@angular/cli': [ '22.0.4' ],
3081 silly audit   '@angular/common': [ '22.0.4' ],
3081 silly audit   '@angular/compiler': [ '22.0.4' ],
3081 silly audit   '@angular/compiler-cli': [ '22.0.4' ],
3081 silly audit   '@angular/core': [ '22.0.4' ],
3081 silly audit   '@angular/forms': [ '22.0.4' ],
3081 silly audit   '@angular/platform-browser': [ '22.0.4' ],
3081 silly audit   '@angular/router': [ '22.0.4' ],
3081 silly audit   jsdom: [ '28.1.0' ],
3081 silly audit   'monaco-editor': [ '0.55.1' ],
3081 silly audit   'ngx-monaco-editor-v2': [ '21.1.4' ],
3081 silly audit   prettier: [ '3.9.4' ],
3081 silly audit   rxjs: [ '7.8.2' ],
3081 silly audit   tslib: [ '2.8.1' ],
3081 silly audit   typescript: [ '6.0.3' ],
3081 silly audit   vitest: [ '4.1.9' ],
3081 silly audit   '@ampproject/remapping': [ '2.3.0' ],
3081 silly audit   '@angular-devkit/architect': [ '0.2200.4' ],
3081 silly audit   '@babel/core': [ '7.29.0', '7.29.7' ],
3081 silly audit   '@babel/helper-annotate-as-pure': [ '7.27.3' ],
3081 silly audit   '@babel/helper-split-export-declaration': [ '7.24.7' ],
3081 silly audit   '@inquirer/confirm': [ '6.0.12' ],
3081 silly audit   '@vitejs/plugin-basic-ssl': [ '2.3.0' ],
3081 silly audit   beasties: [ '0.4.2' ],
3081 silly audit   browserslist: [ '4.28.4' ],
3081 silly audit   esbuild: [ '0.28.1', '0.27.7' ],
3081 silly audit   'https-proxy-agent': [ '9.0.0', '7.0.6' ],
3081 silly audit   'jsonc-parser': [ '3.3.1' ],
3081 silly audit   listr2: [ '10.2.1' ],
3081 silly audit   lmdb: [ '3.5.4' ],
3081 silly audit   'magic-string': [ '0.30.21' ],
3081 silly audit   mrmime: [ '2.0.1' ],
3081 silly audit   'parse5-html-rewriting-stream': [ '8.0.1' ],
3081 silly audit   picomatch: [ '4.0.4' ],
3081 silly audit   piscina: [ '5.2.0' ],
3081 silly audit   rollup: [ '4.60.2' ],
3081 silly audit   sass: [ '1.99.0' ],
3081 silly audit   semver: [ '7.7.4', '6.3.1' ],
3081 silly audit   'source-map-support': [ '0.5.21' ],
3081 silly audit   tinyglobby: [ '0.2.16' ],
3081 silly audit   vite: [ '7.3.5' ],
3081 silly audit   watchpack: [ '2.5.1' ],
3081 silly audit   '@jridgewell/gen-mapping': [ '0.3.13' ],
3081 silly audit   '@jridgewell/trace-mapping': [ '0.3.31' ],
3081 silly audit   '@angular-devkit/core': [ '22.0.4' ],
3081 silly audit   ajv: [ '8.20.0' ],
3081 silly audit   'ajv-formats': [ '3.0.1' ],
3081 silly audit   'source-map': [ '0.7.6', '0.6.1' ],
3081 silly audit   '@angular-devkit/schematics': [ '22.0.4' ],
3081 silly audit   '@inquirer/prompts': [ '8.4.2' ],
3081 silly audit   '@listr2/prompt-adapter-inquirer': [ '4.2.3' ],
3081 silly audit   '@modelcontextprotocol/sdk': [ '1.29.0' ],
3081 silly audit   '@schematics/angular': [ '22.0.4' ],
3081 silly audit   '@yarnpkg/lockfile': [ '1.1.0' ],
3081 silly audit   algoliasearch: [ '5.52.0' ],
3081 silly audit   ini: [ '6.0.0' ],
3081 silly audit   'npm-package-arg': [ '13.0.2' ],
3081 silly audit   pacote: [ '21.5.1' ],
3081 silly audit   yargs: [ '18.0.0' ],
3081 silly audit   zod: [ '4.4.2' ],
3081 silly audit   ora: [ '9.4.0' ],
3081 silly audit   '@jridgewell/sourcemap-codec': [ '1.5.5' ],
3081 silly audit   chokidar: [ '5.0.0', '4.0.3' ],
3081 silly audit   'convert-source-map': [ '1.9.0', '2.0.0' ],
3081 silly audit   'reflect-metadata': [ '0.2.2' ],
3081 silly audit   '@standard-schema/spec': [ '1.1.0' ],
3081 silly audit   '@babel/code-frame': [ '7.29.7' ],
3081 silly audit   '@babel/generator': [ '7.29.7' ],
3081 silly audit   '@babel/helper-compilation-targets': [ '7.29.7' ],
3081 silly audit   '@babel/helper-module-transforms': [ '7.29.7' ],
3081 silly audit   '@babel/helpers': [ '7.29.7' ],
3081 silly audit   '@babel/parser': [ '7.29.7' ],
3081 silly audit   '@babel/template': [ '7.29.7' ],
3081 silly audit   '@babel/traverse': [ '7.29.7' ],
3081 silly audit   '@babel/types': [ '7.29.7' ],
3081 silly audit   '@jridgewell/remapping': [ '2.3.5' ],
3081 silly audit   debug: [ '4.4.3' ],
3081 silly audit   gensync: [ '1.0.0-beta.2' ],
3081 silly audit   json5: [ '2.2.3' ],
3081 silly audit   '@babel/helper-validator-identifier': [ '7.29.7' ],
3081 silly audit   'js-tokens': [ '4.0.0' ],
3081 silly audit   picocolors: [ '1.1.1' ],
3081 silly audit   jsesc: [ '3.1.0' ],
3081 silly audit   '@babel/compat-data': [ '7.29.7' ],
3081 silly audit   '@babel/helper-validator-option': [ '7.29.7' ],
3081 silly audit   'lru-cache': [ '5.1.1', '11.5.1' ],
3081 silly audit   '@babel/helper-module-imports': [ '7.29.7' ],
3081 silly audit   '@babel/helper-globals': [ '7.29.7' ],
3081 silly audit   '@babel/helper-string-parser': [ '7.29.7' ],
3081 silly audit   '@inquirer/core': [ '11.2.1' ],
3081 silly audit   '@inquirer/type': [ '4.0.7' ],
3081 silly audit   '@inquirer/ansi': [ '2.0.7' ],
3081 silly audit   '@inquirer/figures': [ '2.0.7' ],
3081 silly audit   'cli-width': [ '4.1.0' ],
3081 silly audit   'fast-wrap-ansi': [ '0.2.2' ],
3081 silly audit   'mute-stream': [ '3.0.0' ],
3081 silly audit   'signal-exit': [ '4.1.0' ],
3081 silly audit   '@inquirer/checkbox': [ '5.2.1' ],
3081 silly audit   '@inquirer/editor': [ '5.2.2' ],
3081 silly audit   '@inquirer/expand': [ '5.1.1' ],
3081 silly audit   '@inquirer/input': [ '5.1.2' ],
3081 silly audit   '@inquirer/number': [ '4.1.1' ],
3081 silly audit   '@inquirer/password': [ '5.1.1' ],
3081 silly audit   '@inquirer/rawlist': [ '5.3.1' ],
3081 silly audit   '@inquirer/search': [ '4.2.1' ],
3081 silly audit   '@inquirer/select': [ '5.2.1' ],
3081 silly audit   '@inquirer/external-editor': [ '3.0.3' ],
3081 silly audit   chardet: [ '2.2.0' ],
3081 silly audit   'iconv-lite': [ '0.7.2' ],
3081 silly audit   '@jridgewell/resolve-uri': [ '3.1.2' ],
3081 silly audit   '@hono/node-server': [ '1.19.14' ],
3081 silly audit   'content-type': [ '1.0.5', '2.0.0' ],
3081 silly audit   cors: [ '2.8.6' ],
3081 silly audit   'cross-spawn': [ '7.0.6' ],
3081 silly audit   eventsource: [ '3.0.7' ],
3081 silly audit   'eventsource-parser': [ '3.1.0' ],
3081 silly audit   express: [ '5.2.1' ],
3081 silly audit   'express-rate-limit': [ '8.5.2' ],
3081 silly audit   hono: [ '4.12.27' ],
3081 silly audit   jose: [ '6.2.3' ],
3081 silly audit   'json-schema-typed': [ '8.0.2' ],
3081 silly audit   'pkce-challenge': [ '5.0.1' ],
3081 silly audit   'raw-body': [ '3.0.2' ],
3081 silly audit   'zod-to-json-schema': [ '3.25.2' ],
3081 silly audit   'fast-deep-equal': [ '3.1.3' ],
3081 silly audit   'fast-uri': [ '3.1.3' ],
3081 silly audit   'json-schema-traverse': [ '1.0.0' ],
3081 silly audit   'require-from-string': [ '2.0.2' ],
3081 silly audit   '@algolia/abtesting': [ '1.18.0' ],
3081 silly audit   '@algolia/client-abtesting': [ '5.52.0' ],
3081 silly audit   '@algolia/client-analytics': [ '5.52.0' ],
3081 silly audit   '@algolia/client-common': [ '5.52.0' ],
3081 silly audit   '@algolia/client-insights': [ '5.52.0' ],
3081 silly audit   '@algolia/client-personalization': [ '5.52.0' ],
3081 silly audit   '@algolia/client-query-suggestions': [ '5.52.0' ],
3081 silly audit   '@algolia/client-search': [ '5.52.0' ],
3081 silly audit   '@algolia/ingestion': [ '1.52.0' ],
3081 silly audit   '@algolia/monitoring': [ '1.52.0' ],
3081 silly audit   '@algolia/recommend': [ '5.52.0' ],
3081 silly audit   '@algolia/requester-browser-xhr': [ '5.52.0' ],
3081 silly audit   '@algolia/requester-fetch': [ '5.52.0' ],
3081 silly audit   '@algolia/requester-node-http': [ '5.52.0' ],
3081 silly audit   'css-select': [ '6.0.0' ],
3081 silly audit   'css-what': [ '7.0.0' ],
3081 silly audit   'dom-serializer': [ '2.0.0' ],
3081 silly audit   domhandler: [ '5.0.3' ],
3081 silly audit   htmlparser2: [ '10.1.0' ],
3081 silly audit   postcss: [ '8.5.16' ],
3081 silly audit   'postcss-media-query-parser': [ '0.2.3' ],
3081 silly audit   'postcss-safe-parser': [ '7.0.1' ],
3081 silly audit   'baseline-browser-mapping': [ '2.10.40' ],
3081 silly audit   'caniuse-lite': [ '1.0.30001799' ],
3081 silly audit   'electron-to-chromium': [ '1.5.381' ],
3081 silly audit   'node-releases': [ '2.0.50' ],
3081 silly audit   'update-browserslist-db': [ '1.2.3' ],
3081 silly audit   readdirp: [ '5.0.0', '4.1.2' ],
3081 silly audit   'object-assign': [ '4.1.1' ],
3081 silly audit   vary: [ '1.1.2' ],
3081 silly audit   'path-key': [ '3.1.1' ],
3081 silly audit   'shebang-command': [ '2.0.0' ],
3081 silly audit   which: [ '2.0.2', '6.0.1' ],
3081 silly audit   boolbase: [ '1.0.0' ],
3081 silly audit   domutils: [ '3.2.2' ],
3081 silly audit   'nth-check': [ '2.1.1' ],
3081 silly audit   ms: [ '2.1.3' ],
3081 silly audit   domelementtype: [ '2.3.0' ],
3081 silly audit   entities: [ '4.5.0', '7.0.1', '8.0.0' ],
3081 silly audit   '@esbuild/aix-ppc64': [ '0.28.1', '0.27.7' ],
3081 silly audit   '@esbuild/android-arm': [ '0.28.1', '0.27.7' ],
3081 silly audit   '@esbuild/android-arm64': [ '0.28.1', '0.27.7' ],
3081 silly audit   '@esbuild/android-x64': [ '0.28.1', '0.27.7' ],
3081 silly audit   '@esbuild/darwin-arm64': [ '0.28.1', '0.27.7' ],
3081 silly audit   '@esbuild/darwin-x64': [ '0.28.1', '0.27.7' ],
3081 silly audit   '@esbuild/freebsd-arm64': [ '0.28.1', '0.27.7' ],
3081 silly audit   '@esbuild/freebsd-x64': [ '0.28.1', '0.27.7' ],
3081 silly audit   '@esbuild/linux-arm': [ '0.28.1', '0.27.7' ],
3081 silly audit   '@esbuild/linux-arm64': [ '0.28.1', '0.27.7' ],
3081 silly audit   '@esbuild/linux-ia32': [ '0.28.1', '0.27.7' ],
3081 silly audit   '@esbuild/linux-loong64': [ '0.28.1', '0.27.7' ],
3081 silly audit   '@esbuild/linux-mips64el': [ '0.28.1', '0.27.7' ],
3081 silly audit   '@esbuild/linux-ppc64': [ '0.28.1', '0.27.7' ],
3081 silly audit   '@esbuild/linux-riscv64': [ '0.28.1', '0.27.7' ],
3081 silly audit   '@esbuild/linux-s390x': [ '0.28.1', '0.27.7' ],
3081 silly audit   '@esbuild/linux-x64': [ '0.28.1', '0.27.7' ],
3081 silly audit   '@esbuild/netbsd-arm64': [ '0.28.1', '0.27.7' ],
3081 silly audit   '@esbuild/netbsd-x64': [ '0.28.1', '0.27.7' ],
3081 silly audit   '@esbuild/openbsd-arm64': [ '0.28.1', '0.27.7' ],
3081 silly audit   '@esbuild/openbsd-x64': [ '0.28.1', '0.27.7' ],
3081 silly audit   '@esbuild/openharmony-arm64': [ '0.28.1', '0.27.7' ],
3081 silly audit   '@esbuild/sunos-x64': [ '0.28.1', '0.27.7' ],
3081 silly audit   '@esbuild/win32-arm64': [ '0.28.1', '0.27.7' ],
3081 silly audit   '@esbuild/win32-ia32': [ '0.28.1', '0.27.7' ],
3081 silly audit   '@esbuild/win32-x64': [ '0.28.1', '0.27.7' ],
3081 silly audit   accepts: [ '2.0.0' ],
3081 silly audit   'body-parser': [ '2.3.0' ],
3081 silly audit   'content-disposition': [ '1.1.0' ],
3081 silly audit   cookie: [ '0.7.2' ],
3081 silly audit   'cookie-signature': [ '1.2.2' ],
3081 silly audit   depd: [ '2.0.0' ],
3081 silly audit   encodeurl: [ '2.0.0' ],
3081 silly audit   'escape-html': [ '1.0.3' ],
3081 silly audit   etag: [ '1.8.1' ],
3081 silly audit   finalhandler: [ '2.1.1' ],
3081 silly audit   fresh: [ '2.0.0' ],
3081 silly audit   'http-errors': [ '2.0.1' ],
3081 silly audit   'merge-descriptors': [ '2.0.0' ],
3081 silly audit   'mime-types': [ '3.0.2' ],
3081 silly audit   'on-finished': [ '2.4.1' ],
3081 silly audit   once: [ '1.4.0' ],
3081 silly audit   parseurl: [ '1.3.3' ],
3081 silly audit   'proxy-addr': [ '2.0.7' ],
3081 silly audit   qs: [ '6.15.3' ],
3081 silly audit   'range-parser': [ '1.3.0' ],
3081 silly audit   router: [ '2.2.0' ],
3081 silly audit   send: [ '1.2.1' ],
3081 silly audit   'serve-static': [ '2.2.1' ],
3081 silly audit   statuses: [ '2.0.2' ],
3081 silly audit   'type-is': [ '2.1.0' ],
3081 silly audit   negotiator: [ '1.0.0' ],
3081 silly audit   bytes: [ '3.1.2' ],
3081 silly audit   'ip-address': [ '10.2.0' ],
3081 silly audit   'fast-string-width': [ '3.0.2' ],
3081 silly audit   'fast-string-truncated-width': [ '3.0.3' ],
3081 silly audit   inherits: [ '2.0.4' ],
3081 silly audit   setprototypeof: [ '1.2.0' ],
3081 silly audit   toidentifier: [ '1.0.1' ],
3081 silly audit   'agent-base': [ '9.0.0', '7.1.4' ],
3081 silly audit   'safer-buffer': [ '2.1.2' ],
3081 silly audit   '@acemir/cssom': [ '0.9.31' ],
3081 silly audit   '@asamuzakjp/dom-selector': [ '6.8.1' ],
3081 silly audit   '@bramus/specificity': [ '2.4.2' ],
3081 silly audit   '@exodus/bytes': [ '1.15.1' ],
3081 silly audit   cssstyle: [ '6.2.0' ],
3081 silly audit   'data-urls': [ '7.0.0' ],
3081 silly audit   'decimal.js': [ '10.6.0' ],
3081 silly audit   'html-encoding-sniffer': [ '6.0.0' ],
3081 silly audit   'http-proxy-agent': [ '7.0.2' ],
3081 silly audit   'is-potential-custom-element-name': [ '1.0.1' ],
3081 silly audit   parse5: [ '8.0.1' ],
3081 silly audit   saxes: [ '6.0.0' ],
3081 silly audit   'symbol-tree': [ '3.2.4' ],
3081 silly audit   'tough-cookie': [ '6.0.1' ],
3081 silly audit   undici: [ '7.28.0', '6.27.0' ],
3081 silly audit   'w3c-xmlserializer': [ '5.0.0' ],
3081 silly audit   'webidl-conversions': [ '8.0.1' ],
3081 silly audit   'whatwg-mimetype': [ '5.0.0' ],
3081 silly audit   'whatwg-url': [ '16.0.1' ],
3081 silly audit   'xml-name-validator': [ '5.0.0' ],
3081 silly audit   '@asamuzakjp/nwsapi': [ '2.3.9' ],
3081 silly audit   'bidi-js': [ '1.0.3' ],
3081 silly audit   'css-tree': [ '3.2.1' ],
3081 silly audit   'mdn-data': [ '2.27.1' ],
3081 silly audit   'source-map-js': [ '1.2.1' ],
3081 silly audit   '@asamuzakjp/css-color': [ '5.1.11' ],
3081 silly audit   '@csstools/css-syntax-patches-for-csstree': [ '1.1.6' ],
3081 silly audit   '@asamuzakjp/generational-cache': [ '1.0.1' ],
3081 silly audit   '@csstools/css-calc': [ '3.2.1' ],
3081 silly audit   '@csstools/css-color-parser': [ '4.1.9' ],
3081 silly audit   '@csstools/css-parser-algorithms': [ '4.0.0' ],
3081 silly audit   '@csstools/css-tokenizer': [ '4.0.0' ],
3081 silly audit   '@csstools/color-helpers': [ '6.1.0' ],
3081 silly audit   'cli-truncate': [ '5.2.0' ],
3081 silly audit   eventemitter3: [ '5.0.4' ],
3081 silly audit   'log-update': [ '6.1.0' ],
3081 silly audit   rfdc: [ '1.4.1' ],
3081 silly audit   'wrap-ansi': [ '10.0.0', '9.0.2' ],
3081 silly audit   'slice-ansi': [ '8.0.0', '7.1.2' ],
3081 silly audit   'string-width': [ '8.2.1', '7.2.0' ],
3081 silly audit   '@harperfast/extended-iterable': [ '1.0.3' ],
3081 silly audit   '@lmdb/lmdb-darwin-arm64': [ '3.5.4' ],
3081 silly audit   '@lmdb/lmdb-darwin-x64': [ '3.5.4' ],
3081 silly audit   '@lmdb/lmdb-linux-arm': [ '3.5.4' ],
3081 silly audit   '@lmdb/lmdb-linux-arm64': [ '3.5.4' ],
3081 silly audit   '@lmdb/lmdb-linux-x64': [ '3.5.4' ],
3081 silly audit   '@lmdb/lmdb-win32-arm64': [ '3.5.4' ],
3081 silly audit   '@lmdb/lmdb-win32-x64': [ '3.5.4' ],
3081 silly audit   msgpackr: [ '1.12.1' ],
3081 silly audit   'node-addon-api': [ '6.1.0', '7.1.1' ],
3081 silly audit   'node-gyp-build-optional-packages': [ '5.2.2' ],
3081 silly audit   'ordered-binary': [ '1.6.1' ],
3081 silly audit   'weak-lru-cache': [ '1.2.2' ],
3081 silly audit   'ansi-escapes': [ '7.3.0' ],
3081 silly audit   'cli-cursor': [ '5.0.0' ],
3081 silly audit   'strip-ansi': [ '7.2.0' ],
3081 silly audit   environment: [ '1.1.0' ],
3081 silly audit   'restore-cursor': [ '5.1.0' ],
3081 silly audit   yallist: [ '3.1.1', '5.0.0', '4.0.0' ],
3081 silly audit   'mime-db': [ '1.54.0' ],
3081 silly audit   dompurify: [ '3.2.7' ],
3081 silly audit   marked: [ '14.0.0' ],
3081 silly audit   '@types/trusted-types': [ '2.0.7' ],
3081 silly audit   'msgpackr-extract': [ '3.0.4' ],
3081 silly audit   '@msgpackr-extract/msgpackr-extract-darwin-arm64': [ '3.0.4' ],
3081 silly audit   '@msgpackr-extract/msgpackr-extract-darwin-x64': [ '3.0.4' ],
3081 silly audit   '@msgpackr-extract/msgpackr-extract-linux-arm': [ '3.0.4' ],
3081 silly audit   '@msgpackr-extract/msgpackr-extract-linux-arm64': [ '3.0.4' ],
3081 silly audit   '@msgpackr-extract/msgpackr-extract-linux-x64': [ '3.0.4' ],
3081 silly audit   '@msgpackr-extract/msgpackr-extract-win32-x64': [ '3.0.4' ],
3081 silly audit   'detect-libc': [ '2.1.2' ],
3081 silly audit   'hosted-git-info': [ '9.0.3' ],
3081 silly audit   'proc-log': [ '6.1.0' ],
3081 silly audit   'validate-npm-package-name': [ '7.0.2' ],
3081 silly audit   'ee-first': [ '1.1.1' ],
3081 silly audit   wrappy: [ '1.0.2' ],
3081 silly audit   chalk: [ '5.6.2' ],
3081 silly audit   'cli-spinners': [ '3.4.0' ],
3081 silly audit   'is-interactive': [ '2.0.0' ],
3081 silly audit   'is-unicode-supported': [ '2.1.0' ],
3081 silly audit   'log-symbols': [ '7.0.1' ],
3081 silly audit   'stdin-discarder': [ '0.3.2' ],
3081 silly audit   yoctocolors: [ '2.1.2' ],
3081 silly audit   '@gar/promise-retry': [ '1.0.3' ],
3081 silly audit   '@npmcli/git': [ '7.0.2' ],
3081 silly audit   '@npmcli/installed-package-contents': [ '4.0.0' ],
3081 silly audit   '@npmcli/package-json': [ '7.0.5' ],
3081 silly audit   '@npmcli/promise-spawn': [ '9.0.1' ],
3081 silly audit   '@npmcli/run-script': [ '10.0.4' ],
3081 silly audit   cacache: [ '20.0.4' ],
3081 silly audit   'fs-minipass': [ '3.0.3' ],
3081 silly audit   minipass: [ '7.1.3', '3.3.6' ],
3081 silly audit   'npm-packlist': [ '10.0.4' ],
3081 silly audit   'npm-pick-manifest': [ '11.0.3' ],
3081 silly audit   'npm-registry-fetch': [ '19.1.1' ],
3081 silly audit   sigstore: [ '4.1.1' ],
3081 silly audit   ssri: [ '13.0.1' ],
3081 silly audit   tar: [ '7.5.19' ],
3081 silly audit   'npm-bundled': [ '5.0.0' ],
3081 silly audit   'npm-normalize-package-bin': [ '5.0.0' ],
3081 silly audit   glob: [ '13.0.6' ],
3081 silly audit   'json-parse-even-better-errors': [ '5.0.0' ],
3081 silly audit   'spdx-expression-parse': [ '4.0.0' ],
3081 silly audit   '@npmcli/node-gyp': [ '5.0.0' ],
3081 silly audit   'node-gyp': [ '12.4.0' ],
3081 silly audit   '@npmcli/fs': [ '5.0.0' ],
3081 silly audit   'minipass-collect': [ '2.0.1' ],
3081 silly audit   'minipass-flush': [ '1.0.7' ],
3081 silly audit   'minipass-pipeline': [ '1.2.4' ],
3081 silly audit   'p-map': [ '7.0.5' ],
3081 silly audit   minimatch: [ '10.2.5' ],
3081 silly audit   'path-scurry': [ '2.0.2' ],
3081 silly audit   'brace-expansion': [ '5.0.7' ],
3081 silly audit   'balanced-match': [ '4.0.4' ],
3081 silly audit   'env-paths': [ '2.2.1' ],
3081 silly audit   'exponential-backoff': [ '3.1.3' ],
3081 silly audit   'graceful-fs': [ '4.2.11' ],
3081 silly audit   nopt: [ '9.0.0' ],
3081 silly audit   abbrev: [ '4.0.0' ],
3081 silly audit   'ignore-walk': [ '8.0.0' ],
3081 silly audit   'npm-install-checks': [ '8.0.0' ],
3081 silly audit   '@npmcli/redact': [ '4.0.0' ],
3081 silly audit   jsonparse: [ '1.3.1' ],
3081 silly audit   'make-fetch-happen': [ '15.0.6' ],
3081 silly audit   'minipass-fetch': [ '5.0.2' ],
3081 silly audit   minizlib: [ '3.1.0' ],
3081 silly audit   '@npmcli/agent': [ '4.0.2' ],
3081 silly audit   'http-cache-semantics': [ '4.2.0' ],
3081 silly audit   'socks-proxy-agent': [ '8.0.5' ],
3081 silly audit   'minipass-sized': [ '2.0.0' ],
3081 silly audit   'parse5-sax-parser': [ '8.0.0' ],
3081 silly audit   '@napi-rs/nice': [ '1.1.1' ],
3081 silly audit   '@napi-rs/nice-android-arm-eabi': [ '1.1.1' ],
3081 silly audit   '@napi-rs/nice-android-arm64': [ '1.1.1' ],
3081 silly audit   '@napi-rs/nice-darwin-arm64': [ '1.1.1' ],
3081 silly audit   '@napi-rs/nice-darwin-x64': [ '1.1.1' ],
3081 silly audit   '@napi-rs/nice-freebsd-x64': [ '1.1.1' ],
3081 silly audit   '@napi-rs/nice-linux-arm-gnueabihf': [ '1.1.1' ],
3081 silly audit   '@napi-rs/nice-linux-arm64-gnu': [ '1.1.1' ],
3081 silly audit   '@napi-rs/nice-linux-arm64-musl': [ '1.1.1' ],
3081 silly audit   '@napi-rs/nice-linux-ppc64-gnu': [ '1.1.1' ],
3081 silly audit   '@napi-rs/nice-linux-riscv64-gnu': [ '1.1.1' ],
3081 silly audit   '@napi-rs/nice-linux-s390x-gnu': [ '1.1.1' ],
3081 silly audit   '@napi-rs/nice-linux-x64-gnu': [ '1.1.1' ],
3081 silly audit   '@napi-rs/nice-linux-x64-musl': [ '1.1.1' ],
3081 silly audit   '@napi-rs/nice-openharmony-arm64': [ '1.1.1' ],
3081 silly audit   '@napi-rs/nice-win32-arm64-msvc': [ '1.1.1' ],
3081 silly audit   '@napi-rs/nice-win32-ia32-msvc': [ '1.1.1' ],
3081 silly audit   '@napi-rs/nice-win32-x64-msvc': [ '1.1.1' ],
3081 silly audit   nanoid: [ '3.3.15' ],
3081 silly audit   forwarded: [ '0.2.0' ],
3081 silly audit   'ipaddr.js': [ '1.9.1' ],
3081 silly audit   'es-define-property': [ '1.0.1' ],
3081 silly audit   'side-channel': [ '1.1.1' ],
3081 silly audit   unpipe: [ '1.0.0' ],
3081 silly audit   onetime: [ '7.0.0' ],
3081 silly audit   'mimic-function': [ '5.0.1' ],
3081 silly audit   '@rollup/rollup-android-arm-eabi': [ '4.60.2' ],
3081 silly audit   '@rollup/rollup-android-arm64': [ '4.60.2' ],
3081 silly audit   '@rollup/rollup-darwin-arm64': [ '4.60.2' ],
3081 silly audit   '@rollup/rollup-darwin-x64': [ '4.60.2' ],
3081 silly audit   '@rollup/rollup-freebsd-arm64': [ '4.60.2' ],
3081 silly audit   '@rollup/rollup-freebsd-x64': [ '4.60.2' ],
3081 silly audit   '@rollup/rollup-linux-arm-gnueabihf': [ '4.60.2' ],
3081 silly audit   '@rollup/rollup-linux-arm-musleabihf': [ '4.60.2' ],
3081 silly audit   '@rollup/rollup-linux-arm64-gnu': [ '4.60.2' ],
3081 silly audit   '@rollup/rollup-linux-arm64-musl': [ '4.60.2' ],
3081 silly audit   '@rollup/rollup-linux-loong64-gnu': [ '4.60.2' ],
3081 silly audit   '@rollup/rollup-linux-loong64-musl': [ '4.60.2' ],
3081 silly audit   '@rollup/rollup-linux-ppc64-gnu': [ '4.60.2' ],
3081 silly audit   '@rollup/rollup-linux-ppc64-musl': [ '4.60.2' ],
3081 silly audit   '@rollup/rollup-linux-riscv64-gnu': [ '4.60.2' ],
3081 silly audit   '@rollup/rollup-linux-riscv64-musl': [ '4.60.2' ],
3081 silly audit   '@rollup/rollup-linux-s390x-gnu': [ '4.60.2' ],
3081 silly audit   '@rollup/rollup-linux-x64-gnu': [ '4.60.2' ],
3081 silly audit   '@rollup/rollup-linux-x64-musl': [ '4.60.2' ],
3081 silly audit   '@rollup/rollup-openbsd-x64': [ '4.60.2' ],
3081 silly audit   '@rollup/rollup-openharmony-arm64': [ '4.60.2' ],
3081 silly audit   '@rollup/rollup-win32-arm64-msvc': [ '4.60.2' ],
3081 silly audit   '@rollup/rollup-win32-ia32-msvc': [ '4.60.2' ],
3081 silly audit   '@rollup/rollup-win32-x64-gnu': [ '4.60.2' ],
3081 silly audit   '@rollup/rollup-win32-x64-msvc': [ '4.60.2' ],
3081 silly audit   '@types/estree': [ '1.0.8' ],
3081 silly audit   fsevents: [ '2.3.3' ],
3081 silly audit   'is-promise': [ '4.0.0' ],
3081 silly audit   'path-to-regexp': [ '8.4.2' ],
3081 silly audit   '@parcel/watcher': [ '2.5.6' ],
3081 silly audit   immutable: [ '5.1.9' ],
3081 silly audit   '@parcel/watcher-android-arm64': [ '2.5.6' ],
3081 silly audit   '@parcel/watcher-darwin-arm64': [ '2.5.6' ],
3081 silly audit   '@parcel/watcher-darwin-x64': [ '2.5.6' ],
3081 silly audit   '@parcel/watcher-freebsd-x64': [ '2.5.6' ],
3081 silly audit   '@parcel/watcher-linux-arm-glibc': [ '2.5.6' ],
3081 silly audit   '@parcel/watcher-linux-arm-musl': [ '2.5.6' ],
3081 silly audit   '@parcel/watcher-linux-arm64-glibc': [ '2.5.6' ],
3081 silly audit   '@parcel/watcher-linux-arm64-musl': [ '2.5.6' ],
3081 silly audit   '@parcel/watcher-linux-x64-glibc': [ '2.5.6' ],
3081 silly audit   '@parcel/watcher-linux-x64-musl': [ '2.5.6' ],
3081 silly audit   '@parcel/watcher-win32-arm64': [ '2.5.6' ],
3081 silly audit   '@parcel/watcher-win32-ia32': [ '2.5.6' ],
3081 silly audit   '@parcel/watcher-win32-x64': [ '2.5.6' ],
3081 silly audit   'is-glob': [ '4.0.3' ],
3081 silly audit   'is-extglob': [ '2.1.1' ],
3081 silly audit   xmlchars: [ '2.2.0' ],
3081 silly audit   'shebang-regex': [ '3.0.0' ],
3081 silly audit   'es-errors': [ '1.3.0' ],
3081 silly audit   'object-inspect': [ '1.13.4' ],
3081 silly audit   'side-channel-list': [ '1.0.1' ],
3081 silly audit   'side-channel-map': [ '1.0.1' ],
3081 silly audit   'side-channel-weakmap': [ '1.0.2' ],
3081 silly audit   'call-bound': [ '1.0.4' ],
3081 silly audit   'get-intrinsic': [ '1.3.0' ],
3081 silly audit   'call-bind-apply-helpers': [ '1.0.2' ],
3081 silly audit   'function-bind': [ '1.1.2' ],
3081 silly audit   'es-object-atoms': [ '1.1.2' ],
3081 silly audit   'get-proto': [ '1.0.1' ],
3081 silly audit   gopd: [ '1.2.0' ],
3081 silly audit   'has-symbols': [ '1.1.0' ],
3081 silly audit   hasown: [ '2.0.4' ],
3081 silly audit   'math-intrinsics': [ '1.1.0' ],
3081 silly audit   'dunder-proto': [ '1.0.1' ],
3081 silly audit   '@sigstore/bundle': [ '4.0.0' ],
3081 silly audit   '@sigstore/core': [ '3.2.1' ],
3081 silly audit   '@sigstore/protobuf-specs': [ '0.5.1' ],
3081 silly audit   '@sigstore/sign': [ '4.1.1' ],
3081 silly audit   '@sigstore/tuf': [ '4.0.2' ],
3081 silly audit   '@sigstore/verify': [ '3.1.1' ],
3081 silly audit   'tuf-js': [ '4.1.0' ],
3081 silly audit   'ansi-styles': [ '6.2.3' ],
3081 silly audit   'is-fullwidth-code-point': [ '5.1.0' ],
3081 silly audit   'get-east-asian-width': [ '1.6.0' ],
3081 silly audit   socks: [ '2.8.9' ],
3081 silly audit   'smart-buffer': [ '4.2.0' ],
3081 silly audit   'buffer-from': [ '1.1.2' ],
3081 silly audit   'spdx-exceptions': [ '2.5.0' ],
3081 silly audit   'spdx-license-ids': [ '3.0.23' ],
3081 silly audit   'ansi-regex': [ '6.2.2' ],
3081 silly audit   '@isaacs/fs-minipass': [ '4.0.1' ],
3081 silly audit   chownr: [ '3.0.0' ],
3081 silly audit   fdir: [ '6.5.0' ],
3081 silly audit   tldts: [ '7.4.5' ],
3081 silly audit   'tldts-core': [ '7.4.5' ],
3081 silly audit   '@tufjs/models': [ '4.1.0' ],
3081 silly audit   '@tufjs/canonical-json': [ '2.0.0' ],
3081 silly audit   'media-typer': [ '1.1.0' ],
3081 silly audit   escalade: [ '3.2.0' ],
3081 silly audit   '@vitest/expect': [ '4.1.9' ],
3081 silly audit   '@vitest/mocker': [ '4.1.9' ],
3081 silly audit   '@vitest/pretty-format': [ '4.1.9' ],
3081 silly audit   '@vitest/runner': [ '4.1.9' ],
3081 silly audit   '@vitest/snapshot': [ '4.1.9' ],
3081 silly audit   '@vitest/spy': [ '4.1.9' ],
3081 silly audit   '@vitest/utils': [ '4.1.9' ],
3081 silly audit   'es-module-lexer': [ '2.2.0' ],
3081 silly audit   'expect-type': [ '1.4.0' ],
3081 silly audit   obug: [ '2.1.3' ],
3081 silly audit   pathe: [ '2.0.3' ],
3081 silly audit   'std-env': [ '4.1.0' ],
3081 silly audit   tinybench: [ '2.9.0' ],
3081 silly audit   tinyexec: [ '1.2.4' ],
3081 silly audit   tinyrainbow: [ '3.1.0' ],
3081 silly audit   'why-is-node-running': [ '2.3.0' ],
3081 silly audit   '@types/chai': [ '5.2.3' ],
3081 silly audit   chai: [ '6.2.2' ],
3081 silly audit   '@types/deep-eql': [ '4.0.2' ],
3081 silly audit   'assertion-error': [ '2.0.1' ],
3081 silly audit   'estree-walker': [ '3.0.3' ],
3081 silly audit   'glob-to-regexp': [ '0.4.1' ],
3081 silly audit   tr46: [ '6.0.0' ],
3081 silly audit   punycode: [ '2.3.1' ],
3081 silly audit   isexe: [ '2.0.0', '4.0.0' ],
3081 silly audit   siginfo: [ '2.0.0' ],
3081 silly audit   stackback: [ '0.0.2' ],
3081 silly audit   cliui: [ '9.0.1' ],
3081 silly audit   'get-caller-file': [ '2.0.5' ],
3081 silly audit   y18n: [ '5.0.8' ],
3081 silly audit   'yargs-parser': [ '22.0.0' ],
3081 silly audit   'emoji-regex': [ '10.6.0' ]
3081 silly audit }
3082 http cache emoji-regex@https://registry.npmjs.org/emoji-regex/-/emoji-regex-10.6.0.tgz 0ms (cache hit)
3083 http cache stackback@https://registry.npmjs.org/stackback/-/stackback-0.0.2.tgz 0ms (cache hit)
3084 http cache yargs-parser@https://registry.npmjs.org/yargs-parser/-/yargs-parser-22.0.0.tgz 0ms (cache hit)
3085 http cache get-caller-file@https://registry.npmjs.org/get-caller-file/-/get-caller-file-2.0.5.tgz 0ms (cache hit)
3086 http cache siginfo@https://registry.npmjs.org/siginfo/-/siginfo-2.0.0.tgz 0ms (cache hit)
3087 http cache y18n@https://registry.npmjs.org/y18n/-/y18n-5.0.8.tgz 0ms (cache hit)
3088 http cache isexe@https://registry.npmjs.org/isexe/-/isexe-2.0.0.tgz 0ms (cache hit)
3089 http cache punycode@https://registry.npmjs.org/punycode/-/punycode-2.3.1.tgz 0ms (cache hit)
3090 http cache tr46@https://registry.npmjs.org/tr46/-/tr46-6.0.0.tgz 0ms (cache hit)
3091 http cache glob-to-regexp@https://registry.npmjs.org/glob-to-regexp/-/glob-to-regexp-0.4.1.tgz 0ms (cache hit)
3092 http cache estree-walker@https://registry.npmjs.org/estree-walker/-/estree-walker-3.0.3.tgz 0ms (cache hit)
3093 http cache @types/deep-eql@https://registry.npmjs.org/@types/deep-eql/-/deep-eql-4.0.2.tgz 0ms (cache hit)
3094 http cache why-is-node-running@https://registry.npmjs.org/why-is-node-running/-/why-is-node-running-2.3.0.tgz 0ms (cache hit)
3095 http cache @types/chai@https://registry.npmjs.org/@types/chai/-/chai-5.2.3.tgz 0ms (cache hit)
3096 http cache cliui@https://registry.npmjs.org/cliui/-/cliui-9.0.1.tgz 0ms (cache hit)
3097 http cache tinyrainbow@https://registry.npmjs.org/tinyrainbow/-/tinyrainbow-3.1.0.tgz 0ms (cache hit)
3098 http cache chai@https://registry.npmjs.org/chai/-/chai-6.2.2.tgz 0ms (cache hit)
3099 http cache pathe@https://registry.npmjs.org/pathe/-/pathe-2.0.3.tgz 0ms (cache hit)
3100 http cache tinybench@https://registry.npmjs.org/tinybench/-/tinybench-2.9.0.tgz 0ms (cache hit)
3101 http cache obug@https://registry.npmjs.org/obug/-/obug-2.1.3.tgz 0ms (cache hit)
3102 http cache assertion-error@https://registry.npmjs.org/assertion-error/-/assertion-error-2.0.1.tgz 0ms (cache hit)
3103 http cache tinyexec@https://registry.npmjs.org/tinyexec/-/tinyexec-1.2.4.tgz 0ms (cache hit)
3104 http cache @vitest/utils@https://registry.npmjs.org/@vitest/utils/-/utils-4.1.9.tgz 0ms (cache hit)
3105 http cache @vitest/spy@https://registry.npmjs.org/@vitest/spy/-/spy-4.1.9.tgz 0ms (cache hit)
3106 http cache expect-type@https://registry.npmjs.org/expect-type/-/expect-type-1.4.0.tgz 0ms (cache hit)
3107 http cache std-env@https://registry.npmjs.org/std-env/-/std-env-4.1.0.tgz 0ms (cache hit)
3108 http cache es-module-lexer@https://registry.npmjs.org/es-module-lexer/-/es-module-lexer-2.2.0.tgz 0ms (cache hit)
3109 http cache @vitest/runner@https://registry.npmjs.org/@vitest/runner/-/runner-4.1.9.tgz 0ms (cache hit)
3110 http cache @vitest/expect@https://registry.npmjs.org/@vitest/expect/-/expect-4.1.9.tgz 0ms (cache hit)
3111 http cache @vitest/snapshot@https://registry.npmjs.org/@vitest/snapshot/-/snapshot-4.1.9.tgz 0ms (cache hit)
3112 http cache escalade@https://registry.npmjs.org/escalade/-/escalade-3.2.0.tgz 0ms (cache hit)
3113 http cache @vitest/mocker@https://registry.npmjs.org/@vitest/mocker/-/mocker-4.1.9.tgz 0ms (cache hit)
3114 http cache @tufjs/models@https://registry.npmjs.org/@tufjs/models/-/models-4.1.0.tgz 0ms (cache hit)
3115 http cache @vitest/pretty-format@https://registry.npmjs.org/@vitest/pretty-format/-/pretty-format-4.1.9.tgz 0ms (cache hit)
3116 http cache @tufjs/canonical-json@https://registry.npmjs.org/@tufjs/canonical-json/-/canonical-json-2.0.0.tgz 0ms (cache hit)
3117 http cache media-typer@https://registry.npmjs.org/media-typer/-/media-typer-1.1.0.tgz 0ms (cache hit)
3118 http cache fdir@https://registry.npmjs.org/fdir/-/fdir-6.5.0.tgz 0ms (cache hit)
3119 http cache chownr@https://registry.npmjs.org/chownr/-/chownr-3.0.0.tgz 0ms (cache hit)
3120 http cache ansi-regex@https://registry.npmjs.org/ansi-regex/-/ansi-regex-6.2.2.tgz 0ms (cache hit)
3121 http cache tldts-core@https://registry.npmjs.org/tldts-core/-/tldts-core-7.4.5.tgz 0ms (cache hit)
3122 http cache spdx-license-ids@https://registry.npmjs.org/spdx-license-ids/-/spdx-license-ids-3.0.23.tgz 0ms (cache hit)
3123 http cache socks@https://registry.npmjs.org/socks/-/socks-2.8.9.tgz 0ms (cache hit)
3124 http cache tldts@https://registry.npmjs.org/tldts/-/tldts-7.4.5.tgz 0ms (cache hit)
3125 http cache @isaacs/fs-minipass@https://registry.npmjs.org/@isaacs/fs-minipass/-/fs-minipass-4.0.1.tgz 0ms (cache hit)
3126 http cache spdx-exceptions@https://registry.npmjs.org/spdx-exceptions/-/spdx-exceptions-2.5.0.tgz 0ms (cache hit)
3127 http cache is-fullwidth-code-point@https://registry.npmjs.org/is-fullwidth-code-point/-/is-fullwidth-code-point-5.1.0.tgz 0ms (cache hit)
3128 http cache tuf-js@https://registry.npmjs.org/tuf-js/-/tuf-js-4.1.0.tgz 0ms (cache hit)
3129 http cache smart-buffer@https://registry.npmjs.org/smart-buffer/-/smart-buffer-4.2.0.tgz 0ms (cache hit)
3130 http cache get-east-asian-width@https://registry.npmjs.org/get-east-asian-width/-/get-east-asian-width-1.6.0.tgz 0ms (cache hit)
3131 http cache ansi-styles@https://registry.npmjs.org/ansi-styles/-/ansi-styles-6.2.3.tgz 0ms (cache hit)
3132 http cache buffer-from@https://registry.npmjs.org/buffer-from/-/buffer-from-1.1.2.tgz 0ms (cache hit)
3133 http cache @sigstore/protobuf-specs@https://registry.npmjs.org/@sigstore/protobuf-specs/-/protobuf-specs-0.5.1.tgz 0ms (cache hit)
3134 http cache @sigstore/core@https://registry.npmjs.org/@sigstore/core/-/core-3.2.1.tgz 0ms (cache hit)
3135 http cache @sigstore/sign@https://registry.npmjs.org/@sigstore/sign/-/sign-4.1.1.tgz 0ms (cache hit)
3136 http cache @sigstore/bundle@https://registry.npmjs.org/@sigstore/bundle/-/bundle-4.0.0.tgz 0ms (cache hit)
3137 http cache math-intrinsics@https://registry.npmjs.org/math-intrinsics/-/math-intrinsics-1.1.0.tgz 0ms (cache hit)
3138 http cache has-symbols@https://registry.npmjs.org/has-symbols/-/has-symbols-1.1.0.tgz 0ms (cache hit)
3139 http cache hasown@https://registry.npmjs.org/hasown/-/hasown-2.0.4.tgz 0ms (cache hit)
3140 http cache dunder-proto@https://registry.npmjs.org/dunder-proto/-/dunder-proto-1.0.1.tgz 0ms (cache hit)
3141 http cache @sigstore/tuf@https://registry.npmjs.org/@sigstore/tuf/-/tuf-4.0.2.tgz 0ms (cache hit)
3142 http cache function-bind@https://registry.npmjs.org/function-bind/-/function-bind-1.1.2.tgz 0ms (cache hit)
3143 http cache gopd@https://registry.npmjs.org/gopd/-/gopd-1.2.0.tgz 0ms (cache hit)
3144 http cache call-bind-apply-helpers@https://registry.npmjs.org/call-bind-apply-helpers/-/call-bind-apply-helpers-1.0.2.tgz 0ms (cache hit)
3145 http cache es-object-atoms@https://registry.npmjs.org/es-object-atoms/-/es-object-atoms-1.1.2.tgz 0ms (cache hit)
3146 http cache get-intrinsic@https://registry.npmjs.org/get-intrinsic/-/get-intrinsic-1.3.0.tgz 0ms (cache hit)
3147 http cache side-channel-map@https://registry.npmjs.org/side-channel-map/-/side-channel-map-1.0.1.tgz 0ms (cache hit)
3148 http cache call-bound@https://registry.npmjs.org/call-bound/-/call-bound-1.0.4.tgz 0ms (cache hit)
3149 http cache side-channel-weakmap@https://registry.npmjs.org/side-channel-weakmap/-/side-channel-weakmap-1.0.2.tgz 0ms (cache hit)
3150 http cache @sigstore/verify@https://registry.npmjs.org/@sigstore/verify/-/verify-3.1.1.tgz 0ms (cache hit)
3151 http cache side-channel-list@https://registry.npmjs.org/side-channel-list/-/side-channel-list-1.0.1.tgz 0ms (cache hit)
3152 http cache object-inspect@https://registry.npmjs.org/object-inspect/-/object-inspect-1.13.4.tgz 0ms (cache hit)
3153 http cache get-proto@https://registry.npmjs.org/get-proto/-/get-proto-1.0.1.tgz 0ms (cache hit)
3154 http cache xmlchars@https://registry.npmjs.org/xmlchars/-/xmlchars-2.2.0.tgz 0ms (cache hit)
3155 http cache es-errors@https://registry.npmjs.org/es-errors/-/es-errors-1.3.0.tgz 0ms (cache hit)
3156 http cache is-glob@https://registry.npmjs.org/is-glob/-/is-glob-4.0.3.tgz 0ms (cache hit)
3157 http cache shebang-regex@https://registry.npmjs.org/shebang-regex/-/shebang-regex-3.0.0.tgz 0ms (cache hit)
3158 http cache is-extglob@https://registry.npmjs.org/is-extglob/-/is-extglob-2.1.1.tgz 0ms (cache hit)
3159 http cache @parcel/watcher-darwin-arm64@https://registry.npmjs.org/@parcel/watcher-darwin-arm64/-/watcher-darwin-arm64-2.5.6.tgz 0ms (cache hit)
3160 http cache fsevents@https://registry.npmjs.org/fsevents/-/fsevents-2.3.3.tgz 0ms (cache hit)
3161 http cache is-promise@https://registry.npmjs.org/is-promise/-/is-promise-4.0.0.tgz 0ms (cache hit)
3162 http cache path-to-regexp@https://registry.npmjs.org/path-to-regexp/-/path-to-regexp-8.4.2.tgz 0ms (cache hit)
3163 http cache immutable@https://registry.npmjs.org/immutable/-/immutable-5.1.9.tgz 0ms (cache hit)
3164 http cache onetime@https://registry.npmjs.org/onetime/-/onetime-7.0.0.tgz 0ms (cache hit)
3165 http cache @parcel/watcher@https://registry.npmjs.org/@parcel/watcher/-/watcher-2.5.6.tgz 0ms (cache hit)
3166 http cache @types/estree@https://registry.npmjs.org/@types/estree/-/estree-1.0.8.tgz 0ms (cache hit)
3167 http cache @rollup/rollup-darwin-arm64@https://registry.npmjs.org/@rollup/rollup-darwin-arm64/-/rollup-darwin-arm64-4.60.2.tgz 0ms (cache hit)
3168 http cache side-channel@https://registry.npmjs.org/side-channel/-/side-channel-1.1.1.tgz 0ms (cache hit)
3169 http cache mimic-function@https://registry.npmjs.org/mimic-function/-/mimic-function-5.0.1.tgz 0ms (cache hit)
3170 http cache es-define-property@https://registry.npmjs.org/es-define-property/-/es-define-property-1.0.1.tgz 0ms (cache hit)
3171 http cache forwarded@https://registry.npmjs.org/forwarded/-/forwarded-0.2.0.tgz 0ms (cache hit)
3172 http cache unpipe@https://registry.npmjs.org/unpipe/-/unpipe-1.0.0.tgz 0ms (cache hit)
3173 http cache parse5-sax-parser@https://registry.npmjs.org/parse5-sax-parser/-/parse5-sax-parser-8.0.0.tgz 0ms (cache hit)
3174 http cache nanoid@https://registry.npmjs.org/nanoid/-/nanoid-3.3.15.tgz 0ms (cache hit)
3175 http cache socks-proxy-agent@https://registry.npmjs.org/socks-proxy-agent/-/socks-proxy-agent-8.0.5.tgz 0ms (cache hit)
3176 http cache minipass-sized@https://registry.npmjs.org/minipass-sized/-/minipass-sized-2.0.0.tgz 0ms (cache hit)
3177 http cache @napi-rs/nice-darwin-arm64@https://registry.npmjs.org/@napi-rs/nice-darwin-arm64/-/nice-darwin-arm64-1.1.1.tgz 0ms (cache hit)
3178 http cache ipaddr.js@https://registry.npmjs.org/ipaddr.js/-/ipaddr.js-1.9.1.tgz 0ms (cache hit)
3179 http cache http-cache-semantics@https://registry.npmjs.org/http-cache-semantics/-/http-cache-semantics-4.2.0.tgz 0ms (cache hit)
3180 http cache @npmcli/agent@https://registry.npmjs.org/@npmcli/agent/-/agent-4.0.2.tgz 0ms (cache hit)
3181 http cache jsonparse@https://registry.npmjs.org/jsonparse/-/jsonparse-1.3.1.tgz 0ms (cache hit)
3182 http cache @napi-rs/nice@https://registry.npmjs.org/@napi-rs/nice/-/nice-1.1.1.tgz 0ms (cache hit)
3183 http cache minizlib@https://registry.npmjs.org/minizlib/-/minizlib-3.1.0.tgz 0ms (cache hit)
3184 http cache @npmcli/redact@https://registry.npmjs.org/@npmcli/redact/-/redact-4.0.0.tgz 0ms (cache hit)
3185 http cache abbrev@https://registry.npmjs.org/abbrev/-/abbrev-4.0.0.tgz 0ms (cache hit)
3186 http cache graceful-fs@https://registry.npmjs.org/graceful-fs/-/graceful-fs-4.2.11.tgz 0ms (cache hit)
3187 http cache exponential-backoff@https://registry.npmjs.org/exponential-backoff/-/exponential-backoff-3.1.3.tgz 0ms (cache hit)
3188 http cache npm-install-checks@https://registry.npmjs.org/npm-install-checks/-/npm-install-checks-8.0.0.tgz 0ms (cache hit)
3189 http cache ignore-walk@https://registry.npmjs.org/ignore-walk/-/ignore-walk-8.0.0.tgz 0ms (cache hit)
3190 http cache minipass-fetch@https://registry.npmjs.org/minipass-fetch/-/minipass-fetch-5.0.2.tgz 0ms (cache hit)
3191 http cache brace-expansion@https://registry.npmjs.org/brace-expansion/-/brace-expansion-5.0.7.tgz 0ms (cache hit)
3192 http cache env-paths@https://registry.npmjs.org/env-paths/-/env-paths-2.2.1.tgz 0ms (cache hit)
3193 http cache nopt@https://registry.npmjs.org/nopt/-/nopt-9.0.0.tgz 0ms (cache hit)
3194 http cache minimatch@https://registry.npmjs.org/minimatch/-/minimatch-10.2.5.tgz 0ms (cache hit)
3195 http cache path-scurry@https://registry.npmjs.org/path-scurry/-/path-scurry-2.0.2.tgz 0ms (cache hit)
3196 http cache balanced-match@https://registry.npmjs.org/balanced-match/-/balanced-match-4.0.4.tgz 0ms (cache hit)
3197 http cache minipass-flush@https://registry.npmjs.org/minipass-flush/-/minipass-flush-1.0.7.tgz 0ms (cache hit)
3198 http cache make-fetch-happen@https://registry.npmjs.org/make-fetch-happen/-/make-fetch-happen-15.0.6.tgz 0ms (cache hit)
3199 http cache @npmcli/node-gyp@https://registry.npmjs.org/@npmcli/node-gyp/-/node-gyp-5.0.0.tgz 0ms (cache hit)
3200 http cache minipass-collect@https://registry.npmjs.org/minipass-collect/-/minipass-collect-2.0.1.tgz 0ms (cache hit)
3201 http cache minipass-pipeline@https://registry.npmjs.org/minipass-pipeline/-/minipass-pipeline-1.2.4.tgz 0ms (cache hit)
3202 http cache spdx-expression-parse@https://registry.npmjs.org/spdx-expression-parse/-/spdx-expression-parse-4.0.0.tgz 0ms (cache hit)
3203 http cache @npmcli/fs@https://registry.npmjs.org/@npmcli/fs/-/fs-5.0.0.tgz 0ms (cache hit)
3204 http cache glob@https://registry.npmjs.org/glob/-/glob-13.0.6.tgz 0ms (cache hit)
3205 http cache p-map@https://registry.npmjs.org/p-map/-/p-map-7.0.5.tgz 0ms (cache hit)
3206 http cache npm-bundled@https://registry.npmjs.org/npm-bundled/-/npm-bundled-5.0.0.tgz 0ms (cache hit)
3207 http cache ssri@https://registry.npmjs.org/ssri/-/ssri-13.0.1.tgz 0ms (cache hit)
3208 http cache tar@https://registry.npmjs.org/tar/-/tar-7.5.19.tgz 0ms (cache hit)
3209 http cache npm-pick-manifest@https://registry.npmjs.org/npm-pick-manifest/-/npm-pick-manifest-11.0.3.tgz 0ms (cache hit)
3210 http cache node-gyp@https://registry.npmjs.org/node-gyp/-/node-gyp-12.4.0.tgz 0ms (cache hit)
3211 http cache npm-normalize-package-bin@https://registry.npmjs.org/npm-normalize-package-bin/-/npm-normalize-package-bin-5.0.0.tgz 0ms (cache hit)
3212 http cache json-parse-even-better-errors@https://registry.npmjs.org/json-parse-even-better-errors/-/json-parse-even-better-errors-5.0.0.tgz 0ms (cache hit)
3213 http cache npm-packlist@https://registry.npmjs.org/npm-packlist/-/npm-packlist-10.0.4.tgz 0ms (cache hit)
3214 http cache sigstore@https://registry.npmjs.org/sigstore/-/sigstore-4.1.1.tgz 0ms (cache hit)
3215 http cache npm-registry-fetch@https://registry.npmjs.org/npm-registry-fetch/-/npm-registry-fetch-19.1.1.tgz 0ms (cache hit)
3216 http cache @npmcli/promise-spawn@https://registry.npmjs.org/@npmcli/promise-spawn/-/promise-spawn-9.0.1.tgz 0ms (cache hit)
3217 http cache minipass@https://registry.npmjs.org/minipass/-/minipass-7.1.3.tgz 0ms (cache hit)
3218 http cache @npmcli/run-script@https://registry.npmjs.org/@npmcli/run-script/-/run-script-10.0.4.tgz 0ms (cache hit)
3219 http cache fs-minipass@https://registry.npmjs.org/fs-minipass/-/fs-minipass-3.0.3.tgz 0ms (cache hit)
3220 http cache @npmcli/package-json@https://registry.npmjs.org/@npmcli/package-json/-/package-json-7.0.5.tgz 0ms (cache hit)
3221 http cache cacache@https://registry.npmjs.org/cacache/-/cacache-20.0.4.tgz 0ms (cache hit)
3222 http cache @npmcli/git@https://registry.npmjs.org/@npmcli/git/-/git-7.0.2.tgz 0ms (cache hit)
3223 http cache yoctocolors@https://registry.npmjs.org/yoctocolors/-/yoctocolors-2.1.2.tgz 0ms (cache hit)
3224 http cache @npmcli/installed-package-contents@https://registry.npmjs.org/@npmcli/installed-package-contents/-/installed-package-contents-4.0.0.tgz 0ms (cache hit)
3225 http cache @gar/promise-retry@https://registry.npmjs.org/@gar/promise-retry/-/promise-retry-1.0.3.tgz 0ms (cache hit)
3226 http cache is-unicode-supported@https://registry.npmjs.org/is-unicode-supported/-/is-unicode-supported-2.1.0.tgz 0ms (cache hit)
3227 http cache is-interactive@https://registry.npmjs.org/is-interactive/-/is-interactive-2.0.0.tgz 0ms (cache hit)
3228 http cache log-symbols@https://registry.npmjs.org/log-symbols/-/log-symbols-7.0.1.tgz 0ms (cache hit)
3229 http cache stdin-discarder@https://registry.npmjs.org/stdin-discarder/-/stdin-discarder-0.3.2.tgz 0ms (cache hit)
3230 http cache validate-npm-package-name@https://registry.npmjs.org/validate-npm-package-name/-/validate-npm-package-name-7.0.2.tgz 0ms (cache hit)
3231 http cache chalk@https://registry.npmjs.org/chalk/-/chalk-5.6.2.tgz 0ms (cache hit)
3232 http cache ee-first@https://registry.npmjs.org/ee-first/-/ee-first-1.1.1.tgz 0ms (cache hit)
3233 http cache @msgpackr-extract/msgpackr-extract-darwin-arm64@https://registry.npmjs.org/@msgpackr-extract/msgpackr-extract-darwin-arm64/-/msgpackr-extract-darwin-arm64-3.0.4.tgz 0ms (cache hit)
3234 http cache wrappy@https://registry.npmjs.org/wrappy/-/wrappy-1.0.2.tgz 0ms (cache hit)
3235 http cache cli-spinners@https://registry.npmjs.org/cli-spinners/-/cli-spinners-3.4.0.tgz 0ms (cache hit)
3236 http cache msgpackr-extract@https://registry.npmjs.org/msgpackr-extract/-/msgpackr-extract-3.0.4.tgz 0ms (cache hit)
3237 http cache detect-libc@https://registry.npmjs.org/detect-libc/-/detect-libc-2.1.2.tgz 0ms (cache hit)
3238 http cache hosted-git-info@https://registry.npmjs.org/hosted-git-info/-/hosted-git-info-9.0.3.tgz 0ms (cache hit)
3239 http cache marked@https://registry.npmjs.org/marked/-/marked-14.0.0.tgz 0ms (cache hit)
3240 http cache mime-db@https://registry.npmjs.org/mime-db/-/mime-db-1.54.0.tgz 0ms (cache hit)
3241 http cache proc-log@https://registry.npmjs.org/proc-log/-/proc-log-6.1.0.tgz 0ms (cache hit)
3242 http cache dompurify@https://registry.npmjs.org/dompurify/-/dompurify-3.2.7.tgz 0ms (cache hit)
3243 http cache @types/trusted-types@https://registry.npmjs.org/@types/trusted-types/-/trusted-types-2.0.7.tgz 0ms (cache hit)
3244 http cache yallist@https://registry.npmjs.org/yallist/-/yallist-3.1.1.tgz 0ms (cache hit)
3245 http cache strip-ansi@https://registry.npmjs.org/strip-ansi/-/strip-ansi-7.2.0.tgz 0ms (cache hit)
3246 http cache restore-cursor@https://registry.npmjs.org/restore-cursor/-/restore-cursor-5.1.0.tgz 0ms (cache hit)
3247 http cache ansi-escapes@https://registry.npmjs.org/ansi-escapes/-/ansi-escapes-7.3.0.tgz 0ms (cache hit)
3248 http cache environment@https://registry.npmjs.org/environment/-/environment-1.1.0.tgz 0ms (cache hit)
3249 http cache cli-cursor@https://registry.npmjs.org/cli-cursor/-/cli-cursor-5.0.0.tgz 0ms (cache hit)
3250 http cache node-gyp-build-optional-packages@https://registry.npmjs.org/node-gyp-build-optional-packages/-/node-gyp-build-optional-packages-5.2.2.tgz 0ms (cache hit)
3251 http cache weak-lru-cache@https://registry.npmjs.org/weak-lru-cache/-/weak-lru-cache-1.2.2.tgz 0ms (cache hit)
3252 http cache node-addon-api@https://registry.npmjs.org/node-addon-api/-/node-addon-api-6.1.0.tgz 0ms (cache hit)
3253 http cache string-width@https://registry.npmjs.org/string-width/-/string-width-8.2.1.tgz 0ms (cache hit)
3254 http cache ordered-binary@https://registry.npmjs.org/ordered-binary/-/ordered-binary-1.6.1.tgz 0ms (cache hit)
3255 http cache @lmdb/lmdb-darwin-arm64@https://registry.npmjs.org/@lmdb/lmdb-darwin-arm64/-/lmdb-darwin-arm64-3.5.4.tgz 0ms (cache hit)
3256 http cache wrap-ansi@https://registry.npmjs.org/wrap-ansi/-/wrap-ansi-10.0.0.tgz 0ms (cache hit)
3257 http cache slice-ansi@https://registry.npmjs.org/slice-ansi/-/slice-ansi-8.0.0.tgz 0ms (cache hit)
3258 http cache @harperfast/extended-iterable@https://registry.npmjs.org/@harperfast/extended-iterable/-/extended-iterable-1.0.3.tgz 0ms (cache hit)
3259 http cache msgpackr@https://registry.npmjs.org/msgpackr/-/msgpackr-1.12.1.tgz 0ms (cache hit)
3260 http cache rfdc@https://registry.npmjs.org/rfdc/-/rfdc-1.4.1.tgz 0ms (cache hit)
3261 http cache eventemitter3@https://registry.npmjs.org/eventemitter3/-/eventemitter3-5.0.4.tgz 0ms (cache hit)
3262 http cache @csstools/color-helpers@https://registry.npmjs.org/@csstools/color-helpers/-/color-helpers-6.1.0.tgz 0ms (cache hit)
3263 http cache log-update@https://registry.npmjs.org/log-update/-/log-update-6.1.0.tgz 0ms (cache hit)
3264 http cache @csstools/css-parser-algorithms@https://registry.npmjs.org/@csstools/css-parser-algorithms/-/css-parser-algorithms-4.0.0.tgz 0ms (cache hit)
3265 http cache cli-truncate@https://registry.npmjs.org/cli-truncate/-/cli-truncate-5.2.0.tgz 0ms (cache hit)
3266 http cache @csstools/css-color-parser@https://registry.npmjs.org/@csstools/css-color-parser/-/css-color-parser-4.1.9.tgz 0ms (cache hit)
3267 http cache @asamuzakjp/generational-cache@https://registry.npmjs.org/@asamuzakjp/generational-cache/-/generational-cache-1.0.1.tgz 0ms (cache hit)
3268 http cache @csstools/css-syntax-patches-for-csstree@https://registry.npmjs.org/@csstools/css-syntax-patches-for-csstree/-/css-syntax-patches-for-csstree-1.1.6.tgz 0ms (cache hit)
3269 http cache @csstools/css-calc@https://registry.npmjs.org/@csstools/css-calc/-/css-calc-3.2.1.tgz 0ms (cache hit)
3270 http cache @csstools/css-tokenizer@https://registry.npmjs.org/@csstools/css-tokenizer/-/css-tokenizer-4.0.0.tgz 0ms (cache hit)
3271 http cache mdn-data@https://registry.npmjs.org/mdn-data/-/mdn-data-2.27.1.tgz 0ms (cache hit)
3272 http cache source-map-js@https://registry.npmjs.org/source-map-js/-/source-map-js-1.2.1.tgz 0ms (cache hit)
3273 http cache @asamuzakjp/css-color@https://registry.npmjs.org/@asamuzakjp/css-color/-/css-color-5.1.11.tgz 0ms (cache hit)
3274 http cache @asamuzakjp/nwsapi@https://registry.npmjs.org/@asamuzakjp/nwsapi/-/nwsapi-2.3.9.tgz 0ms (cache hit)
3275 http cache bidi-js@https://registry.npmjs.org/bidi-js/-/bidi-js-1.0.3.tgz 0ms (cache hit)
3276 http cache xml-name-validator@https://registry.npmjs.org/xml-name-validator/-/xml-name-validator-5.0.0.tgz 0ms (cache hit)
3277 http cache whatwg-url@https://registry.npmjs.org/whatwg-url/-/whatwg-url-16.0.1.tgz 0ms (cache hit)
3278 http cache css-tree@https://registry.npmjs.org/css-tree/-/css-tree-3.2.1.tgz 0ms (cache hit)
3279 http cache whatwg-mimetype@https://registry.npmjs.org/whatwg-mimetype/-/whatwg-mimetype-5.0.0.tgz 0ms (cache hit)
3280 http cache webidl-conversions@https://registry.npmjs.org/webidl-conversions/-/webidl-conversions-8.0.1.tgz 0ms (cache hit)
3281 http cache w3c-xmlserializer@https://registry.npmjs.org/w3c-xmlserializer/-/w3c-xmlserializer-5.0.0.tgz 0ms (cache hit)
3282 http cache tough-cookie@https://registry.npmjs.org/tough-cookie/-/tough-cookie-6.0.1.tgz 0ms (cache hit)
3283 http cache undici@https://registry.npmjs.org/undici/-/undici-7.28.0.tgz 0ms (cache hit)
3284 http cache saxes@https://registry.npmjs.org/saxes/-/saxes-6.0.0.tgz 0ms (cache hit)
3285 http cache is-potential-custom-element-name@https://registry.npmjs.org/is-potential-custom-element-name/-/is-potential-custom-element-name-1.0.1.tgz 0ms (cache hit)
3286 http cache parse5@https://registry.npmjs.org/parse5/-/parse5-8.0.1.tgz 0ms (cache hit)
3287 http cache symbol-tree@https://registry.npmjs.org/symbol-tree/-/symbol-tree-3.2.4.tgz 0ms (cache hit)
3288 http cache http-proxy-agent@https://registry.npmjs.org/http-proxy-agent/-/http-proxy-agent-7.0.2.tgz 0ms (cache hit)
3289 http cache decimal.js@https://registry.npmjs.org/decimal.js/-/decimal.js-10.6.0.tgz 0ms (cache hit)
3290 http cache cssstyle@https://registry.npmjs.org/cssstyle/-/cssstyle-6.2.0.tgz 0ms (cache hit)
3291 http cache @exodus/bytes@https://registry.npmjs.org/@exodus/bytes/-/bytes-1.15.1.tgz 0ms (cache hit)
3292 http cache data-urls@https://registry.npmjs.org/data-urls/-/data-urls-7.0.0.tgz 0ms (cache hit)
3293 http cache safer-buffer@https://registry.npmjs.org/safer-buffer/-/safer-buffer-2.1.2.tgz 0ms (cache hit)
3294 http cache html-encoding-sniffer@https://registry.npmjs.org/html-encoding-sniffer/-/html-encoding-sniffer-6.0.0.tgz 0ms (cache hit)
3295 http cache @asamuzakjp/dom-selector@https://registry.npmjs.org/@asamuzakjp/dom-selector/-/dom-selector-6.8.1.tgz 0ms (cache hit)
3296 http cache toidentifier@https://registry.npmjs.org/toidentifier/-/toidentifier-1.0.1.tgz 0ms (cache hit)
3297 http cache inherits@https://registry.npmjs.org/inherits/-/inherits-2.0.4.tgz 0ms (cache hit)
3298 http cache agent-base@https://registry.npmjs.org/agent-base/-/agent-base-9.0.0.tgz 0ms (cache hit)
3299 http cache fast-string-truncated-width@https://registry.npmjs.org/fast-string-truncated-width/-/fast-string-truncated-width-3.0.3.tgz 0ms (cache hit)
3300 http cache @bramus/specificity@https://registry.npmjs.org/@bramus/specificity/-/specificity-2.4.2.tgz 0ms (cache hit)
3301 http cache setprototypeof@https://registry.npmjs.org/setprototypeof/-/setprototypeof-1.2.0.tgz 0ms (cache hit)
3302 http cache fast-string-width@https://registry.npmjs.org/fast-string-width/-/fast-string-width-3.0.2.tgz 0ms (cache hit)
3303 http cache ip-address@https://registry.npmjs.org/ip-address/-/ip-address-10.2.0.tgz 0ms (cache hit)
3304 http cache bytes@https://registry.npmjs.org/bytes/-/bytes-3.1.2.tgz 0ms (cache hit)
3305 http cache @acemir/cssom@https://registry.npmjs.org/@acemir/cssom/-/cssom-0.9.31.tgz 0ms (cache hit)
3306 http cache negotiator@https://registry.npmjs.org/negotiator/-/negotiator-1.0.0.tgz 0ms (cache hit)
3307 http cache serve-static@https://registry.npmjs.org/serve-static/-/serve-static-2.2.1.tgz 0ms (cache hit)
3308 http cache statuses@https://registry.npmjs.org/statuses/-/statuses-2.0.2.tgz 0ms (cache hit)
3309 http cache router@https://registry.npmjs.org/router/-/router-2.2.0.tgz 0ms (cache hit)
3310 http cache send@https://registry.npmjs.org/send/-/send-1.2.1.tgz 0ms (cache hit)
3311 http cache qs@https://registry.npmjs.org/qs/-/qs-6.15.3.tgz 0ms (cache hit)
3312 http cache range-parser@https://registry.npmjs.org/range-parser/-/range-parser-1.3.0.tgz 0ms (cache hit)
3313 http cache proxy-addr@https://registry.npmjs.org/proxy-addr/-/proxy-addr-2.0.7.tgz 0ms (cache hit)
3314 http cache parseurl@https://registry.npmjs.org/parseurl/-/parseurl-1.3.3.tgz 0ms (cache hit)
3315 http cache once@https://registry.npmjs.org/once/-/once-1.4.0.tgz 0ms (cache hit)
3316 http cache http-errors@https://registry.npmjs.org/http-errors/-/http-errors-2.0.1.tgz 0ms (cache hit)
3317 http cache type-is@https://registry.npmjs.org/type-is/-/type-is-2.1.0.tgz 0ms (cache hit)
3318 http cache merge-descriptors@https://registry.npmjs.org/merge-descriptors/-/merge-descriptors-2.0.0.tgz 0ms (cache hit)
3319 http cache on-finished@https://registry.npmjs.org/on-finished/-/on-finished-2.4.1.tgz 0ms (cache hit)
3320 http cache mime-types@https://registry.npmjs.org/mime-types/-/mime-types-3.0.2.tgz 0ms (cache hit)
3321 http cache etag@https://registry.npmjs.org/etag/-/etag-1.8.1.tgz 0ms (cache hit)
3322 http cache finalhandler@https://registry.npmjs.org/finalhandler/-/finalhandler-2.1.1.tgz 0ms (cache hit)
3323 http cache escape-html@https://registry.npmjs.org/escape-html/-/escape-html-1.0.3.tgz 0ms (cache hit)
3324 http cache fresh@https://registry.npmjs.org/fresh/-/fresh-2.0.0.tgz 0ms (cache hit)
3325 http cache cookie-signature@https://registry.npmjs.org/cookie-signature/-/cookie-signature-1.2.2.tgz 0ms (cache hit)
3326 http cache encodeurl@https://registry.npmjs.org/encodeurl/-/encodeurl-2.0.0.tgz 0ms (cache hit)
3327 http cache cookie@https://registry.npmjs.org/cookie/-/cookie-0.7.2.tgz 0ms (cache hit)
3328 http cache depd@https://registry.npmjs.org/depd/-/depd-2.0.0.tgz 0ms (cache hit)
3329 http cache @esbuild/darwin-arm64@https://registry.npmjs.org/@esbuild/darwin-arm64/-/darwin-arm64-0.28.1.tgz 0ms (cache hit)
3330 http cache accepts@https://registry.npmjs.org/accepts/-/accepts-2.0.0.tgz 0ms (cache hit)
3331 http cache content-disposition@https://registry.npmjs.org/content-disposition/-/content-disposition-1.1.0.tgz 0ms (cache hit)
3332 http cache domelementtype@https://registry.npmjs.org/domelementtype/-/domelementtype-2.3.0.tgz 0ms (cache hit)
3333 http cache entities@https://registry.npmjs.org/entities/-/entities-4.5.0.tgz 0ms (cache hit)
3334 http cache domutils@https://registry.npmjs.org/domutils/-/domutils-3.2.2.tgz 0ms (cache hit)
3335 http cache nth-check@https://registry.npmjs.org/nth-check/-/nth-check-2.1.1.tgz 0ms (cache hit)
3336 http cache body-parser@https://registry.npmjs.org/body-parser/-/body-parser-2.3.0.tgz 0ms (cache hit)
3337 http cache ms@https://registry.npmjs.org/ms/-/ms-2.1.3.tgz 0ms (cache hit)
3338 http cache which@https://registry.npmjs.org/which/-/which-2.0.2.tgz 0ms (cache hit)
3339 http cache path-key@https://registry.npmjs.org/path-key/-/path-key-3.1.1.tgz 0ms (cache hit)
3340 http cache object-assign@https://registry.npmjs.org/object-assign/-/object-assign-4.1.1.tgz 0ms (cache hit)
3341 http cache boolbase@https://registry.npmjs.org/boolbase/-/boolbase-1.0.0.tgz 0ms (cache hit)
3342 http cache readdirp@https://registry.npmjs.org/readdirp/-/readdirp-5.0.0.tgz 0ms (cache hit)
3343 http cache vary@https://registry.npmjs.org/vary/-/vary-1.1.2.tgz 0ms (cache hit)
3344 http cache shebang-command@https://registry.npmjs.org/shebang-command/-/shebang-command-2.0.0.tgz 0ms (cache hit)
3345 http cache update-browserslist-db@https://registry.npmjs.org/update-browserslist-db/-/update-browserslist-db-1.2.3.tgz 0ms (cache hit)
3346 http cache caniuse-lite@https://registry.npmjs.org/caniuse-lite/-/caniuse-lite-1.0.30001799.tgz 0ms (cache hit)
3347 http cache postcss-safe-parser@https://registry.npmjs.org/postcss-safe-parser/-/postcss-safe-parser-7.0.1.tgz 0ms (cache hit)
3348 http cache electron-to-chromium@https://registry.npmjs.org/electron-to-chromium/-/electron-to-chromium-1.5.381.tgz 0ms (cache hit)
3349 http cache baseline-browser-mapping@https://registry.npmjs.org/baseline-browser-mapping/-/baseline-browser-mapping-2.10.40.tgz 0ms (cache hit)
3350 http cache node-releases@https://registry.npmjs.org/node-releases/-/node-releases-2.0.50.tgz 0ms (cache hit)
3351 http cache domhandler@https://registry.npmjs.org/domhandler/-/domhandler-5.0.3.tgz 0ms (cache hit)
3352 http cache htmlparser2@https://registry.npmjs.org/htmlparser2/-/htmlparser2-10.1.0.tgz 0ms (cache hit)
3353 http cache postcss@https://registry.npmjs.org/postcss/-/postcss-8.5.16.tgz 0ms (cache hit)
3354 http cache css-select@https://registry.npmjs.org/css-select/-/css-select-6.0.0.tgz 0ms (cache hit)
3355 http cache css-what@https://registry.npmjs.org/css-what/-/css-what-7.0.0.tgz 0ms (cache hit)
3356 http cache dom-serializer@https://registry.npmjs.org/dom-serializer/-/dom-serializer-2.0.0.tgz 0ms (cache hit)
3357 http cache @algolia/requester-browser-xhr@https://registry.npmjs.org/@algolia/requester-browser-xhr/-/requester-browser-xhr-5.52.0.tgz 0ms (cache hit)
3358 http cache @algolia/requester-fetch@https://registry.npmjs.org/@algolia/requester-fetch/-/requester-fetch-5.52.0.tgz 0ms (cache hit)
3359 http cache @algolia/recommend@https://registry.npmjs.org/@algolia/recommend/-/recommend-5.52.0.tgz 0ms (cache hit)
3360 http cache @algolia/ingestion@https://registry.npmjs.org/@algolia/ingestion/-/ingestion-1.52.0.tgz 0ms (cache hit)
3361 http cache @algolia/requester-node-http@https://registry.npmjs.org/@algolia/requester-node-http/-/requester-node-http-5.52.0.tgz 0ms (cache hit)
3362 http cache postcss-media-query-parser@https://registry.npmjs.org/postcss-media-query-parser/-/postcss-media-query-parser-0.2.3.tgz 0ms (cache hit)
3363 http cache @algolia/monitoring@https://registry.npmjs.org/@algolia/monitoring/-/monitoring-1.52.0.tgz 0ms (cache hit)
3364 http cache @algolia/client-search@https://registry.npmjs.org/@algolia/client-search/-/client-search-5.52.0.tgz 0ms (cache hit)
3365 http cache @algolia/client-personalization@https://registry.npmjs.org/@algolia/client-personalization/-/client-personalization-5.52.0.tgz 0ms (cache hit)
3366 http cache @algolia/client-analytics@https://registry.npmjs.org/@algolia/client-analytics/-/client-analytics-5.52.0.tgz 0ms (cache hit)
3367 http cache @algolia/client-insights@https://registry.npmjs.org/@algolia/client-insights/-/client-insights-5.52.0.tgz 0ms (cache hit)
3368 http cache @algolia/client-common@https://registry.npmjs.org/@algolia/client-common/-/client-common-5.52.0.tgz 0ms (cache hit)
3369 http cache @algolia/client-query-suggestions@https://registry.npmjs.org/@algolia/client-query-suggestions/-/client-query-suggestions-5.52.0.tgz 0ms (cache hit)
3370 http cache fast-uri@https://registry.npmjs.org/fast-uri/-/fast-uri-3.1.3.tgz 0ms (cache hit)
3371 http cache require-from-string@https://registry.npmjs.org/require-from-string/-/require-from-string-2.0.2.tgz 0ms (cache hit)
3372 http cache json-schema-traverse@https://registry.npmjs.org/json-schema-traverse/-/json-schema-traverse-1.0.0.tgz 0ms (cache hit)
3373 http cache @algolia/abtesting@https://registry.npmjs.org/@algolia/abtesting/-/abtesting-1.18.0.tgz 0ms (cache hit)
3374 http cache fast-deep-equal@https://registry.npmjs.org/fast-deep-equal/-/fast-deep-equal-3.1.3.tgz 0ms (cache hit)
3375 http cache pkce-challenge@https://registry.npmjs.org/pkce-challenge/-/pkce-challenge-5.0.1.tgz 0ms (cache hit)
3376 http cache raw-body@https://registry.npmjs.org/raw-body/-/raw-body-3.0.2.tgz 0ms (cache hit)
3377 http cache @algolia/client-abtesting@https://registry.npmjs.org/@algolia/client-abtesting/-/client-abtesting-5.52.0.tgz 0ms (cache hit)
3378 http cache zod-to-json-schema@https://registry.npmjs.org/zod-to-json-schema/-/zod-to-json-schema-3.25.2.tgz 0ms (cache hit)
3379 http cache jose@https://registry.npmjs.org/jose/-/jose-6.2.3.tgz 0ms (cache hit)
3380 http cache json-schema-typed@https://registry.npmjs.org/json-schema-typed/-/json-schema-typed-8.0.2.tgz 0ms (cache hit)
3381 http cache hono@https://registry.npmjs.org/hono/-/hono-4.12.27.tgz 0ms (cache hit)
3382 http cache express-rate-limit@https://registry.npmjs.org/express-rate-limit/-/express-rate-limit-8.5.2.tgz 0ms (cache hit)
3383 http cache cross-spawn@https://registry.npmjs.org/cross-spawn/-/cross-spawn-7.0.6.tgz 0ms (cache hit)
3384 http cache eventsource-parser@https://registry.npmjs.org/eventsource-parser/-/eventsource-parser-3.1.0.tgz 0ms (cache hit)
3385 http cache eventsource@https://registry.npmjs.org/eventsource/-/eventsource-3.0.7.tgz 0ms (cache hit)
3386 http cache @hono/node-server@https://registry.npmjs.org/@hono/node-server/-/node-server-1.19.14.tgz 0ms (cache hit)
3387 http cache cors@https://registry.npmjs.org/cors/-/cors-2.8.6.tgz 0ms (cache hit)
3388 http cache express@https://registry.npmjs.org/express/-/express-5.2.1.tgz 0ms (cache hit)
3389 http cache content-type@https://registry.npmjs.org/content-type/-/content-type-1.0.5.tgz 0ms (cache hit)
3390 http cache iconv-lite@https://registry.npmjs.org/iconv-lite/-/iconv-lite-0.7.2.tgz 0ms (cache hit)
3391 http cache @jridgewell/resolve-uri@https://registry.npmjs.org/@jridgewell/resolve-uri/-/resolve-uri-3.1.2.tgz 0ms (cache hit)
3392 http cache chardet@https://registry.npmjs.org/chardet/-/chardet-2.2.0.tgz 0ms (cache hit)
3393 http cache @inquirer/external-editor@https://registry.npmjs.org/@inquirer/external-editor/-/external-editor-3.0.3.tgz 0ms (cache hit)
3394 http cache @inquirer/search@https://registry.npmjs.org/@inquirer/search/-/search-4.2.1.tgz 0ms (cache hit)
3395 http cache @inquirer/password@https://registry.npmjs.org/@inquirer/password/-/password-5.1.1.tgz 0ms (cache hit)
3396 http cache @inquirer/rawlist@https://registry.npmjs.org/@inquirer/rawlist/-/rawlist-5.3.1.tgz 0ms (cache hit)
3397 http cache @inquirer/input@https://registry.npmjs.org/@inquirer/input/-/input-5.1.2.tgz 0ms (cache hit)
3398 http cache @inquirer/editor@https://registry.npmjs.org/@inquirer/editor/-/editor-5.2.2.tgz 0ms (cache hit)
3399 http cache @inquirer/expand@https://registry.npmjs.org/@inquirer/expand/-/expand-5.1.1.tgz 0ms (cache hit)
3400 http cache signal-exit@https://registry.npmjs.org/signal-exit/-/signal-exit-4.1.0.tgz 0ms (cache hit)
3401 http cache mute-stream@https://registry.npmjs.org/mute-stream/-/mute-stream-3.0.0.tgz 0ms (cache hit)
3402 http cache fast-wrap-ansi@https://registry.npmjs.org/fast-wrap-ansi/-/fast-wrap-ansi-0.2.2.tgz 0ms (cache hit)
3403 http cache @inquirer/select@https://registry.npmjs.org/@inquirer/select/-/select-5.2.1.tgz 0ms (cache hit)
3404 http cache cli-width@https://registry.npmjs.org/cli-width/-/cli-width-4.1.0.tgz 0ms (cache hit)
3405 http cache @inquirer/type@https://registry.npmjs.org/@inquirer/type/-/type-4.0.7.tgz 0ms (cache hit)
3406 http cache @inquirer/figures@https://registry.npmjs.org/@inquirer/figures/-/figures-2.0.7.tgz 0ms (cache hit)
3407 http cache @inquirer/number@https://registry.npmjs.org/@inquirer/number/-/number-4.1.1.tgz 0ms (cache hit)
3408 http cache @inquirer/ansi@https://registry.npmjs.org/@inquirer/ansi/-/ansi-2.0.7.tgz 0ms (cache hit)
3409 http cache @inquirer/core@https://registry.npmjs.org/@inquirer/core/-/core-11.2.1.tgz 0ms (cache hit)
3410 http cache @inquirer/checkbox@https://registry.npmjs.org/@inquirer/checkbox/-/checkbox-5.2.1.tgz 0ms (cache hit)
3411 http cache @babel/helper-globals@https://registry.npmjs.org/@babel/helper-globals/-/helper-globals-7.29.7.tgz 0ms (cache hit)
3412 http cache @babel/helper-validator-option@https://registry.npmjs.org/@babel/helper-validator-option/-/helper-validator-option-7.29.7.tgz 0ms (cache hit)
3413 http cache @babel/helper-module-imports@https://registry.npmjs.org/@babel/helper-module-imports/-/helper-module-imports-7.29.7.tgz 0ms (cache hit)
3414 http cache @babel/compat-data@https://registry.npmjs.org/@babel/compat-data/-/compat-data-7.29.7.tgz 0ms (cache hit)
3415 http cache lru-cache@https://registry.npmjs.org/lru-cache/-/lru-cache-5.1.1.tgz 0ms (cache hit)
3416 http cache @babel/helper-string-parser@https://registry.npmjs.org/@babel/helper-string-parser/-/helper-string-parser-7.29.7.tgz 0ms (cache hit)
3417 http cache jsesc@https://registry.npmjs.org/jsesc/-/jsesc-3.1.0.tgz 0ms (cache hit)
3418 http cache js-tokens@https://registry.npmjs.org/js-tokens/-/js-tokens-4.0.0.tgz 0ms (cache hit)
3419 http cache json5@https://registry.npmjs.org/json5/-/json5-2.2.3.tgz 0ms (cache hit)
3420 http cache @babel/helper-validator-identifier@https://registry.npmjs.org/@babel/helper-validator-identifier/-/helper-validator-identifier-7.29.7.tgz 0ms (cache hit)
3421 http cache debug@https://registry.npmjs.org/debug/-/debug-4.4.3.tgz 0ms (cache hit)
3422 http cache @jridgewell/remapping@https://registry.npmjs.org/@jridgewell/remapping/-/remapping-2.3.5.tgz 0ms (cache hit)
3423 http cache gensync@https://registry.npmjs.org/gensync/-/gensync-1.0.0-beta.2.tgz 0ms (cache hit)
3424 http cache @babel/types@https://registry.npmjs.org/@babel/types/-/types-7.29.7.tgz 0ms (cache hit)
3425 http cache @babel/template@https://registry.npmjs.org/@babel/template/-/template-7.29.7.tgz 0ms (cache hit)
3426 http cache picocolors@https://registry.npmjs.org/picocolors/-/picocolors-1.1.1.tgz 0ms (cache hit)
3427 http cache @babel/helpers@https://registry.npmjs.org/@babel/helpers/-/helpers-7.29.7.tgz 0ms (cache hit)
3428 http cache @babel/parser@https://registry.npmjs.org/@babel/parser/-/parser-7.29.7.tgz 0ms (cache hit)
3429 http cache @babel/traverse@https://registry.npmjs.org/@babel/traverse/-/traverse-7.29.7.tgz 0ms (cache hit)
3430 http cache @babel/helper-compilation-targets@https://registry.npmjs.org/@babel/helper-compilation-targets/-/helper-compilation-targets-7.29.7.tgz 0ms (cache hit)
3431 http cache @babel/helper-module-transforms@https://registry.npmjs.org/@babel/helper-module-transforms/-/helper-module-transforms-7.29.7.tgz 0ms (cache hit)
3432 http cache @babel/generator@https://registry.npmjs.org/@babel/generator/-/generator-7.29.7.tgz 0ms (cache hit)
3433 http cache @babel/code-frame@https://registry.npmjs.org/@babel/code-frame/-/code-frame-7.29.7.tgz 0ms (cache hit)
3434 http cache @standard-schema/spec@https://registry.npmjs.org/@standard-schema/spec/-/spec-1.1.0.tgz 0ms (cache hit)
3435 http cache reflect-metadata@https://registry.npmjs.org/reflect-metadata/-/reflect-metadata-0.2.2.tgz 0ms (cache hit)
3436 http cache @jridgewell/sourcemap-codec@https://registry.npmjs.org/@jridgewell/sourcemap-codec/-/sourcemap-codec-1.5.5.tgz 0ms (cache hit)
3437 http cache ora@https://registry.npmjs.org/ora/-/ora-9.4.0.tgz 0ms (cache hit)
3438 http cache chokidar@https://registry.npmjs.org/chokidar/-/chokidar-5.0.0.tgz 0ms (cache hit)
3439 http cache yargs@https://registry.npmjs.org/yargs/-/yargs-18.0.0.tgz 0ms (cache hit)
3440 http cache zod@https://registry.npmjs.org/zod/-/zod-4.4.2.tgz 0ms (cache hit)
3441 http cache npm-package-arg@https://registry.npmjs.org/npm-package-arg/-/npm-package-arg-13.0.2.tgz 0ms (cache hit)
3442 http cache convert-source-map@https://registry.npmjs.org/convert-source-map/-/convert-source-map-1.9.0.tgz 0ms (cache hit)
3443 http cache ini@https://registry.npmjs.org/ini/-/ini-6.0.0.tgz 0ms (cache hit)
3444 http cache @schematics/angular@https://registry.npmjs.org/@schematics/angular/-/angular-22.0.4.tgz 0ms (cache hit)
3445 http cache @listr2/prompt-adapter-inquirer@https://registry.npmjs.org/@listr2/prompt-adapter-inquirer/-/prompt-adapter-inquirer-4.2.3.tgz 0ms (cache hit)
3446 http cache @modelcontextprotocol/sdk@https://registry.npmjs.org/@modelcontextprotocol/sdk/-/sdk-1.29.0.tgz 0ms (cache hit)
3447 http cache @inquirer/prompts@https://registry.npmjs.org/@inquirer/prompts/-/prompts-8.4.2.tgz 0ms (cache hit)
3448 http cache @yarnpkg/lockfile@https://registry.npmjs.org/@yarnpkg/lockfile/-/lockfile-1.1.0.tgz 0ms (cache hit)
3449 http cache algoliasearch@https://registry.npmjs.org/algoliasearch/-/algoliasearch-5.52.0.tgz 0ms (cache hit)
3450 http cache source-map@https://registry.npmjs.org/source-map/-/source-map-0.7.6.tgz 0ms (cache hit)
3451 http cache pacote@https://registry.npmjs.org/pacote/-/pacote-21.5.1.tgz 0ms (cache hit)
3452 http cache @angular-devkit/schematics@https://registry.npmjs.org/@angular-devkit/schematics/-/schematics-22.0.4.tgz 0ms (cache hit)
3453 http cache @angular-devkit/core@https://registry.npmjs.org/@angular-devkit/core/-/core-22.0.4.tgz 0ms (cache hit)
3454 http cache watchpack@https://registry.npmjs.org/watchpack/-/watchpack-2.5.1.tgz 0ms (cache hit)
3455 http cache @jridgewell/trace-mapping@https://registry.npmjs.org/@jridgewell/trace-mapping/-/trace-mapping-0.3.31.tgz 0ms (cache hit)
3456 http cache @jridgewell/gen-mapping@https://registry.npmjs.org/@jridgewell/gen-mapping/-/gen-mapping-0.3.13.tgz 0ms (cache hit)
3457 http cache ajv-formats@https://registry.npmjs.org/ajv-formats/-/ajv-formats-3.0.1.tgz 0ms (cache hit)
3458 http cache tinyglobby@https://registry.npmjs.org/tinyglobby/-/tinyglobby-0.2.16.tgz 0ms (cache hit)
3459 http cache vite@https://registry.npmjs.org/vite/-/vite-7.3.5.tgz 0ms (cache hit)
3460 http cache source-map-support@https://registry.npmjs.org/source-map-support/-/source-map-support-0.5.21.tgz 0ms (cache hit)
3461 http cache piscina@https://registry.npmjs.org/piscina/-/piscina-5.2.0.tgz 0ms (cache hit)
3462 http cache rollup@https://registry.npmjs.org/rollup/-/rollup-4.60.2.tgz 0ms (cache hit)
3463 http cache sass@https://registry.npmjs.org/sass/-/sass-1.99.0.tgz 0ms (cache hit)
3464 http cache picomatch@https://registry.npmjs.org/picomatch/-/picomatch-4.0.4.tgz 0ms (cache hit)
3465 http cache parse5-html-rewriting-stream@https://registry.npmjs.org/parse5-html-rewriting-stream/-/parse5-html-rewriting-stream-8.0.1.tgz 0ms (cache hit)
3466 http cache semver@https://registry.npmjs.org/semver/-/semver-7.7.4.tgz 0ms (cache hit)
3467 http cache ajv@https://registry.npmjs.org/ajv/-/ajv-8.20.0.tgz 0ms (cache hit)
3468 http cache mrmime@https://registry.npmjs.org/mrmime/-/mrmime-2.0.1.tgz 0ms (cache hit)
3469 http cache magic-string@https://registry.npmjs.org/magic-string/-/magic-string-0.30.21.tgz 0ms (cache hit)
3470 http cache browserslist@https://registry.npmjs.org/browserslist/-/browserslist-4.28.4.tgz 0ms (cache hit)
3471 http cache https-proxy-agent@https://registry.npmjs.org/https-proxy-agent/-/https-proxy-agent-9.0.0.tgz 0ms (cache hit)
3472 http cache esbuild@https://registry.npmjs.org/esbuild/-/esbuild-0.28.1.tgz 0ms (cache hit)
3473 http cache listr2@https://registry.npmjs.org/listr2/-/listr2-10.2.1.tgz 0ms (cache hit)
3474 http cache jsonc-parser@https://registry.npmjs.org/jsonc-parser/-/jsonc-parser-3.3.1.tgz 0ms (cache hit)
3475 http cache beasties@https://registry.npmjs.org/beasties/-/beasties-0.4.2.tgz 0ms (cache hit)
3476 http cache lmdb@https://registry.npmjs.org/lmdb/-/lmdb-3.5.4.tgz 0ms (cache hit)
3477 http cache @inquirer/confirm@https://registry.npmjs.org/@inquirer/confirm/-/confirm-6.0.12.tgz 0ms (cache hit)
3478 http cache @vitejs/plugin-basic-ssl@https://registry.npmjs.org/@vitejs/plugin-basic-ssl/-/plugin-basic-ssl-2.3.0.tgz 0ms (cache hit)
3479 http cache @angular-devkit/architect@https://registry.npmjs.org/@angular-devkit/architect/-/architect-0.2200.4.tgz 0ms (cache hit)
3480 http cache @babel/helper-annotate-as-pure@https://registry.npmjs.org/@babel/helper-annotate-as-pure/-/helper-annotate-as-pure-7.27.3.tgz 0ms (cache hit)
3481 http cache @babel/core@https://registry.npmjs.org/@babel/core/-/core-7.29.0.tgz 0ms (cache hit)
3482 http cache vitest@https://registry.npmjs.org/vitest/-/vitest-4.1.9.tgz 0ms (cache hit)
3483 http cache typescript@https://registry.npmjs.org/typescript/-/typescript-6.0.3.tgz 0ms (cache hit)
3484 http cache @ampproject/remapping@https://registry.npmjs.org/@ampproject/remapping/-/remapping-2.3.0.tgz 0ms (cache hit)
3485 http cache tslib@https://registry.npmjs.org/tslib/-/tslib-2.8.1.tgz 0ms (cache hit)
3486 http cache rxjs@https://registry.npmjs.org/rxjs/-/rxjs-7.8.2.tgz 0ms (cache hit)
3487 http cache prettier@https://registry.npmjs.org/prettier/-/prettier-3.9.4.tgz 0ms (cache hit)
3488 http cache monaco-editor@https://registry.npmjs.org/monaco-editor/-/monaco-editor-0.55.1.tgz 0ms (cache hit)
3489 http cache @angular/router@https://registry.npmjs.org/@angular/router/-/router-22.0.4.tgz 0ms (cache hit)
3490 http cache jsdom@https://registry.npmjs.org/jsdom/-/jsdom-28.1.0.tgz 0ms (cache hit)
3491 http cache @babel/helper-split-export-declaration@https://registry.npmjs.org/@babel/helper-split-export-declaration/-/helper-split-export-declaration-7.24.7.tgz 0ms (cache hit)
3492 http cache ngx-monaco-editor-v2@https://registry.npmjs.org/ngx-monaco-editor-v2/-/ngx-monaco-editor-v2-21.1.4.tgz 0ms (cache hit)
3493 http cache @angular/platform-browser@https://registry.npmjs.org/@angular/platform-browser/-/platform-browser-22.0.4.tgz 0ms (cache hit)
3494 http cache @angular/compiler@https://registry.npmjs.org/@angular/compiler/-/compiler-22.0.4.tgz 0ms (cache hit)
3495 http cache @angular/forms@https://registry.npmjs.org/@angular/forms/-/forms-22.0.4.tgz 0ms (cache hit)
3496 http cache @angular/core@https://registry.npmjs.org/@angular/core/-/core-22.0.4.tgz 0ms (cache hit)
3497 http cache @angular/build@https://registry.npmjs.org/@angular/build/-/build-22.0.4.tgz 0ms (cache hit)
3498 http cache @angular/cli@https://registry.npmjs.org/@angular/cli/-/cli-22.0.4.tgz 0ms (cache hit)
3499 http cache convert-source-map@https://registry.npmjs.org/convert-source-map/-/convert-source-map-2.0.0.tgz 0ms (cache hit)
3500 http cache @angular/common@https://registry.npmjs.org/@angular/common/-/common-22.0.4.tgz 0ms (cache hit)
3501 http cache node-addon-api@https://registry.npmjs.org/node-addon-api/-/node-addon-api-7.1.1.tgz 0ms (cache hit)
3502 http cache wrap-ansi@https://registry.npmjs.org/wrap-ansi/-/wrap-ansi-9.0.2.tgz 0ms (cache hit)
3503 http cache https-proxy-agent@https://registry.npmjs.org/https-proxy-agent/-/https-proxy-agent-7.0.6.tgz 0ms (cache hit)
3504 http cache string-width@https://registry.npmjs.org/string-width/-/string-width-7.2.0.tgz 0ms (cache hit)
3505 http cache @angular/compiler-cli@https://registry.npmjs.org/@angular/compiler-cli/-/compiler-cli-22.0.4.tgz 0ms (cache hit)
3506 http cache lru-cache@https://registry.npmjs.org/lru-cache/-/lru-cache-11.5.1.tgz 0ms (cache hit)
3507 http cache agent-base@https://registry.npmjs.org/agent-base/-/agent-base-7.1.4.tgz 0ms (cache hit)
3508 http cache minipass@https://registry.npmjs.org/minipass/-/minipass-3.3.6.tgz 0ms (cache hit)
3509 http cache lru-cache@https://registry.npmjs.org/lru-cache/-/lru-cache-11.5.1.tgz 0ms (cache hit)
3510 http cache yallist@https://registry.npmjs.org/yallist/-/yallist-4.0.0.tgz 0ms (cache hit)
3511 http cache agent-base@https://registry.npmjs.org/agent-base/-/agent-base-7.1.4.tgz 0ms (cache hit)
3512 http cache isexe@https://registry.npmjs.org/isexe/-/isexe-4.0.0.tgz 0ms (cache hit)
3513 http cache yallist@https://registry.npmjs.org/yallist/-/yallist-4.0.0.tgz 0ms (cache hit)
3514 http cache minipass@https://registry.npmjs.org/minipass/-/minipass-3.3.6.tgz 0ms (cache hit)
3515 http cache which@https://registry.npmjs.org/which/-/which-6.0.1.tgz 0ms (cache hit)
3516 http cache lru-cache@https://registry.npmjs.org/lru-cache/-/lru-cache-11.5.1.tgz 0ms (cache hit)
3517 http cache which@https://registry.npmjs.org/which/-/which-6.0.1.tgz 0ms (cache hit)
3518 http cache yallist@https://registry.npmjs.org/yallist/-/yallist-5.0.0.tgz 0ms (cache hit)
3519 http cache isexe@https://registry.npmjs.org/isexe/-/isexe-4.0.0.tgz 0ms (cache hit)
3520 http cache isexe@https://registry.npmjs.org/isexe/-/isexe-4.0.0.tgz 0ms (cache hit)
3521 http cache slice-ansi@https://registry.npmjs.org/slice-ansi/-/slice-ansi-7.1.2.tgz 0ms (cache hit)
3522 http cache lru-cache@https://registry.npmjs.org/lru-cache/-/lru-cache-11.5.1.tgz 0ms (cache hit)
3523 http cache agent-base@https://registry.npmjs.org/agent-base/-/agent-base-7.1.4.tgz 0ms (cache hit)
3524 http cache string-width@https://registry.npmjs.org/string-width/-/string-width-7.2.0.tgz 0ms (cache hit)
3525 http cache which@https://registry.npmjs.org/which/-/which-6.0.1.tgz 0ms (cache hit)
3526 http cache entities@https://registry.npmjs.org/entities/-/entities-8.0.0.tgz 0ms (cache hit)
3527 http cache undici@https://registry.npmjs.org/undici/-/undici-6.27.0.tgz 0ms (cache hit)
3528 http cache lru-cache@https://registry.npmjs.org/lru-cache/-/lru-cache-11.5.1.tgz 0ms (cache hit)
3529 http cache lru-cache@https://registry.npmjs.org/lru-cache/-/lru-cache-11.5.1.tgz 0ms (cache hit)
3530 http cache wrap-ansi@https://registry.npmjs.org/wrap-ansi/-/wrap-ansi-9.0.2.tgz 0ms (cache hit)
3531 http cache content-type@https://registry.npmjs.org/content-type/-/content-type-2.0.0.tgz 0ms (cache hit)
3532 http cache entities@https://registry.npmjs.org/entities/-/entities-7.0.1.tgz 0ms (cache hit)
3533 http cache content-type@https://registry.npmjs.org/content-type/-/content-type-2.0.0.tgz 0ms (cache hit)
3534 http cache semver@https://registry.npmjs.org/semver/-/semver-6.3.1.tgz 0ms (cache hit)
3535 http cache string-width@https://registry.npmjs.org/string-width/-/string-width-7.2.0.tgz 0ms (cache hit)
3536 http cache @esbuild/darwin-arm64@https://registry.npmjs.org/@esbuild/darwin-arm64/-/darwin-arm64-0.27.7.tgz 0ms (cache hit)
3537 http cache readdirp@https://registry.npmjs.org/readdirp/-/readdirp-4.1.2.tgz 0ms (cache hit)
3538 http cache esbuild@https://registry.npmjs.org/esbuild/-/esbuild-0.27.7.tgz 0ms (cache hit)
3539 http cache chokidar@https://registry.npmjs.org/chokidar/-/chokidar-4.0.3.tgz 0ms (cache hit)
3540 http cache lru-cache@https://registry.npmjs.org/lru-cache/-/lru-cache-11.5.1.tgz 0ms (cache hit)
3541 http cache source-map@https://registry.npmjs.org/source-map/-/source-map-0.6.1.tgz 0ms (cache hit)
3542 http cache agent-base@https://registry.npmjs.org/agent-base/-/agent-base-7.1.4.tgz 0ms (cache hit)
3543 http cache entities@https://registry.npmjs.org/entities/-/entities-8.0.0.tgz 0ms (cache hit)
3544 http cache semver@https://registry.npmjs.org/semver/-/semver-6.3.1.tgz 0ms (cache hit)
3545 http cache convert-source-map@https://registry.npmjs.org/convert-source-map/-/convert-source-map-2.0.0.tgz 0ms (cache hit)
3546 http cache semver@https://registry.npmjs.org/semver/-/semver-6.3.1.tgz 0ms (cache hit)
3547 silly tarball no local data for emoji-regex@https://registry.npmjs.org/emoji-regex/-/emoji-regex-10.6.0.tgz. Extracting by manifest.
3548 silly tarball no local data for stackback@https://registry.npmjs.org/stackback/-/stackback-0.0.2.tgz. Extracting by manifest.
3549 silly tarball no local data for yargs-parser@https://registry.npmjs.org/yargs-parser/-/yargs-parser-22.0.0.tgz. Extracting by manifest.
3550 silly tarball no local data for get-caller-file@https://registry.npmjs.org/get-caller-file/-/get-caller-file-2.0.5.tgz. Extracting by manifest.
3551 silly tarball no local data for siginfo@https://registry.npmjs.org/siginfo/-/siginfo-2.0.0.tgz. Extracting by manifest.
3552 silly tarball no local data for y18n@https://registry.npmjs.org/y18n/-/y18n-5.0.8.tgz. Extracting by manifest.
3553 silly tarball no local data for isexe@https://registry.npmjs.org/isexe/-/isexe-2.0.0.tgz. Extracting by manifest.
3554 silly tarball no local data for punycode@https://registry.npmjs.org/punycode/-/punycode-2.3.1.tgz. Extracting by manifest.
3555 silly tarball no local data for tr46@https://registry.npmjs.org/tr46/-/tr46-6.0.0.tgz. Extracting by manifest.
3556 silly tarball no local data for glob-to-regexp@https://registry.npmjs.org/glob-to-regexp/-/glob-to-regexp-0.4.1.tgz. Extracting by manifest.
3557 silly tarball no local data for estree-walker@https://registry.npmjs.org/estree-walker/-/estree-walker-3.0.3.tgz. Extracting by manifest.
3558 silly tarball no local data for @types/deep-eql@https://registry.npmjs.org/@types/deep-eql/-/deep-eql-4.0.2.tgz. Extracting by manifest.
3559 silly tarball no local data for why-is-node-running@https://registry.npmjs.org/why-is-node-running/-/why-is-node-running-2.3.0.tgz. Extracting by manifest.
3560 silly tarball no local data for @types/chai@https://registry.npmjs.org/@types/chai/-/chai-5.2.3.tgz. Extracting by manifest.
3561 silly tarball no local data for cliui@https://registry.npmjs.org/cliui/-/cliui-9.0.1.tgz. Extracting by manifest.
3562 silly tarball no local data for tinyrainbow@https://registry.npmjs.org/tinyrainbow/-/tinyrainbow-3.1.0.tgz. Extracting by manifest.
3563 silly tarball no local data for chai@https://registry.npmjs.org/chai/-/chai-6.2.2.tgz. Extracting by manifest.
3564 silly tarball no local data for pathe@https://registry.npmjs.org/pathe/-/pathe-2.0.3.tgz. Extracting by manifest.
3565 silly tarball no local data for tinybench@https://registry.npmjs.org/tinybench/-/tinybench-2.9.0.tgz. Extracting by manifest.
3566 silly tarball no local data for obug@https://registry.npmjs.org/obug/-/obug-2.1.3.tgz. Extracting by manifest.
3567 silly tarball no local data for assertion-error@https://registry.npmjs.org/assertion-error/-/assertion-error-2.0.1.tgz. Extracting by manifest.
3568 silly tarball no local data for tinyexec@https://registry.npmjs.org/tinyexec/-/tinyexec-1.2.4.tgz. Extracting by manifest.
3569 silly tarball no local data for @vitest/utils@https://registry.npmjs.org/@vitest/utils/-/utils-4.1.9.tgz. Extracting by manifest.
3570 silly tarball no local data for @vitest/spy@https://registry.npmjs.org/@vitest/spy/-/spy-4.1.9.tgz. Extracting by manifest.
3571 http cache https-proxy-agent@https://registry.npmjs.org/https-proxy-agent/-/https-proxy-agent-7.0.6.tgz 1ms (cache hit)
3572 silly tarball no local data for expect-type@https://registry.npmjs.org/expect-type/-/expect-type-1.4.0.tgz. Extracting by manifest.
3573 silly tarball no local data for std-env@https://registry.npmjs.org/std-env/-/std-env-4.1.0.tgz. Extracting by manifest.
3574 silly tarball no local data for es-module-lexer@https://registry.npmjs.org/es-module-lexer/-/es-module-lexer-2.2.0.tgz. Extracting by manifest.
3575 silly tarball no local data for @vitest/runner@https://registry.npmjs.org/@vitest/runner/-/runner-4.1.9.tgz. Extracting by manifest.
3576 silly tarball no local data for @vitest/expect@https://registry.npmjs.org/@vitest/expect/-/expect-4.1.9.tgz. Extracting by manifest.
3577 silly tarball no local data for @vitest/snapshot@https://registry.npmjs.org/@vitest/snapshot/-/snapshot-4.1.9.tgz. Extracting by manifest.
3578 silly tarball no local data for escalade@https://registry.npmjs.org/escalade/-/escalade-3.2.0.tgz. Extracting by manifest.
3579 http cache convert-source-map@https://registry.npmjs.org/convert-source-map/-/convert-source-map-2.0.0.tgz 0ms (cache hit)
3580 silly tarball no local data for @vitest/mocker@https://registry.npmjs.org/@vitest/mocker/-/mocker-4.1.9.tgz. Extracting by manifest.
3581 silly tarball no local data for @tufjs/models@https://registry.npmjs.org/@tufjs/models/-/models-4.1.0.tgz. Extracting by manifest.
3582 http cache @babel/core@https://registry.npmjs.org/@babel/core/-/core-7.29.7.tgz 0ms (cache hit)
3583 silly tarball no local data for @vitest/pretty-format@https://registry.npmjs.org/@vitest/pretty-format/-/pretty-format-4.1.9.tgz. Extracting by manifest.
3584 silly tarball no local data for @tufjs/canonical-json@https://registry.npmjs.org/@tufjs/canonical-json/-/canonical-json-2.0.0.tgz. Extracting by manifest.
3585 silly tarball no local data for media-typer@https://registry.npmjs.org/media-typer/-/media-typer-1.1.0.tgz. Extracting by manifest.
3586 silly tarball no local data for fdir@https://registry.npmjs.org/fdir/-/fdir-6.5.0.tgz. Extracting by manifest.
3587 silly tarball no local data for chownr@https://registry.npmjs.org/chownr/-/chownr-3.0.0.tgz. Extracting by manifest.
3588 silly tarball no local data for ansi-regex@https://registry.npmjs.org/ansi-regex/-/ansi-regex-6.2.2.tgz. Extracting by manifest.
3589 silly tarball no local data for tldts-core@https://registry.npmjs.org/tldts-core/-/tldts-core-7.4.5.tgz. Extracting by manifest.
3590 silly tarball no local data for spdx-license-ids@https://registry.npmjs.org/spdx-license-ids/-/spdx-license-ids-3.0.23.tgz. Extracting by manifest.
3591 silly tarball no local data for socks@https://registry.npmjs.org/socks/-/socks-2.8.9.tgz. Extracting by manifest.
3592 silly tarball no local data for tldts@https://registry.npmjs.org/tldts/-/tldts-7.4.5.tgz. Extracting by manifest.
3593 silly tarball no local data for @isaacs/fs-minipass@https://registry.npmjs.org/@isaacs/fs-minipass/-/fs-minipass-4.0.1.tgz. Extracting by manifest.
3594 silly tarball no local data for spdx-exceptions@https://registry.npmjs.org/spdx-exceptions/-/spdx-exceptions-2.5.0.tgz. Extracting by manifest.
3595 silly tarball no local data for is-fullwidth-code-point@https://registry.npmjs.org/is-fullwidth-code-point/-/is-fullwidth-code-point-5.1.0.tgz. Extracting by manifest.
3596 silly tarball no local data for tuf-js@https://registry.npmjs.org/tuf-js/-/tuf-js-4.1.0.tgz. Extracting by manifest.
3597 silly tarball no local data for smart-buffer@https://registry.npmjs.org/smart-buffer/-/smart-buffer-4.2.0.tgz. Extracting by manifest.
3598 silly tarball no local data for get-east-asian-width@https://registry.npmjs.org/get-east-asian-width/-/get-east-asian-width-1.6.0.tgz. Extracting by manifest.
3599 silly tarball no local data for ansi-styles@https://registry.npmjs.org/ansi-styles/-/ansi-styles-6.2.3.tgz. Extracting by manifest.
3600 silly tarball no local data for buffer-from@https://registry.npmjs.org/buffer-from/-/buffer-from-1.1.2.tgz. Extracting by manifest.
3601 silly tarball no local data for @sigstore/protobuf-specs@https://registry.npmjs.org/@sigstore/protobuf-specs/-/protobuf-specs-0.5.1.tgz. Extracting by manifest.
3602 silly tarball no local data for @sigstore/core@https://registry.npmjs.org/@sigstore/core/-/core-3.2.1.tgz. Extracting by manifest.
3603 silly tarball no local data for @sigstore/sign@https://registry.npmjs.org/@sigstore/sign/-/sign-4.1.1.tgz. Extracting by manifest.
3604 silly tarball no local data for @sigstore/bundle@https://registry.npmjs.org/@sigstore/bundle/-/bundle-4.0.0.tgz. Extracting by manifest.
3605 silly tarball no local data for math-intrinsics@https://registry.npmjs.org/math-intrinsics/-/math-intrinsics-1.1.0.tgz. Extracting by manifest.
3606 silly tarball no local data for has-symbols@https://registry.npmjs.org/has-symbols/-/has-symbols-1.1.0.tgz. Extracting by manifest.
3607 silly tarball no local data for hasown@https://registry.npmjs.org/hasown/-/hasown-2.0.4.tgz. Extracting by manifest.
3608 silly tarball no local data for dunder-proto@https://registry.npmjs.org/dunder-proto/-/dunder-proto-1.0.1.tgz. Extracting by manifest.
3609 silly tarball no local data for @sigstore/tuf@https://registry.npmjs.org/@sigstore/tuf/-/tuf-4.0.2.tgz. Extracting by manifest.
3610 silly tarball no local data for function-bind@https://registry.npmjs.org/function-bind/-/function-bind-1.1.2.tgz. Extracting by manifest.
3611 silly tarball no local data for gopd@https://registry.npmjs.org/gopd/-/gopd-1.2.0.tgz. Extracting by manifest.
3612 silly tarball no local data for call-bind-apply-helpers@https://registry.npmjs.org/call-bind-apply-helpers/-/call-bind-apply-helpers-1.0.2.tgz. Extracting by manifest.
3613 silly tarball no local data for es-object-atoms@https://registry.npmjs.org/es-object-atoms/-/es-object-atoms-1.1.2.tgz. Extracting by manifest.
3614 silly tarball no local data for get-intrinsic@https://registry.npmjs.org/get-intrinsic/-/get-intrinsic-1.3.0.tgz. Extracting by manifest.
3615 silly tarball no local data for side-channel-map@https://registry.npmjs.org/side-channel-map/-/side-channel-map-1.0.1.tgz. Extracting by manifest.
3616 silly tarball no local data for call-bound@https://registry.npmjs.org/call-bound/-/call-bound-1.0.4.tgz. Extracting by manifest.
3617 silly tarball no local data for side-channel-weakmap@https://registry.npmjs.org/side-channel-weakmap/-/side-channel-weakmap-1.0.2.tgz. Extracting by manifest.
3618 silly tarball no local data for @sigstore/verify@https://registry.npmjs.org/@sigstore/verify/-/verify-3.1.1.tgz. Extracting by manifest.
3619 silly tarball no local data for side-channel-list@https://registry.npmjs.org/side-channel-list/-/side-channel-list-1.0.1.tgz. Extracting by manifest.
3620 silly tarball no local data for object-inspect@https://registry.npmjs.org/object-inspect/-/object-inspect-1.13.4.tgz. Extracting by manifest.
3621 silly tarball no local data for get-proto@https://registry.npmjs.org/get-proto/-/get-proto-1.0.1.tgz. Extracting by manifest.
3622 silly tarball no local data for xmlchars@https://registry.npmjs.org/xmlchars/-/xmlchars-2.2.0.tgz. Extracting by manifest.
3623 silly tarball no local data for es-errors@https://registry.npmjs.org/es-errors/-/es-errors-1.3.0.tgz. Extracting by manifest.
3624 silly tarball no local data for is-glob@https://registry.npmjs.org/is-glob/-/is-glob-4.0.3.tgz. Extracting by manifest.
3625 silly tarball no local data for shebang-regex@https://registry.npmjs.org/shebang-regex/-/shebang-regex-3.0.0.tgz. Extracting by manifest.
3626 silly tarball no local data for is-extglob@https://registry.npmjs.org/is-extglob/-/is-extglob-2.1.1.tgz. Extracting by manifest.
3627 silly tarball no local data for @parcel/watcher-darwin-arm64@https://registry.npmjs.org/@parcel/watcher-darwin-arm64/-/watcher-darwin-arm64-2.5.6.tgz. Extracting by manifest.
3628 silly tarball no local data for fsevents@https://registry.npmjs.org/fsevents/-/fsevents-2.3.3.tgz. Extracting by manifest.
3629 silly tarball no local data for is-promise@https://registry.npmjs.org/is-promise/-/is-promise-4.0.0.tgz. Extracting by manifest.
3630 silly tarball no local data for path-to-regexp@https://registry.npmjs.org/path-to-regexp/-/path-to-regexp-8.4.2.tgz. Extracting by manifest.
3631 silly tarball no local data for immutable@https://registry.npmjs.org/immutable/-/immutable-5.1.9.tgz. Extracting by manifest.
3632 silly tarball no local data for onetime@https://registry.npmjs.org/onetime/-/onetime-7.0.0.tgz. Extracting by manifest.
3633 silly tarball no local data for @parcel/watcher@https://registry.npmjs.org/@parcel/watcher/-/watcher-2.5.6.tgz. Extracting by manifest.
3634 silly tarball no local data for @types/estree@https://registry.npmjs.org/@types/estree/-/estree-1.0.8.tgz. Extracting by manifest.
3635 silly tarball no local data for @rollup/rollup-darwin-arm64@https://registry.npmjs.org/@rollup/rollup-darwin-arm64/-/rollup-darwin-arm64-4.60.2.tgz. Extracting by manifest.
3636 silly tarball no local data for side-channel@https://registry.npmjs.org/side-channel/-/side-channel-1.1.1.tgz. Extracting by manifest.
3637 silly tarball no local data for mimic-function@https://registry.npmjs.org/mimic-function/-/mimic-function-5.0.1.tgz. Extracting by manifest.
3638 silly tarball no local data for es-define-property@https://registry.npmjs.org/es-define-property/-/es-define-property-1.0.1.tgz. Extracting by manifest.
3639 silly tarball no local data for forwarded@https://registry.npmjs.org/forwarded/-/forwarded-0.2.0.tgz. Extracting by manifest.
3640 silly tarball no local data for unpipe@https://registry.npmjs.org/unpipe/-/unpipe-1.0.0.tgz. Extracting by manifest.
3641 silly tarball no local data for parse5-sax-parser@https://registry.npmjs.org/parse5-sax-parser/-/parse5-sax-parser-8.0.0.tgz. Extracting by manifest.
3642 silly tarball no local data for nanoid@https://registry.npmjs.org/nanoid/-/nanoid-3.3.15.tgz. Extracting by manifest.
3643 silly tarball no local data for socks-proxy-agent@https://registry.npmjs.org/socks-proxy-agent/-/socks-proxy-agent-8.0.5.tgz. Extracting by manifest.
3644 silly tarball no local data for minipass-sized@https://registry.npmjs.org/minipass-sized/-/minipass-sized-2.0.0.tgz. Extracting by manifest.
3645 silly tarball no local data for @napi-rs/nice-darwin-arm64@https://registry.npmjs.org/@napi-rs/nice-darwin-arm64/-/nice-darwin-arm64-1.1.1.tgz. Extracting by manifest.
3646 silly tarball no local data for ipaddr.js@https://registry.npmjs.org/ipaddr.js/-/ipaddr.js-1.9.1.tgz. Extracting by manifest.
3647 silly tarball no local data for http-cache-semantics@https://registry.npmjs.org/http-cache-semantics/-/http-cache-semantics-4.2.0.tgz. Extracting by manifest.
3648 silly tarball no local data for @npmcli/agent@https://registry.npmjs.org/@npmcli/agent/-/agent-4.0.2.tgz. Extracting by manifest.
3649 silly tarball no local data for jsonparse@https://registry.npmjs.org/jsonparse/-/jsonparse-1.3.1.tgz. Extracting by manifest.
3650 silly tarball no local data for @napi-rs/nice@https://registry.npmjs.org/@napi-rs/nice/-/nice-1.1.1.tgz. Extracting by manifest.
3651 silly tarball no local data for minizlib@https://registry.npmjs.org/minizlib/-/minizlib-3.1.0.tgz. Extracting by manifest.
3652 silly tarball no local data for @npmcli/redact@https://registry.npmjs.org/@npmcli/redact/-/redact-4.0.0.tgz. Extracting by manifest.
3653 silly tarball no local data for abbrev@https://registry.npmjs.org/abbrev/-/abbrev-4.0.0.tgz. Extracting by manifest.
3654 silly tarball no local data for graceful-fs@https://registry.npmjs.org/graceful-fs/-/graceful-fs-4.2.11.tgz. Extracting by manifest.
3655 silly tarball no local data for exponential-backoff@https://registry.npmjs.org/exponential-backoff/-/exponential-backoff-3.1.3.tgz. Extracting by manifest.
3656 silly tarball no local data for npm-install-checks@https://registry.npmjs.org/npm-install-checks/-/npm-install-checks-8.0.0.tgz. Extracting by manifest.
3657 silly tarball no local data for ignore-walk@https://registry.npmjs.org/ignore-walk/-/ignore-walk-8.0.0.tgz. Extracting by manifest.
3658 silly tarball no local data for minipass-fetch@https://registry.npmjs.org/minipass-fetch/-/minipass-fetch-5.0.2.tgz. Extracting by manifest.
3659 silly tarball no local data for brace-expansion@https://registry.npmjs.org/brace-expansion/-/brace-expansion-5.0.7.tgz. Extracting by manifest.
3660 silly tarball no local data for env-paths@https://registry.npmjs.org/env-paths/-/env-paths-2.2.1.tgz. Extracting by manifest.
3661 silly tarball no local data for nopt@https://registry.npmjs.org/nopt/-/nopt-9.0.0.tgz. Extracting by manifest.
3662 silly tarball no local data for minimatch@https://registry.npmjs.org/minimatch/-/minimatch-10.2.5.tgz. Extracting by manifest.
3663 silly tarball no local data for path-scurry@https://registry.npmjs.org/path-scurry/-/path-scurry-2.0.2.tgz. Extracting by manifest.
3664 silly tarball no local data for balanced-match@https://registry.npmjs.org/balanced-match/-/balanced-match-4.0.4.tgz. Extracting by manifest.
3665 silly tarball no local data for minipass-flush@https://registry.npmjs.org/minipass-flush/-/minipass-flush-1.0.7.tgz. Extracting by manifest.
3666 silly tarball no local data for make-fetch-happen@https://registry.npmjs.org/make-fetch-happen/-/make-fetch-happen-15.0.6.tgz. Extracting by manifest.
3667 silly tarball no local data for @npmcli/node-gyp@https://registry.npmjs.org/@npmcli/node-gyp/-/node-gyp-5.0.0.tgz. Extracting by manifest.
3668 silly tarball no local data for minipass-collect@https://registry.npmjs.org/minipass-collect/-/minipass-collect-2.0.1.tgz. Extracting by manifest.
3669 silly tarball no local data for minipass-pipeline@https://registry.npmjs.org/minipass-pipeline/-/minipass-pipeline-1.2.4.tgz. Extracting by manifest.
3670 silly tarball no local data for spdx-expression-parse@https://registry.npmjs.org/spdx-expression-parse/-/spdx-expression-parse-4.0.0.tgz. Extracting by manifest.
3671 silly tarball no local data for @npmcli/fs@https://registry.npmjs.org/@npmcli/fs/-/fs-5.0.0.tgz. Extracting by manifest.
3672 silly tarball no local data for glob@https://registry.npmjs.org/glob/-/glob-13.0.6.tgz. Extracting by manifest.
3673 silly tarball no local data for p-map@https://registry.npmjs.org/p-map/-/p-map-7.0.5.tgz. Extracting by manifest.
3674 silly tarball no local data for npm-bundled@https://registry.npmjs.org/npm-bundled/-/npm-bundled-5.0.0.tgz. Extracting by manifest.
3675 silly tarball no local data for ssri@https://registry.npmjs.org/ssri/-/ssri-13.0.1.tgz. Extracting by manifest.
3676 silly tarball no local data for tar@https://registry.npmjs.org/tar/-/tar-7.5.19.tgz. Extracting by manifest.
3677 silly tarball no local data for npm-pick-manifest@https://registry.npmjs.org/npm-pick-manifest/-/npm-pick-manifest-11.0.3.tgz. Extracting by manifest.
3678 silly tarball no local data for node-gyp@https://registry.npmjs.org/node-gyp/-/node-gyp-12.4.0.tgz. Extracting by manifest.
3679 silly tarball no local data for npm-normalize-package-bin@https://registry.npmjs.org/npm-normalize-package-bin/-/npm-normalize-package-bin-5.0.0.tgz. Extracting by manifest.
3680 silly tarball no local data for json-parse-even-better-errors@https://registry.npmjs.org/json-parse-even-better-errors/-/json-parse-even-better-errors-5.0.0.tgz. Extracting by manifest.
3681 silly tarball no local data for npm-packlist@https://registry.npmjs.org/npm-packlist/-/npm-packlist-10.0.4.tgz. Extracting by manifest.
3682 silly tarball no local data for sigstore@https://registry.npmjs.org/sigstore/-/sigstore-4.1.1.tgz. Extracting by manifest.
3683 silly tarball no local data for npm-registry-fetch@https://registry.npmjs.org/npm-registry-fetch/-/npm-registry-fetch-19.1.1.tgz. Extracting by manifest.
3684 silly tarball no local data for @npmcli/promise-spawn@https://registry.npmjs.org/@npmcli/promise-spawn/-/promise-spawn-9.0.1.tgz. Extracting by manifest.
3685 silly tarball no local data for minipass@https://registry.npmjs.org/minipass/-/minipass-7.1.3.tgz. Extracting by manifest.
3686 silly tarball no local data for @npmcli/run-script@https://registry.npmjs.org/@npmcli/run-script/-/run-script-10.0.4.tgz. Extracting by manifest.
3687 silly tarball no local data for fs-minipass@https://registry.npmjs.org/fs-minipass/-/fs-minipass-3.0.3.tgz. Extracting by manifest.
3688 silly tarball no local data for @npmcli/package-json@https://registry.npmjs.org/@npmcli/package-json/-/package-json-7.0.5.tgz. Extracting by manifest.
3689 silly tarball no local data for cacache@https://registry.npmjs.org/cacache/-/cacache-20.0.4.tgz. Extracting by manifest.
3690 silly tarball no local data for @npmcli/git@https://registry.npmjs.org/@npmcli/git/-/git-7.0.2.tgz. Extracting by manifest.
3691 silly tarball no local data for yoctocolors@https://registry.npmjs.org/yoctocolors/-/yoctocolors-2.1.2.tgz. Extracting by manifest.
3692 silly tarball no local data for @npmcli/installed-package-contents@https://registry.npmjs.org/@npmcli/installed-package-contents/-/installed-package-contents-4.0.0.tgz. Extracting by manifest.
3693 silly tarball no local data for @gar/promise-retry@https://registry.npmjs.org/@gar/promise-retry/-/promise-retry-1.0.3.tgz. Extracting by manifest.
3694 silly tarball no local data for is-unicode-supported@https://registry.npmjs.org/is-unicode-supported/-/is-unicode-supported-2.1.0.tgz. Extracting by manifest.
3695 silly tarball no local data for is-interactive@https://registry.npmjs.org/is-interactive/-/is-interactive-2.0.0.tgz. Extracting by manifest.
3696 silly tarball no local data for log-symbols@https://registry.npmjs.org/log-symbols/-/log-symbols-7.0.1.tgz. Extracting by manifest.
3697 silly tarball no local data for stdin-discarder@https://registry.npmjs.org/stdin-discarder/-/stdin-discarder-0.3.2.tgz. Extracting by manifest.
3698 silly tarball no local data for validate-npm-package-name@https://registry.npmjs.org/validate-npm-package-name/-/validate-npm-package-name-7.0.2.tgz. Extracting by manifest.
3699 silly tarball no local data for chalk@https://registry.npmjs.org/chalk/-/chalk-5.6.2.tgz. Extracting by manifest.
3700 silly tarball no local data for ee-first@https://registry.npmjs.org/ee-first/-/ee-first-1.1.1.tgz. Extracting by manifest.
3701 silly tarball no local data for @msgpackr-extract/msgpackr-extract-darwin-arm64@https://registry.npmjs.org/@msgpackr-extract/msgpackr-extract-darwin-arm64/-/msgpackr-extract-darwin-arm64-3.0.4.tgz. Extracting by manifest.
3702 silly tarball no local data for wrappy@https://registry.npmjs.org/wrappy/-/wrappy-1.0.2.tgz. Extracting by manifest.
3703 silly tarball no local data for cli-spinners@https://registry.npmjs.org/cli-spinners/-/cli-spinners-3.4.0.tgz. Extracting by manifest.
3704 silly tarball no local data for msgpackr-extract@https://registry.npmjs.org/msgpackr-extract/-/msgpackr-extract-3.0.4.tgz. Extracting by manifest.
3705 silly tarball no local data for detect-libc@https://registry.npmjs.org/detect-libc/-/detect-libc-2.1.2.tgz. Extracting by manifest.
3706 silly tarball no local data for hosted-git-info@https://registry.npmjs.org/hosted-git-info/-/hosted-git-info-9.0.3.tgz. Extracting by manifest.
3707 silly tarball no local data for marked@https://registry.npmjs.org/marked/-/marked-14.0.0.tgz. Extracting by manifest.
3708 silly tarball no local data for mime-db@https://registry.npmjs.org/mime-db/-/mime-db-1.54.0.tgz. Extracting by manifest.
3709 silly tarball no local data for proc-log@https://registry.npmjs.org/proc-log/-/proc-log-6.1.0.tgz. Extracting by manifest.
3710 silly tarball no local data for dompurify@https://registry.npmjs.org/dompurify/-/dompurify-3.2.7.tgz. Extracting by manifest.
3711 silly tarball no local data for @types/trusted-types@https://registry.npmjs.org/@types/trusted-types/-/trusted-types-2.0.7.tgz. Extracting by manifest.
3712 silly tarball no local data for yallist@https://registry.npmjs.org/yallist/-/yallist-3.1.1.tgz. Extracting by manifest.
3713 silly tarball no local data for strip-ansi@https://registry.npmjs.org/strip-ansi/-/strip-ansi-7.2.0.tgz. Extracting by manifest.
3714 silly tarball no local data for restore-cursor@https://registry.npmjs.org/restore-cursor/-/restore-cursor-5.1.0.tgz. Extracting by manifest.
3715 silly tarball no local data for ansi-escapes@https://registry.npmjs.org/ansi-escapes/-/ansi-escapes-7.3.0.tgz. Extracting by manifest.
3716 silly tarball no local data for environment@https://registry.npmjs.org/environment/-/environment-1.1.0.tgz. Extracting by manifest.
3717 silly tarball no local data for cli-cursor@https://registry.npmjs.org/cli-cursor/-/cli-cursor-5.0.0.tgz. Extracting by manifest.
3718 silly tarball no local data for node-gyp-build-optional-packages@https://registry.npmjs.org/node-gyp-build-optional-packages/-/node-gyp-build-optional-packages-5.2.2.tgz. Extracting by manifest.
3719 silly tarball no local data for weak-lru-cache@https://registry.npmjs.org/weak-lru-cache/-/weak-lru-cache-1.2.2.tgz. Extracting by manifest.
3720 silly tarball no local data for node-addon-api@https://registry.npmjs.org/node-addon-api/-/node-addon-api-6.1.0.tgz. Extracting by manifest.
3721 silly tarball no local data for string-width@https://registry.npmjs.org/string-width/-/string-width-8.2.1.tgz. Extracting by manifest.
3722 silly tarball no local data for ordered-binary@https://registry.npmjs.org/ordered-binary/-/ordered-binary-1.6.1.tgz. Extracting by manifest.
3723 silly tarball no local data for @lmdb/lmdb-darwin-arm64@https://registry.npmjs.org/@lmdb/lmdb-darwin-arm64/-/lmdb-darwin-arm64-3.5.4.tgz. Extracting by manifest.
3724 silly tarball no local data for wrap-ansi@https://registry.npmjs.org/wrap-ansi/-/wrap-ansi-10.0.0.tgz. Extracting by manifest.
3725 silly tarball no local data for slice-ansi@https://registry.npmjs.org/slice-ansi/-/slice-ansi-8.0.0.tgz. Extracting by manifest.
3726 silly tarball no local data for @harperfast/extended-iterable@https://registry.npmjs.org/@harperfast/extended-iterable/-/extended-iterable-1.0.3.tgz. Extracting by manifest.
3727 silly tarball no local data for msgpackr@https://registry.npmjs.org/msgpackr/-/msgpackr-1.12.1.tgz. Extracting by manifest.
3728 silly tarball no local data for rfdc@https://registry.npmjs.org/rfdc/-/rfdc-1.4.1.tgz. Extracting by manifest.
3729 silly tarball no local data for eventemitter3@https://registry.npmjs.org/eventemitter3/-/eventemitter3-5.0.4.tgz. Extracting by manifest.
3730 silly tarball no local data for @csstools/color-helpers@https://registry.npmjs.org/@csstools/color-helpers/-/color-helpers-6.1.0.tgz. Extracting by manifest.
3731 silly tarball no local data for log-update@https://registry.npmjs.org/log-update/-/log-update-6.1.0.tgz. Extracting by manifest.
3732 silly tarball no local data for @csstools/css-parser-algorithms@https://registry.npmjs.org/@csstools/css-parser-algorithms/-/css-parser-algorithms-4.0.0.tgz. Extracting by manifest.
3733 silly tarball no local data for cli-truncate@https://registry.npmjs.org/cli-truncate/-/cli-truncate-5.2.0.tgz. Extracting by manifest.
3734 silly tarball no local data for @csstools/css-color-parser@https://registry.npmjs.org/@csstools/css-color-parser/-/css-color-parser-4.1.9.tgz. Extracting by manifest.
3735 silly tarball no local data for @asamuzakjp/generational-cache@https://registry.npmjs.org/@asamuzakjp/generational-cache/-/generational-cache-1.0.1.tgz. Extracting by manifest.
3736 silly tarball no local data for @csstools/css-syntax-patches-for-csstree@https://registry.npmjs.org/@csstools/css-syntax-patches-for-csstree/-/css-syntax-patches-for-csstree-1.1.6.tgz. Extracting by manifest.
3737 silly tarball no local data for @csstools/css-calc@https://registry.npmjs.org/@csstools/css-calc/-/css-calc-3.2.1.tgz. Extracting by manifest.
3738 silly tarball no local data for @csstools/css-tokenizer@https://registry.npmjs.org/@csstools/css-tokenizer/-/css-tokenizer-4.0.0.tgz. Extracting by manifest.
3739 silly tarball no local data for mdn-data@https://registry.npmjs.org/mdn-data/-/mdn-data-2.27.1.tgz. Extracting by manifest.
3740 silly tarball no local data for source-map-js@https://registry.npmjs.org/source-map-js/-/source-map-js-1.2.1.tgz. Extracting by manifest.
3741 silly tarball no local data for @asamuzakjp/css-color@https://registry.npmjs.org/@asamuzakjp/css-color/-/css-color-5.1.11.tgz. Extracting by manifest.
3742 silly tarball no local data for @asamuzakjp/nwsapi@https://registry.npmjs.org/@asamuzakjp/nwsapi/-/nwsapi-2.3.9.tgz. Extracting by manifest.
3743 silly tarball no local data for bidi-js@https://registry.npmjs.org/bidi-js/-/bidi-js-1.0.3.tgz. Extracting by manifest.
3744 silly tarball no local data for xml-name-validator@https://registry.npmjs.org/xml-name-validator/-/xml-name-validator-5.0.0.tgz. Extracting by manifest.
3745 silly tarball no local data for whatwg-url@https://registry.npmjs.org/whatwg-url/-/whatwg-url-16.0.1.tgz. Extracting by manifest.
3746 silly tarball no local data for css-tree@https://registry.npmjs.org/css-tree/-/css-tree-3.2.1.tgz. Extracting by manifest.
3747 silly tarball no local data for whatwg-mimetype@https://registry.npmjs.org/whatwg-mimetype/-/whatwg-mimetype-5.0.0.tgz. Extracting by manifest.
3748 silly tarball no local data for webidl-conversions@https://registry.npmjs.org/webidl-conversions/-/webidl-conversions-8.0.1.tgz. Extracting by manifest.
3749 silly tarball no local data for w3c-xmlserializer@https://registry.npmjs.org/w3c-xmlserializer/-/w3c-xmlserializer-5.0.0.tgz. Extracting by manifest.
3750 silly tarball no local data for tough-cookie@https://registry.npmjs.org/tough-cookie/-/tough-cookie-6.0.1.tgz. Extracting by manifest.
3751 silly tarball no local data for undici@https://registry.npmjs.org/undici/-/undici-7.28.0.tgz. Extracting by manifest.
3752 silly tarball no local data for saxes@https://registry.npmjs.org/saxes/-/saxes-6.0.0.tgz. Extracting by manifest.
3753 silly tarball no local data for is-potential-custom-element-name@https://registry.npmjs.org/is-potential-custom-element-name/-/is-potential-custom-element-name-1.0.1.tgz. Extracting by manifest.
3754 silly tarball no local data for parse5@https://registry.npmjs.org/parse5/-/parse5-8.0.1.tgz. Extracting by manifest.
3755 silly tarball no local data for symbol-tree@https://registry.npmjs.org/symbol-tree/-/symbol-tree-3.2.4.tgz. Extracting by manifest.
3756 silly tarball no local data for http-proxy-agent@https://registry.npmjs.org/http-proxy-agent/-/http-proxy-agent-7.0.2.tgz. Extracting by manifest.
3757 silly tarball no local data for decimal.js@https://registry.npmjs.org/decimal.js/-/decimal.js-10.6.0.tgz. Extracting by manifest.
3758 silly tarball no local data for cssstyle@https://registry.npmjs.org/cssstyle/-/cssstyle-6.2.0.tgz. Extracting by manifest.
3759 silly tarball no local data for @exodus/bytes@https://registry.npmjs.org/@exodus/bytes/-/bytes-1.15.1.tgz. Extracting by manifest.
3760 silly tarball no local data for data-urls@https://registry.npmjs.org/data-urls/-/data-urls-7.0.0.tgz. Extracting by manifest.
3761 silly tarball no local data for safer-buffer@https://registry.npmjs.org/safer-buffer/-/safer-buffer-2.1.2.tgz. Extracting by manifest.
3762 silly tarball no local data for html-encoding-sniffer@https://registry.npmjs.org/html-encoding-sniffer/-/html-encoding-sniffer-6.0.0.tgz. Extracting by manifest.
3763 silly tarball no local data for @asamuzakjp/dom-selector@https://registry.npmjs.org/@asamuzakjp/dom-selector/-/dom-selector-6.8.1.tgz. Extracting by manifest.
3764 silly tarball no local data for toidentifier@https://registry.npmjs.org/toidentifier/-/toidentifier-1.0.1.tgz. Extracting by manifest.
3765 silly tarball no local data for inherits@https://registry.npmjs.org/inherits/-/inherits-2.0.4.tgz. Extracting by manifest.
3766 silly tarball no local data for agent-base@https://registry.npmjs.org/agent-base/-/agent-base-9.0.0.tgz. Extracting by manifest.
3767 silly tarball no local data for fast-string-truncated-width@https://registry.npmjs.org/fast-string-truncated-width/-/fast-string-truncated-width-3.0.3.tgz. Extracting by manifest.
3768 silly tarball no local data for @bramus/specificity@https://registry.npmjs.org/@bramus/specificity/-/specificity-2.4.2.tgz. Extracting by manifest.
3769 silly tarball no local data for setprototypeof@https://registry.npmjs.org/setprototypeof/-/setprototypeof-1.2.0.tgz. Extracting by manifest.
3770 silly tarball no local data for fast-string-width@https://registry.npmjs.org/fast-string-width/-/fast-string-width-3.0.2.tgz. Extracting by manifest.
3771 silly tarball no local data for ip-address@https://registry.npmjs.org/ip-address/-/ip-address-10.2.0.tgz. Extracting by manifest.
3772 silly tarball no local data for bytes@https://registry.npmjs.org/bytes/-/bytes-3.1.2.tgz. Extracting by manifest.
3773 silly tarball no local data for @acemir/cssom@https://registry.npmjs.org/@acemir/cssom/-/cssom-0.9.31.tgz. Extracting by manifest.
3774 silly tarball no local data for negotiator@https://registry.npmjs.org/negotiator/-/negotiator-1.0.0.tgz. Extracting by manifest.
3775 silly tarball no local data for serve-static@https://registry.npmjs.org/serve-static/-/serve-static-2.2.1.tgz. Extracting by manifest.
3776 silly tarball no local data for statuses@https://registry.npmjs.org/statuses/-/statuses-2.0.2.tgz. Extracting by manifest.
3777 silly tarball no local data for router@https://registry.npmjs.org/router/-/router-2.2.0.tgz. Extracting by manifest.
3778 silly tarball no local data for send@https://registry.npmjs.org/send/-/send-1.2.1.tgz. Extracting by manifest.
3779 silly tarball no local data for qs@https://registry.npmjs.org/qs/-/qs-6.15.3.tgz. Extracting by manifest.
3780 silly tarball no local data for range-parser@https://registry.npmjs.org/range-parser/-/range-parser-1.3.0.tgz. Extracting by manifest.
3781 silly tarball no local data for proxy-addr@https://registry.npmjs.org/proxy-addr/-/proxy-addr-2.0.7.tgz. Extracting by manifest.
3782 silly tarball no local data for parseurl@https://registry.npmjs.org/parseurl/-/parseurl-1.3.3.tgz. Extracting by manifest.
3783 silly tarball no local data for once@https://registry.npmjs.org/once/-/once-1.4.0.tgz. Extracting by manifest.
3784 silly tarball no local data for http-errors@https://registry.npmjs.org/http-errors/-/http-errors-2.0.1.tgz. Extracting by manifest.
3785 silly tarball no local data for type-is@https://registry.npmjs.org/type-is/-/type-is-2.1.0.tgz. Extracting by manifest.
3786 silly tarball no local data for merge-descriptors@https://registry.npmjs.org/merge-descriptors/-/merge-descriptors-2.0.0.tgz. Extracting by manifest.
3787 silly tarball no local data for on-finished@https://registry.npmjs.org/on-finished/-/on-finished-2.4.1.tgz. Extracting by manifest.
3788 silly tarball no local data for mime-types@https://registry.npmjs.org/mime-types/-/mime-types-3.0.2.tgz. Extracting by manifest.
3789 silly tarball no local data for etag@https://registry.npmjs.org/etag/-/etag-1.8.1.tgz. Extracting by manifest.
3790 silly tarball no local data for finalhandler@https://registry.npmjs.org/finalhandler/-/finalhandler-2.1.1.tgz. Extracting by manifest.
3791 silly tarball no local data for escape-html@https://registry.npmjs.org/escape-html/-/escape-html-1.0.3.tgz. Extracting by manifest.
3792 silly tarball no local data for fresh@https://registry.npmjs.org/fresh/-/fresh-2.0.0.tgz. Extracting by manifest.
3793 silly tarball no local data for cookie-signature@https://registry.npmjs.org/cookie-signature/-/cookie-signature-1.2.2.tgz. Extracting by manifest.
3794 silly tarball no local data for encodeurl@https://registry.npmjs.org/encodeurl/-/encodeurl-2.0.0.tgz. Extracting by manifest.
3795 silly tarball no local data for cookie@https://registry.npmjs.org/cookie/-/cookie-0.7.2.tgz. Extracting by manifest.
3796 silly tarball no local data for depd@https://registry.npmjs.org/depd/-/depd-2.0.0.tgz. Extracting by manifest.
3797 silly tarball no local data for @esbuild/darwin-arm64@https://registry.npmjs.org/@esbuild/darwin-arm64/-/darwin-arm64-0.28.1.tgz. Extracting by manifest.
3798 silly tarball no local data for accepts@https://registry.npmjs.org/accepts/-/accepts-2.0.0.tgz. Extracting by manifest.
3799 silly tarball no local data for content-disposition@https://registry.npmjs.org/content-disposition/-/content-disposition-1.1.0.tgz. Extracting by manifest.
3800 silly tarball no local data for domelementtype@https://registry.npmjs.org/domelementtype/-/domelementtype-2.3.0.tgz. Extracting by manifest.
3801 silly tarball no local data for entities@https://registry.npmjs.org/entities/-/entities-4.5.0.tgz. Extracting by manifest.
3802 silly tarball no local data for domutils@https://registry.npmjs.org/domutils/-/domutils-3.2.2.tgz. Extracting by manifest.
3803 silly tarball no local data for nth-check@https://registry.npmjs.org/nth-check/-/nth-check-2.1.1.tgz. Extracting by manifest.
3804 silly tarball no local data for body-parser@https://registry.npmjs.org/body-parser/-/body-parser-2.3.0.tgz. Extracting by manifest.
3805 silly tarball no local data for ms@https://registry.npmjs.org/ms/-/ms-2.1.3.tgz. Extracting by manifest.
3806 silly tarball no local data for which@https://registry.npmjs.org/which/-/which-2.0.2.tgz. Extracting by manifest.
3807 silly tarball no local data for path-key@https://registry.npmjs.org/path-key/-/path-key-3.1.1.tgz. Extracting by manifest.
3808 silly tarball no local data for object-assign@https://registry.npmjs.org/object-assign/-/object-assign-4.1.1.tgz. Extracting by manifest.
3809 silly tarball no local data for boolbase@https://registry.npmjs.org/boolbase/-/boolbase-1.0.0.tgz. Extracting by manifest.
3810 silly tarball no local data for readdirp@https://registry.npmjs.org/readdirp/-/readdirp-5.0.0.tgz. Extracting by manifest.
3811 silly tarball no local data for vary@https://registry.npmjs.org/vary/-/vary-1.1.2.tgz. Extracting by manifest.
3812 silly tarball no local data for shebang-command@https://registry.npmjs.org/shebang-command/-/shebang-command-2.0.0.tgz. Extracting by manifest.
3813 silly tarball no local data for update-browserslist-db@https://registry.npmjs.org/update-browserslist-db/-/update-browserslist-db-1.2.3.tgz. Extracting by manifest.
3814 silly tarball no local data for caniuse-lite@https://registry.npmjs.org/caniuse-lite/-/caniuse-lite-1.0.30001799.tgz. Extracting by manifest.
3815 silly tarball no local data for postcss-safe-parser@https://registry.npmjs.org/postcss-safe-parser/-/postcss-safe-parser-7.0.1.tgz. Extracting by manifest.
3816 silly tarball no local data for electron-to-chromium@https://registry.npmjs.org/electron-to-chromium/-/electron-to-chromium-1.5.381.tgz. Extracting by manifest.
3817 silly tarball no local data for baseline-browser-mapping@https://registry.npmjs.org/baseline-browser-mapping/-/baseline-browser-mapping-2.10.40.tgz. Extracting by manifest.
3818 silly tarball no local data for node-releases@https://registry.npmjs.org/node-releases/-/node-releases-2.0.50.tgz. Extracting by manifest.
3819 silly tarball no local data for domhandler@https://registry.npmjs.org/domhandler/-/domhandler-5.0.3.tgz. Extracting by manifest.
3820 silly tarball no local data for htmlparser2@https://registry.npmjs.org/htmlparser2/-/htmlparser2-10.1.0.tgz. Extracting by manifest.
3821 silly tarball no local data for postcss@https://registry.npmjs.org/postcss/-/postcss-8.5.16.tgz. Extracting by manifest.
3822 silly tarball no local data for css-select@https://registry.npmjs.org/css-select/-/css-select-6.0.0.tgz. Extracting by manifest.
3823 silly tarball no local data for css-what@https://registry.npmjs.org/css-what/-/css-what-7.0.0.tgz. Extracting by manifest.
3824 silly tarball no local data for dom-serializer@https://registry.npmjs.org/dom-serializer/-/dom-serializer-2.0.0.tgz. Extracting by manifest.
3825 silly tarball no local data for @algolia/requester-browser-xhr@https://registry.npmjs.org/@algolia/requester-browser-xhr/-/requester-browser-xhr-5.52.0.tgz. Extracting by manifest.
3826 silly tarball no local data for @algolia/requester-fetch@https://registry.npmjs.org/@algolia/requester-fetch/-/requester-fetch-5.52.0.tgz. Extracting by manifest.
3827 silly tarball no local data for @algolia/recommend@https://registry.npmjs.org/@algolia/recommend/-/recommend-5.52.0.tgz. Extracting by manifest.
3828 silly tarball no local data for @algolia/ingestion@https://registry.npmjs.org/@algolia/ingestion/-/ingestion-1.52.0.tgz. Extracting by manifest.
3829 silly tarball no local data for @algolia/requester-node-http@https://registry.npmjs.org/@algolia/requester-node-http/-/requester-node-http-5.52.0.tgz. Extracting by manifest.
3830 silly tarball no local data for postcss-media-query-parser@https://registry.npmjs.org/postcss-media-query-parser/-/postcss-media-query-parser-0.2.3.tgz. Extracting by manifest.
3831 silly tarball no local data for @algolia/monitoring@https://registry.npmjs.org/@algolia/monitoring/-/monitoring-1.52.0.tgz. Extracting by manifest.
3832 silly tarball no local data for @algolia/client-search@https://registry.npmjs.org/@algolia/client-search/-/client-search-5.52.0.tgz. Extracting by manifest.
3833 silly tarball no local data for @algolia/client-personalization@https://registry.npmjs.org/@algolia/client-personalization/-/client-personalization-5.52.0.tgz. Extracting by manifest.
3834 silly tarball no local data for @algolia/client-analytics@https://registry.npmjs.org/@algolia/client-analytics/-/client-analytics-5.52.0.tgz. Extracting by manifest.
3835 silly tarball no local data for @algolia/client-insights@https://registry.npmjs.org/@algolia/client-insights/-/client-insights-5.52.0.tgz. Extracting by manifest.
3836 silly tarball no local data for @algolia/client-common@https://registry.npmjs.org/@algolia/client-common/-/client-common-5.52.0.tgz. Extracting by manifest.
3837 silly tarball no local data for @algolia/client-query-suggestions@https://registry.npmjs.org/@algolia/client-query-suggestions/-/client-query-suggestions-5.52.0.tgz. Extracting by manifest.
3838 silly tarball no local data for fast-uri@https://registry.npmjs.org/fast-uri/-/fast-uri-3.1.3.tgz. Extracting by manifest.
3839 silly tarball no local data for require-from-string@https://registry.npmjs.org/require-from-string/-/require-from-string-2.0.2.tgz. Extracting by manifest.
3840 silly tarball no local data for json-schema-traverse@https://registry.npmjs.org/json-schema-traverse/-/json-schema-traverse-1.0.0.tgz. Extracting by manifest.
3841 silly tarball no local data for @algolia/abtesting@https://registry.npmjs.org/@algolia/abtesting/-/abtesting-1.18.0.tgz. Extracting by manifest.
3842 silly tarball no local data for fast-deep-equal@https://registry.npmjs.org/fast-deep-equal/-/fast-deep-equal-3.1.3.tgz. Extracting by manifest.
3843 silly tarball no local data for pkce-challenge@https://registry.npmjs.org/pkce-challenge/-/pkce-challenge-5.0.1.tgz. Extracting by manifest.
3844 silly tarball no local data for raw-body@https://registry.npmjs.org/raw-body/-/raw-body-3.0.2.tgz. Extracting by manifest.
3845 silly tarball no local data for @algolia/client-abtesting@https://registry.npmjs.org/@algolia/client-abtesting/-/client-abtesting-5.52.0.tgz. Extracting by manifest.
3846 silly tarball no local data for zod-to-json-schema@https://registry.npmjs.org/zod-to-json-schema/-/zod-to-json-schema-3.25.2.tgz. Extracting by manifest.
3847 silly tarball no local data for jose@https://registry.npmjs.org/jose/-/jose-6.2.3.tgz. Extracting by manifest.
3848 silly tarball no local data for json-schema-typed@https://registry.npmjs.org/json-schema-typed/-/json-schema-typed-8.0.2.tgz. Extracting by manifest.
3849 silly tarball no local data for hono@https://registry.npmjs.org/hono/-/hono-4.12.27.tgz. Extracting by manifest.
3850 silly tarball no local data for express-rate-limit@https://registry.npmjs.org/express-rate-limit/-/express-rate-limit-8.5.2.tgz. Extracting by manifest.
3851 silly tarball no local data for cross-spawn@https://registry.npmjs.org/cross-spawn/-/cross-spawn-7.0.6.tgz. Extracting by manifest.
3852 silly tarball no local data for eventsource-parser@https://registry.npmjs.org/eventsource-parser/-/eventsource-parser-3.1.0.tgz. Extracting by manifest.
3853 silly tarball no local data for eventsource@https://registry.npmjs.org/eventsource/-/eventsource-3.0.7.tgz. Extracting by manifest.
3854 silly tarball no local data for @hono/node-server@https://registry.npmjs.org/@hono/node-server/-/node-server-1.19.14.tgz. Extracting by manifest.
3855 silly tarball no local data for cors@https://registry.npmjs.org/cors/-/cors-2.8.6.tgz. Extracting by manifest.
3856 silly tarball no local data for express@https://registry.npmjs.org/express/-/express-5.2.1.tgz. Extracting by manifest.
3857 silly tarball no local data for content-type@https://registry.npmjs.org/content-type/-/content-type-1.0.5.tgz. Extracting by manifest.
3858 silly tarball no local data for iconv-lite@https://registry.npmjs.org/iconv-lite/-/iconv-lite-0.7.2.tgz. Extracting by manifest.
3859 silly tarball no local data for @jridgewell/resolve-uri@https://registry.npmjs.org/@jridgewell/resolve-uri/-/resolve-uri-3.1.2.tgz. Extracting by manifest.
3860 silly tarball no local data for chardet@https://registry.npmjs.org/chardet/-/chardet-2.2.0.tgz. Extracting by manifest.
3861 silly tarball no local data for @inquirer/external-editor@https://registry.npmjs.org/@inquirer/external-editor/-/external-editor-3.0.3.tgz. Extracting by manifest.
3862 silly tarball no local data for @inquirer/search@https://registry.npmjs.org/@inquirer/search/-/search-4.2.1.tgz. Extracting by manifest.
3863 silly tarball no local data for @inquirer/password@https://registry.npmjs.org/@inquirer/password/-/password-5.1.1.tgz. Extracting by manifest.
3864 silly tarball no local data for @inquirer/rawlist@https://registry.npmjs.org/@inquirer/rawlist/-/rawlist-5.3.1.tgz. Extracting by manifest.
3865 silly tarball no local data for @inquirer/input@https://registry.npmjs.org/@inquirer/input/-/input-5.1.2.tgz. Extracting by manifest.
3866 silly tarball no local data for @inquirer/editor@https://registry.npmjs.org/@inquirer/editor/-/editor-5.2.2.tgz. Extracting by manifest.
3867 silly tarball no local data for @inquirer/expand@https://registry.npmjs.org/@inquirer/expand/-/expand-5.1.1.tgz. Extracting by manifest.
3868 silly tarball no local data for signal-exit@https://registry.npmjs.org/signal-exit/-/signal-exit-4.1.0.tgz. Extracting by manifest.
3869 silly tarball no local data for mute-stream@https://registry.npmjs.org/mute-stream/-/mute-stream-3.0.0.tgz. Extracting by manifest.
3870 silly tarball no local data for fast-wrap-ansi@https://registry.npmjs.org/fast-wrap-ansi/-/fast-wrap-ansi-0.2.2.tgz. Extracting by manifest.
3871 silly tarball no local data for @inquirer/select@https://registry.npmjs.org/@inquirer/select/-/select-5.2.1.tgz. Extracting by manifest.
3872 silly tarball no local data for cli-width@https://registry.npmjs.org/cli-width/-/cli-width-4.1.0.tgz. Extracting by manifest.
3873 silly tarball no local data for @inquirer/type@https://registry.npmjs.org/@inquirer/type/-/type-4.0.7.tgz. Extracting by manifest.
3874 silly tarball no local data for @inquirer/figures@https://registry.npmjs.org/@inquirer/figures/-/figures-2.0.7.tgz. Extracting by manifest.
3875 silly tarball no local data for @inquirer/number@https://registry.npmjs.org/@inquirer/number/-/number-4.1.1.tgz. Extracting by manifest.
3876 silly tarball no local data for @inquirer/ansi@https://registry.npmjs.org/@inquirer/ansi/-/ansi-2.0.7.tgz. Extracting by manifest.
3877 silly tarball no local data for @inquirer/core@https://registry.npmjs.org/@inquirer/core/-/core-11.2.1.tgz. Extracting by manifest.
3878 silly tarball no local data for @inquirer/checkbox@https://registry.npmjs.org/@inquirer/checkbox/-/checkbox-5.2.1.tgz. Extracting by manifest.
3879 silly tarball no local data for @babel/helper-globals@https://registry.npmjs.org/@babel/helper-globals/-/helper-globals-7.29.7.tgz. Extracting by manifest.
3880 silly tarball no local data for @babel/helper-validator-option@https://registry.npmjs.org/@babel/helper-validator-option/-/helper-validator-option-7.29.7.tgz. Extracting by manifest.
3881 silly tarball no local data for @babel/helper-module-imports@https://registry.npmjs.org/@babel/helper-module-imports/-/helper-module-imports-7.29.7.tgz. Extracting by manifest.
3882 silly tarball no local data for @babel/compat-data@https://registry.npmjs.org/@babel/compat-data/-/compat-data-7.29.7.tgz. Extracting by manifest.
3883 silly tarball no local data for lru-cache@https://registry.npmjs.org/lru-cache/-/lru-cache-5.1.1.tgz. Extracting by manifest.
3884 silly tarball no local data for @babel/helper-string-parser@https://registry.npmjs.org/@babel/helper-string-parser/-/helper-string-parser-7.29.7.tgz. Extracting by manifest.
3885 silly tarball no local data for jsesc@https://registry.npmjs.org/jsesc/-/jsesc-3.1.0.tgz. Extracting by manifest.
3886 silly tarball no local data for js-tokens@https://registry.npmjs.org/js-tokens/-/js-tokens-4.0.0.tgz. Extracting by manifest.
3887 silly tarball no local data for json5@https://registry.npmjs.org/json5/-/json5-2.2.3.tgz. Extracting by manifest.
3888 silly tarball no local data for @babel/helper-validator-identifier@https://registry.npmjs.org/@babel/helper-validator-identifier/-/helper-validator-identifier-7.29.7.tgz. Extracting by manifest.
3889 silly tarball no local data for debug@https://registry.npmjs.org/debug/-/debug-4.4.3.tgz. Extracting by manifest.
3890 silly tarball no local data for @jridgewell/remapping@https://registry.npmjs.org/@jridgewell/remapping/-/remapping-2.3.5.tgz. Extracting by manifest.
3891 silly tarball no local data for gensync@https://registry.npmjs.org/gensync/-/gensync-1.0.0-beta.2.tgz. Extracting by manifest.
3892 silly tarball no local data for @babel/types@https://registry.npmjs.org/@babel/types/-/types-7.29.7.tgz. Extracting by manifest.
3893 silly tarball no local data for @babel/template@https://registry.npmjs.org/@babel/template/-/template-7.29.7.tgz. Extracting by manifest.
3894 silly tarball no local data for picocolors@https://registry.npmjs.org/picocolors/-/picocolors-1.1.1.tgz. Extracting by manifest.
3895 silly tarball no local data for @babel/helpers@https://registry.npmjs.org/@babel/helpers/-/helpers-7.29.7.tgz. Extracting by manifest.
3896 silly tarball no local data for @babel/parser@https://registry.npmjs.org/@babel/parser/-/parser-7.29.7.tgz. Extracting by manifest.
3897 silly tarball no local data for @babel/traverse@https://registry.npmjs.org/@babel/traverse/-/traverse-7.29.7.tgz. Extracting by manifest.
3898 silly tarball no local data for @babel/helper-compilation-targets@https://registry.npmjs.org/@babel/helper-compilation-targets/-/helper-compilation-targets-7.29.7.tgz. Extracting by manifest.
3899 silly tarball no local data for @babel/helper-module-transforms@https://registry.npmjs.org/@babel/helper-module-transforms/-/helper-module-transforms-7.29.7.tgz. Extracting by manifest.
3900 silly tarball no local data for @babel/generator@https://registry.npmjs.org/@babel/generator/-/generator-7.29.7.tgz. Extracting by manifest.
3901 silly tarball no local data for @babel/code-frame@https://registry.npmjs.org/@babel/code-frame/-/code-frame-7.29.7.tgz. Extracting by manifest.
3902 silly tarball no local data for @standard-schema/spec@https://registry.npmjs.org/@standard-schema/spec/-/spec-1.1.0.tgz. Extracting by manifest.
3903 silly tarball no local data for reflect-metadata@https://registry.npmjs.org/reflect-metadata/-/reflect-metadata-0.2.2.tgz. Extracting by manifest.
3904 silly tarball no local data for @jridgewell/sourcemap-codec@https://registry.npmjs.org/@jridgewell/sourcemap-codec/-/sourcemap-codec-1.5.5.tgz. Extracting by manifest.
3905 silly tarball no local data for ora@https://registry.npmjs.org/ora/-/ora-9.4.0.tgz. Extracting by manifest.
3906 silly tarball no local data for chokidar@https://registry.npmjs.org/chokidar/-/chokidar-5.0.0.tgz. Extracting by manifest.
3907 silly tarball no local data for yargs@https://registry.npmjs.org/yargs/-/yargs-18.0.0.tgz. Extracting by manifest.
3908 silly tarball no local data for zod@https://registry.npmjs.org/zod/-/zod-4.4.2.tgz. Extracting by manifest.
3909 silly tarball no local data for npm-package-arg@https://registry.npmjs.org/npm-package-arg/-/npm-package-arg-13.0.2.tgz. Extracting by manifest.
3910 silly tarball no local data for convert-source-map@https://registry.npmjs.org/convert-source-map/-/convert-source-map-1.9.0.tgz. Extracting by manifest.
3911 silly tarball no local data for ini@https://registry.npmjs.org/ini/-/ini-6.0.0.tgz. Extracting by manifest.
3912 silly tarball no local data for @schematics/angular@https://registry.npmjs.org/@schematics/angular/-/angular-22.0.4.tgz. Extracting by manifest.
3913 silly tarball no local data for @listr2/prompt-adapter-inquirer@https://registry.npmjs.org/@listr2/prompt-adapter-inquirer/-/prompt-adapter-inquirer-4.2.3.tgz. Extracting by manifest.
3914 silly tarball no local data for @modelcontextprotocol/sdk@https://registry.npmjs.org/@modelcontextprotocol/sdk/-/sdk-1.29.0.tgz. Extracting by manifest.
3915 silly tarball no local data for @inquirer/prompts@https://registry.npmjs.org/@inquirer/prompts/-/prompts-8.4.2.tgz. Extracting by manifest.
3916 silly tarball no local data for @yarnpkg/lockfile@https://registry.npmjs.org/@yarnpkg/lockfile/-/lockfile-1.1.0.tgz. Extracting by manifest.
3917 silly tarball no local data for algoliasearch@https://registry.npmjs.org/algoliasearch/-/algoliasearch-5.52.0.tgz. Extracting by manifest.
3918 silly tarball no local data for source-map@https://registry.npmjs.org/source-map/-/source-map-0.7.6.tgz. Extracting by manifest.
3919 silly tarball no local data for pacote@https://registry.npmjs.org/pacote/-/pacote-21.5.1.tgz. Extracting by manifest.
3920 silly tarball no local data for @angular-devkit/schematics@https://registry.npmjs.org/@angular-devkit/schematics/-/schematics-22.0.4.tgz. Extracting by manifest.
3921 silly tarball no local data for @angular-devkit/core@https://registry.npmjs.org/@angular-devkit/core/-/core-22.0.4.tgz. Extracting by manifest.
3922 silly tarball no local data for watchpack@https://registry.npmjs.org/watchpack/-/watchpack-2.5.1.tgz. Extracting by manifest.
3923 silly tarball no local data for @jridgewell/trace-mapping@https://registry.npmjs.org/@jridgewell/trace-mapping/-/trace-mapping-0.3.31.tgz. Extracting by manifest.
3924 silly tarball no local data for @jridgewell/gen-mapping@https://registry.npmjs.org/@jridgewell/gen-mapping/-/gen-mapping-0.3.13.tgz. Extracting by manifest.
3925 silly tarball no local data for ajv-formats@https://registry.npmjs.org/ajv-formats/-/ajv-formats-3.0.1.tgz. Extracting by manifest.
3926 silly tarball no local data for tinyglobby@https://registry.npmjs.org/tinyglobby/-/tinyglobby-0.2.16.tgz. Extracting by manifest.
3927 silly tarball no local data for vite@https://registry.npmjs.org/vite/-/vite-7.3.5.tgz. Extracting by manifest.
3928 silly tarball no local data for source-map-support@https://registry.npmjs.org/source-map-support/-/source-map-support-0.5.21.tgz. Extracting by manifest.
3929 silly tarball no local data for piscina@https://registry.npmjs.org/piscina/-/piscina-5.2.0.tgz. Extracting by manifest.
3930 silly tarball no local data for rollup@https://registry.npmjs.org/rollup/-/rollup-4.60.2.tgz. Extracting by manifest.
3931 silly tarball no local data for sass@https://registry.npmjs.org/sass/-/sass-1.99.0.tgz. Extracting by manifest.
3932 silly tarball no local data for picomatch@https://registry.npmjs.org/picomatch/-/picomatch-4.0.4.tgz. Extracting by manifest.
3933 silly tarball no local data for parse5-html-rewriting-stream@https://registry.npmjs.org/parse5-html-rewriting-stream/-/parse5-html-rewriting-stream-8.0.1.tgz. Extracting by manifest.
3934 silly tarball no local data for semver@https://registry.npmjs.org/semver/-/semver-7.7.4.tgz. Extracting by manifest.
3935 silly tarball no local data for ajv@https://registry.npmjs.org/ajv/-/ajv-8.20.0.tgz. Extracting by manifest.
3936 silly tarball no local data for mrmime@https://registry.npmjs.org/mrmime/-/mrmime-2.0.1.tgz. Extracting by manifest.
3937 silly tarball no local data for magic-string@https://registry.npmjs.org/magic-string/-/magic-string-0.30.21.tgz. Extracting by manifest.
3938 silly tarball no local data for browserslist@https://registry.npmjs.org/browserslist/-/browserslist-4.28.4.tgz. Extracting by manifest.
3939 silly tarball no local data for https-proxy-agent@https://registry.npmjs.org/https-proxy-agent/-/https-proxy-agent-9.0.0.tgz. Extracting by manifest.
3940 silly tarball no local data for esbuild@https://registry.npmjs.org/esbuild/-/esbuild-0.28.1.tgz. Extracting by manifest.
3941 silly tarball no local data for listr2@https://registry.npmjs.org/listr2/-/listr2-10.2.1.tgz. Extracting by manifest.
3942 silly tarball no local data for jsonc-parser@https://registry.npmjs.org/jsonc-parser/-/jsonc-parser-3.3.1.tgz. Extracting by manifest.
3943 silly tarball no local data for beasties@https://registry.npmjs.org/beasties/-/beasties-0.4.2.tgz. Extracting by manifest.
3944 silly tarball no local data for lmdb@https://registry.npmjs.org/lmdb/-/lmdb-3.5.4.tgz. Extracting by manifest.
3945 silly tarball no local data for @inquirer/confirm@https://registry.npmjs.org/@inquirer/confirm/-/confirm-6.0.12.tgz. Extracting by manifest.
3946 silly tarball no local data for @vitejs/plugin-basic-ssl@https://registry.npmjs.org/@vitejs/plugin-basic-ssl/-/plugin-basic-ssl-2.3.0.tgz. Extracting by manifest.
3947 silly tarball no local data for @angular-devkit/architect@https://registry.npmjs.org/@angular-devkit/architect/-/architect-0.2200.4.tgz. Extracting by manifest.
3948 silly tarball no local data for @babel/helper-annotate-as-pure@https://registry.npmjs.org/@babel/helper-annotate-as-pure/-/helper-annotate-as-pure-7.27.3.tgz. Extracting by manifest.
3949 silly tarball no local data for @babel/core@https://registry.npmjs.org/@babel/core/-/core-7.29.0.tgz. Extracting by manifest.
3950 silly tarball no local data for vitest@https://registry.npmjs.org/vitest/-/vitest-4.1.9.tgz. Extracting by manifest.
3951 silly tarball no local data for typescript@https://registry.npmjs.org/typescript/-/typescript-6.0.3.tgz. Extracting by manifest.
3952 silly tarball no local data for @ampproject/remapping@https://registry.npmjs.org/@ampproject/remapping/-/remapping-2.3.0.tgz. Extracting by manifest.
3953 silly tarball no local data for tslib@https://registry.npmjs.org/tslib/-/tslib-2.8.1.tgz. Extracting by manifest.
3954 silly tarball no local data for rxjs@https://registry.npmjs.org/rxjs/-/rxjs-7.8.2.tgz. Extracting by manifest.
3955 silly tarball no local data for prettier@https://registry.npmjs.org/prettier/-/prettier-3.9.4.tgz. Extracting by manifest.
3956 silly tarball no local data for monaco-editor@https://registry.npmjs.org/monaco-editor/-/monaco-editor-0.55.1.tgz. Extracting by manifest.
3957 silly tarball no local data for @angular/router@https://registry.npmjs.org/@angular/router/-/router-22.0.4.tgz. Extracting by manifest.
3958 silly tarball no local data for jsdom@https://registry.npmjs.org/jsdom/-/jsdom-28.1.0.tgz. Extracting by manifest.
3959 silly tarball no local data for @babel/helper-split-export-declaration@https://registry.npmjs.org/@babel/helper-split-export-declaration/-/helper-split-export-declaration-7.24.7.tgz. Extracting by manifest.
3960 silly tarball no local data for ngx-monaco-editor-v2@https://registry.npmjs.org/ngx-monaco-editor-v2/-/ngx-monaco-editor-v2-21.1.4.tgz. Extracting by manifest.
3961 silly tarball no local data for @angular/platform-browser@https://registry.npmjs.org/@angular/platform-browser/-/platform-browser-22.0.4.tgz. Extracting by manifest.
3962 silly tarball no local data for @angular/compiler@https://registry.npmjs.org/@angular/compiler/-/compiler-22.0.4.tgz. Extracting by manifest.
3963 silly tarball no local data for @angular/forms@https://registry.npmjs.org/@angular/forms/-/forms-22.0.4.tgz. Extracting by manifest.
3964 silly tarball no local data for @angular/core@https://registry.npmjs.org/@angular/core/-/core-22.0.4.tgz. Extracting by manifest.
3965 silly tarball no local data for @angular/build@https://registry.npmjs.org/@angular/build/-/build-22.0.4.tgz. Extracting by manifest.
3966 silly tarball no local data for @angular/cli@https://registry.npmjs.org/@angular/cli/-/cli-22.0.4.tgz. Extracting by manifest.
3967 silly tarball no local data for convert-source-map@https://registry.npmjs.org/convert-source-map/-/convert-source-map-2.0.0.tgz. Extracting by manifest.
3968 silly tarball no local data for @angular/common@https://registry.npmjs.org/@angular/common/-/common-22.0.4.tgz. Extracting by manifest.
3969 silly tarball no local data for node-addon-api@https://registry.npmjs.org/node-addon-api/-/node-addon-api-7.1.1.tgz. Extracting by manifest.
3970 silly tarball no local data for wrap-ansi@https://registry.npmjs.org/wrap-ansi/-/wrap-ansi-9.0.2.tgz. Extracting by manifest.
3971 silly tarball no local data for https-proxy-agent@https://registry.npmjs.org/https-proxy-agent/-/https-proxy-agent-7.0.6.tgz. Extracting by manifest.
3972 silly tarball no local data for string-width@https://registry.npmjs.org/string-width/-/string-width-7.2.0.tgz. Extracting by manifest.
3973 silly tarball no local data for @angular/compiler-cli@https://registry.npmjs.org/@angular/compiler-cli/-/compiler-cli-22.0.4.tgz. Extracting by manifest.
3974 silly tarball no local data for lru-cache@https://registry.npmjs.org/lru-cache/-/lru-cache-11.5.1.tgz. Extracting by manifest.
3975 silly tarball no local data for agent-base@https://registry.npmjs.org/agent-base/-/agent-base-7.1.4.tgz. Extracting by manifest.
3976 silly tarball no local data for minipass@https://registry.npmjs.org/minipass/-/minipass-3.3.6.tgz. Extracting by manifest.
3977 silly tarball no local data for lru-cache@https://registry.npmjs.org/lru-cache/-/lru-cache-11.5.1.tgz. Extracting by manifest.
3978 silly tarball no local data for yallist@https://registry.npmjs.org/yallist/-/yallist-4.0.0.tgz. Extracting by manifest.
3979 silly tarball no local data for agent-base@https://registry.npmjs.org/agent-base/-/agent-base-7.1.4.tgz. Extracting by manifest.
3980 silly tarball no local data for isexe@https://registry.npmjs.org/isexe/-/isexe-4.0.0.tgz. Extracting by manifest.
3981 silly tarball no local data for yallist@https://registry.npmjs.org/yallist/-/yallist-4.0.0.tgz. Extracting by manifest.
3982 silly tarball no local data for minipass@https://registry.npmjs.org/minipass/-/minipass-3.3.6.tgz. Extracting by manifest.
3983 silly tarball no local data for which@https://registry.npmjs.org/which/-/which-6.0.1.tgz. Extracting by manifest.
3984 silly tarball no local data for lru-cache@https://registry.npmjs.org/lru-cache/-/lru-cache-11.5.1.tgz. Extracting by manifest.
3985 silly tarball no local data for which@https://registry.npmjs.org/which/-/which-6.0.1.tgz. Extracting by manifest.
3986 silly tarball no local data for yallist@https://registry.npmjs.org/yallist/-/yallist-5.0.0.tgz. Extracting by manifest.
3987 silly tarball no local data for isexe@https://registry.npmjs.org/isexe/-/isexe-4.0.0.tgz. Extracting by manifest.
3988 silly tarball no local data for isexe@https://registry.npmjs.org/isexe/-/isexe-4.0.0.tgz. Extracting by manifest.
3989 silly tarball no local data for slice-ansi@https://registry.npmjs.org/slice-ansi/-/slice-ansi-7.1.2.tgz. Extracting by manifest.
3990 silly tarball no local data for lru-cache@https://registry.npmjs.org/lru-cache/-/lru-cache-11.5.1.tgz. Extracting by manifest.
3991 silly tarball no local data for agent-base@https://registry.npmjs.org/agent-base/-/agent-base-7.1.4.tgz. Extracting by manifest.
3992 silly tarball no local data for string-width@https://registry.npmjs.org/string-width/-/string-width-7.2.0.tgz. Extracting by manifest.
3993 silly tarball no local data for which@https://registry.npmjs.org/which/-/which-6.0.1.tgz. Extracting by manifest.
3994 silly tarball no local data for entities@https://registry.npmjs.org/entities/-/entities-8.0.0.tgz. Extracting by manifest.
3995 silly tarball no local data for undici@https://registry.npmjs.org/undici/-/undici-6.27.0.tgz. Extracting by manifest.
3996 silly tarball no local data for lru-cache@https://registry.npmjs.org/lru-cache/-/lru-cache-11.5.1.tgz. Extracting by manifest.
3997 silly tarball no local data for lru-cache@https://registry.npmjs.org/lru-cache/-/lru-cache-11.5.1.tgz. Extracting by manifest.
3998 silly tarball no local data for wrap-ansi@https://registry.npmjs.org/wrap-ansi/-/wrap-ansi-9.0.2.tgz. Extracting by manifest.
3999 silly tarball no local data for content-type@https://registry.npmjs.org/content-type/-/content-type-2.0.0.tgz. Extracting by manifest.
4000 silly tarball no local data for entities@https://registry.npmjs.org/entities/-/entities-7.0.1.tgz. Extracting by manifest.
4001 silly tarball no local data for content-type@https://registry.npmjs.org/content-type/-/content-type-2.0.0.tgz. Extracting by manifest.
4002 silly tarball no local data for semver@https://registry.npmjs.org/semver/-/semver-6.3.1.tgz. Extracting by manifest.
4003 silly tarball no local data for string-width@https://registry.npmjs.org/string-width/-/string-width-7.2.0.tgz. Extracting by manifest.
4004 silly tarball no local data for @esbuild/darwin-arm64@https://registry.npmjs.org/@esbuild/darwin-arm64/-/darwin-arm64-0.27.7.tgz. Extracting by manifest.
4005 silly tarball no local data for readdirp@https://registry.npmjs.org/readdirp/-/readdirp-4.1.2.tgz. Extracting by manifest.
4006 silly tarball no local data for esbuild@https://registry.npmjs.org/esbuild/-/esbuild-0.27.7.tgz. Extracting by manifest.
4007 silly tarball no local data for chokidar@https://registry.npmjs.org/chokidar/-/chokidar-4.0.3.tgz. Extracting by manifest.
4008 silly tarball no local data for lru-cache@https://registry.npmjs.org/lru-cache/-/lru-cache-11.5.1.tgz. Extracting by manifest.
4009 silly tarball no local data for source-map@https://registry.npmjs.org/source-map/-/source-map-0.6.1.tgz. Extracting by manifest.
4010 silly tarball no local data for agent-base@https://registry.npmjs.org/agent-base/-/agent-base-7.1.4.tgz. Extracting by manifest.
4011 silly tarball no local data for entities@https://registry.npmjs.org/entities/-/entities-8.0.0.tgz. Extracting by manifest.
4012 silly tarball no local data for semver@https://registry.npmjs.org/semver/-/semver-6.3.1.tgz. Extracting by manifest.
4013 silly tarball no local data for convert-source-map@https://registry.npmjs.org/convert-source-map/-/convert-source-map-2.0.0.tgz. Extracting by manifest.
4014 silly tarball no local data for semver@https://registry.npmjs.org/semver/-/semver-6.3.1.tgz. Extracting by manifest.
4015 silly tarball no local data for https-proxy-agent@https://registry.npmjs.org/https-proxy-agent/-/https-proxy-agent-7.0.6.tgz. Extracting by manifest.
4016 silly tarball no local data for convert-source-map@https://registry.npmjs.org/convert-source-map/-/convert-source-map-2.0.0.tgz. Extracting by manifest.
4017 silly tarball no local data for @babel/core@https://registry.npmjs.org/@babel/core/-/core-7.29.7.tgz. Extracting by manifest.
4018 http fetch GET 200 https://registry.npmjs.org/isexe/-/isexe-2.0.0.tgz 119ms (cache miss)
4019 http fetch GET 200 https://registry.npmjs.org/get-caller-file/-/get-caller-file-2.0.5.tgz 124ms (cache miss)
4020 http fetch GET 200 https://registry.npmjs.org/emoji-regex/-/emoji-regex-10.6.0.tgz 124ms (cache miss)
4021 http fetch GET 200 https://registry.npmjs.org/stackback/-/stackback-0.0.2.tgz 129ms (cache miss)
4022 http fetch GET 200 https://registry.npmjs.org/siginfo/-/siginfo-2.0.0.tgz 134ms (cache miss)
4023 http fetch GET 200 https://registry.npmjs.org/y18n/-/y18n-5.0.8.tgz 143ms (cache miss)
4024 http fetch GET 200 https://registry.npmjs.org/punycode/-/punycode-2.3.1.tgz 147ms (cache miss)
4025 http fetch GET 200 https://registry.npmjs.org/tinyrainbow/-/tinyrainbow-3.1.0.tgz 203ms (cache miss)
4026 http fetch GET 200 https://registry.npmjs.org/cliui/-/cliui-9.0.1.tgz 203ms (cache miss)
4027 http fetch GET 200 https://registry.npmjs.org/pathe/-/pathe-2.0.3.tgz 208ms (cache miss)
4028 http fetch GET 200 https://registry.npmjs.org/tinybench/-/tinybench-2.9.0.tgz 222ms (cache miss)
4029 http fetch GET 200 https://registry.npmjs.org/chai/-/chai-6.2.2.tgz 222ms (cache miss)
4030 http fetch GET 200 https://registry.npmjs.org/yargs-parser/-/yargs-parser-22.0.0.tgz 258ms (cache miss)
4031 http fetch GET 200 https://registry.npmjs.org/obug/-/obug-2.1.3.tgz 270ms (cache miss)
4032 http fetch GET 200 https://registry.npmjs.org/tinyexec/-/tinyexec-1.2.4.tgz 281ms (cache miss)
4033 http fetch GET 200 https://registry.npmjs.org/assertion-error/-/assertion-error-2.0.1.tgz 283ms (cache miss)
4034 http fetch GET 200 https://registry.npmjs.org/glob-to-regexp/-/glob-to-regexp-0.4.1.tgz 291ms (cache miss)
4035 http fetch GET 200 https://registry.npmjs.org/why-is-node-running/-/why-is-node-running-2.3.0.tgz 301ms (cache miss)
4036 http fetch GET 200 https://registry.npmjs.org/std-env/-/std-env-4.1.0.tgz 304ms (cache miss)
4037 http fetch GET 200 https://registry.npmjs.org/@vitest/utils/-/utils-4.1.9.tgz 308ms (cache miss)
4038 http fetch GET 200 https://registry.npmjs.org/expect-type/-/expect-type-1.4.0.tgz 319ms (cache miss)
4039 http fetch GET 200 https://registry.npmjs.org/estree-walker/-/estree-walker-3.0.3.tgz 328ms (cache miss)
4040 http fetch POST 200 https://registry.npmjs.org/-/npm/v1/security/advisories/bulk 381ms
4041 silly audit report {
4041 silly audit report   '@babel/core': [
4041 silly audit report     {
4041 silly audit report       id: 1120793,
4041 silly audit report       url: 'https://github.com/advisories/GHSA-4x5r-pxfx-6jf8',
4041 silly audit report       title: '@babel/core: Arbitrary File Read via sourceMappingURL Comment',
4041 silly audit report       severity: 'low',
4041 silly audit report       vulnerable_versions: '<=7.29.0',
4041 silly audit report       cwe: [Array],
4041 silly audit report       cvss: [Object]
4041 silly audit report     }
4041 silly audit report   ],
4041 silly audit report   esbuild: [
4041 silly audit report     {
4041 silly audit report       id: 1120680,
4041 silly audit report       url: 'https://github.com/advisories/GHSA-g7r4-m6w7-qqqr',
4041 silly audit report       title: 'esbuild allows arbitrary file read when running the development server on Windows',
4041 silly audit report       severity: 'low',
4041 silly audit report       vulnerable_versions: '>=0.27.3 <0.28.1',
4041 silly audit report       cwe: [Array],
4041 silly audit report       cvss: [Object]
4041 silly audit report     }
4041 silly audit report   ],
4041 silly audit report   dompurify: [
4041 silly audit report     {
4041 silly audit report       id: 1120800,
4041 silly audit report       url: 'https://github.com/advisories/GHSA-x4vx-rjvf-j5p4',
4041 silly audit report       title: 'DOMPurify: `IN_PLACE` mode trusts attacker-controlled `nodeName` on live non-form nodes, allowing script retention and XSS via attacker-supplied DOM objects',
4041 silly audit report       severity: 'low',
4041 silly audit report       vulnerable_versions: '<=3.4.6',
4041 silly audit report       cwe: [Array],
4041 silly audit report       cvss: [Object]
4041 silly audit report     },
4041 silly audit report     {
4041 silly audit report       id: 1120801,
4041 silly audit report       url: 'https://github.com/advisories/GHSA-76mc-f452-cxcm',
4041 silly audit report       title: 'DOMPurify: Hook mutation of `data.allowedTags` / `data.allowedAttributes` permanently pollutes `DEFAULT_ALLOWED_TAGS` / `DEFAULT_ALLOWED_ATTR`',
4041 silly audit report       severity: 'moderate',
4041 silly audit report       vulnerable_versions: '<3.4.7',
4041 silly audit report       cwe: [Array],
4041 silly audit report       cvss: [Object]
4041 silly audit report     },
4041 silly audit report     {
4041 silly audit report       id: 1120802,
4041 silly audit report       url: 'https://github.com/advisories/GHSA-hpcv-96wg-7vj8',
4041 silly audit report       title: 'DOMPurify: Cross-realm IN_PLACE sanitization leaves executable markup intact via realm-bound `instanceof` checks',
4041 silly audit report       severity: 'moderate',
4041 silly audit report       vulnerable_versions: '<=3.4.5',
4041 silly audit report       cwe: [Array],
4041 silly audit report       cvss: [Object]
4041 silly audit report     },
4041 silly audit report     {
4041 silly audit report       id: 1120803,
4041 silly audit report       url: 'https://github.com/advisories/GHSA-r47g-fvhr-h676',
4041 silly audit report       title: 'DOMPurify: IN_PLACE mode preserves attributes of a clobbered root element, allowing XSS via attacker-controlled root DOM',
4041 silly audit report       severity: 'moderate',
4041 silly audit report       vulnerable_versions: '<=3.4.5',
4041 silly audit report       cwe: [Array],
4041 silly audit report       cvss: [Object]
4041 silly audit report     },
4041 silly audit report     {
4041 silly audit report       id: 1120805,
4041 silly audit report       url: 'https://github.com/advisories/GHSA-vxr8-fq34-vvx9',
4041 silly audit report       title: 'DOMPurify: Trusted Types policy survives `clearConfig()` and can poison later `RETURN_TRUSTED_TYPE` output',
4041 silly audit report       severity: 'low',
4041 silly audit report       vulnerable_versions: '<3.4.9',
4041 silly audit report       cwe: [Array],
4041 silly audit report       cvss: [Object]
4041 silly audit report     },
4041 silly audit report     {
4041 silly audit report       id: 1120812,
4041 silly audit report       url: 'https://github.com/advisories/GHSA-gvmj-g25r-r7wr',
4041 silly audit report       title: 'DOMPurify: SAFE_FOR_TEMPLATES bypass - template expressions survive sanitization inside <template> content when using DOM output modes',
4041 silly audit report       severity: 'low',
4041 silly audit report       vulnerable_versions: '>=3.0.0 <=3.4.7',
4041 silly audit report       cwe: [Array],
4041 silly audit report       cvss: [Object]
4041 silly audit report     },
4041 silly audit report     {
4041 silly audit report       id: 1120813,
4041 silly audit report       url: 'https://github.com/advisories/GHSA-rp9w-3fw7-7cwq',
4041 silly audit report       title: 'DOMPurify IN_PLACE Sanitization Bypass via Attached Shadow Root Inside <template>.content',
4041 silly audit report       severity: 'moderate',
4041 silly audit report       vulnerable_versions: '<=3.4.6',
4041 silly audit report       cwe: [Array],
4041 silly audit report       cvss: [Object]
4041 silly audit report     },
4041 silly audit report     {
4041 silly audit report       id: 1121192,
4041 silly audit report       url: 'https://github.com/advisories/GHSA-cmwh-pvxp-8882',
4041 silly audit report       title: 'DOMPurify: Permanent `ALLOWED_ATTR` pollution via `setConfig()` bypassing the hook clone-guard (incomplete fix of the 3.4.7 hook-pollution patch)',
4041 silly audit report       severity: 'moderate',
4041 silly audit report       vulnerable_versions: '<=3.4.10',
4041 silly audit report       cwe: [Array],
4041 silly audit report       cvss: [Object]
4041 silly audit report     },
4041 silly audit report     {
4041 silly audit report       id: 1115668,
4041 silly audit report       url: 'https://github.com/advisories/GHSA-v2wj-7wpq-c8vv',
4041 silly audit report       title: 'DOMPurify contains a Cross-site Scripting vulnerability',
4041 silly audit report       severity: 'moderate',
4041 silly audit report       vulnerable_versions: '>=3.1.3 <=3.3.1',
4041 silly audit report       cwe: [Array],
4041 silly audit report       cvss: [Object]
4041 silly audit report     },
4041 silly audit report     {
4041 silly audit report       id: 1115921,
4041 silly audit report       url: 'https://github.com/advisories/GHSA-cjmm-f4jc-qw8r',
4041 silly audit report       title: 'DOMPurify ADD_ATTR predicate skips URI validation',
4041 silly audit report       severity: 'moderate',
4041 silly audit report       vulnerable_versions: '<=3.3.1',
4041 silly audit report       cwe: [Array],
4041 silly audit report       cvss: [Object]
4041 silly audit report     },
4041 silly audit report     {
4041 silly audit report       id: 1115922,
4041 silly audit report       url: 'https://github.com/advisories/GHSA-cj63-jhhr-wcxv',
4041 silly audit report       title: 'DOMPurify USE_PROFILES prototype pollution allows event handlers',
4041 silly audit report       severity: 'moderate',
4041 silly audit report       vulnerable_versions: '<=3.3.1',
4041 silly audit report       cwe: [Array],
4041 silly audit report       cvss: [Object]
4041 silly audit report     },
4041 silly audit report     {
4041 silly audit report       id: 1116663,
4041 silly audit report       url: 'https://github.com/advisories/GHSA-39q2-94rc-95cp',
4041 silly audit report       title: "DOMPurify's ADD_TAGS function form bypasses FORBID_TAGS due to short-circuit evaluation",
4041 silly audit report       severity: 'moderate',
4041 silly audit report       vulnerable_versions: '<=3.3.3',
4041 silly audit report       cwe: [Array],
4041 silly audit report       cvss: [Object]
4041 silly audit report     },
4041 silly audit report     {
4041 silly audit report       id: 1117138,
4041 silly audit report       url: 'https://github.com/advisories/GHSA-h7mw-gpvr-xq4m',
4041 silly audit report       title: 'DOMPurify: FORBID_TAGS bypassed by function-based ADD_TAGS predicate (asymmetry with FORBID_ATTR fix)',
4041 silly audit report       severity: 'moderate',
4041 silly audit report       vulnerable_versions: '<3.4.0',
4041 silly audit report       cwe: [Array],
4041 silly audit report       cvss: [Object]
4041 silly audit report     },
4041 silly audit report     {
4041 silly audit report       id: 1117139,
4041 silly audit report       url: 'https://github.com/advisories/GHSA-crv5-9vww-q3g8',
4041 silly audit report       title: 'DOMPurify has a SAFE_FOR_TEMPLATES bypass in RETURN_DOM mode',
4041 silly audit report       severity: 'moderate',
4041 silly audit report       vulnerable_versions: '>=1.0.10 <3.4.0',
4041 silly audit report       cwe: [Array],
4041 silly audit report       cvss: [Object]
4041 silly audit report     },
4041 silly audit report     {
4041 silly audit report       id: 1117140,
4041 silly audit report       url: 'https://github.com/advisories/GHSA-v9jr-rg53-9pgp',
4041 silly audit report       title: 'DOMPurify: Prototype Pollution to XSS Bypass via CUSTOM_ELEMENT_HANDLING Fallback',
4041 silly audit report       severity: 'moderate',
4041 silly audit report       vulnerable_versions: '>=3.0.1 <3.4.0',
4041 silly audit report       cwe: [Array],
4041 silly audit report       cvss: [Object]
4041 silly audit report     },
4041 silly audit report     {
4041 silly audit report       id: 1117795,
4041 silly audit report       url: 'https://github.com/advisories/GHSA-h8r8-wccr-v5f2',
4041 silly audit report       title: 'DOMPurify is vulnerable to mutation-XSS via Re-Contextualization ',
4041 silly audit report       severity: 'moderate',
4041 silly audit report       vulnerable_versions: '<3.3.2',
4041 silly audit report       cwe: [Array],
4041 silly audit report       cvss: [Object]
4041 silly audit report     }
4041 silly audit report   ]
4041 silly audit report }
4042 silly packumentCache corgi:https://registry.npmjs.org/@babel%2fcore cache-miss
4043 silly packumentCache corgi:https://registry.npmjs.org/esbuild cache-miss
4044 silly packumentCache corgi:https://registry.npmjs.org/dompurify cache-miss
4045 http fetch GET 200 https://registry.npmjs.org/@types/deep-eql/-/deep-eql-4.0.2.tgz 350ms (cache miss)
4046 http fetch GET 200 https://registry.npmjs.org/@vitest/spy/-/spy-4.1.9.tgz 451ms (cache miss)
4047 http fetch GET 200 https://registry.npmjs.org/@types/chai/-/chai-5.2.3.tgz 453ms (cache miss)
4048 http fetch GET 200 https://registry.npmjs.org/@vitest/pretty-format/-/pretty-format-4.1.9.tgz 451ms (cache miss)
4049 http fetch GET 200 https://registry.npmjs.org/@tufjs/canonical-json/-/canonical-json-2.0.0.tgz 452ms (cache miss)
4050 http fetch GET 200 https://registry.npmjs.org/@vitest/expect/-/expect-4.1.9.tgz 454ms (cache miss)
4051 http fetch GET 200 https://registry.npmjs.org/media-typer/-/media-typer-1.1.0.tgz 454ms (cache miss)
4052 http fetch GET 200 https://registry.npmjs.org/escalade/-/escalade-3.2.0.tgz 456ms (cache miss)
4053 http fetch GET 200 https://registry.npmjs.org/es-module-lexer/-/es-module-lexer-2.2.0.tgz 456ms (cache miss)
4054 http fetch GET 200 https://registry.npmjs.org/@vitest/snapshot/-/snapshot-4.1.9.tgz 458ms (cache miss)
4055 http fetch GET 200 https://registry.npmjs.org/@vitest/runner/-/runner-4.1.9.tgz 459ms (cache miss)
4056 http fetch GET 200 https://registry.npmjs.org/@tufjs/models/-/models-4.1.0.tgz 462ms (cache miss)
4057 http fetch GET 200 https://registry.npmjs.org/ansi-regex/-/ansi-regex-6.2.2.tgz 510ms (cache miss)
4058 http fetch GET 200 https://registry.npmjs.org/fdir/-/fdir-6.5.0.tgz 510ms (cache miss)
4059 http fetch GET 200 https://registry.npmjs.org/smart-buffer/-/smart-buffer-4.2.0.tgz 518ms (cache miss)
4060 http fetch GET 200 https://registry.npmjs.org/spdx-exceptions/-/spdx-exceptions-2.5.0.tgz 538ms (cache miss)
4061 http fetch GET 200 https://registry.npmjs.org/is-fullwidth-code-point/-/is-fullwidth-code-point-5.1.0.tgz 538ms (cache miss)
4062 http fetch GET 200 https://registry.npmjs.org/tr46/-/tr46-6.0.0.tgz 542ms (cache miss)
4063 http fetch GET 200 https://registry.npmjs.org/spdx-license-ids/-/spdx-license-ids-3.0.23.tgz 539ms (cache miss)
4064 http fetch GET 200 https://registry.npmjs.org/get-east-asian-width/-/get-east-asian-width-1.6.0.tgz 539ms (cache miss)
4065 http fetch GET 200 https://registry.npmjs.org/chownr/-/chownr-3.0.0.tgz 542ms (cache miss)
4066 http fetch GET 200 https://registry.npmjs.org/@vitest/mocker/-/mocker-4.1.9.tgz 545ms (cache miss)
4067 http fetch GET 200 https://registry.npmjs.org/@isaacs/fs-minipass/-/fs-minipass-4.0.1.tgz 553ms (cache miss)
4068 http fetch GET 200 https://registry.npmjs.org/tuf-js/-/tuf-js-4.1.0.tgz 553ms (cache miss)
4069 http fetch GET 200 https://registry.npmjs.org/tldts-core/-/tldts-core-7.4.5.tgz 557ms (cache miss)
4070 http fetch GET 200 https://registry.npmjs.org/tldts/-/tldts-7.4.5.tgz 572ms (cache miss)
4071 http fetch GET 200 https://registry.npmjs.org/buffer-from/-/buffer-from-1.1.2.tgz 584ms (cache miss)
4072 http fetch GET 200 https://registry.npmjs.org/ansi-styles/-/ansi-styles-6.2.3.tgz 584ms (cache miss)
4073 http fetch GET 200 https://registry.npmjs.org/socks/-/socks-2.8.9.tgz 589ms (cache miss)
4074 http fetch GET 200 https://registry.npmjs.org/function-bind/-/function-bind-1.1.2.tgz 618ms (cache miss)
4075 http fetch GET 200 https://registry.npmjs.org/has-symbols/-/has-symbols-1.1.0.tgz 619ms (cache miss)
4076 http fetch GET 200 https://registry.npmjs.org/dunder-proto/-/dunder-proto-1.0.1.tgz 629ms (cache miss)
4077 http fetch GET 200 https://registry.npmjs.org/hasown/-/hasown-2.0.4.tgz 635ms (cache miss)
4078 http fetch GET 200 https://registry.npmjs.org/math-intrinsics/-/math-intrinsics-1.1.0.tgz 657ms (cache miss)
4079 http fetch GET 200 https://registry.npmjs.org/call-bind-apply-helpers/-/call-bind-apply-helpers-1.0.2.tgz 662ms (cache miss)
4080 http fetch GET 200 https://registry.npmjs.org/@sigstore/bundle/-/bundle-4.0.0.tgz 664ms (cache miss)
4081 http fetch GET 200 https://registry.npmjs.org/get-intrinsic/-/get-intrinsic-1.3.0.tgz 663ms (cache miss)
4082 http fetch GET 200 https://registry.npmjs.org/@sigstore/core/-/core-3.2.1.tgz 672ms (cache miss)
4083 http fetch GET 200 https://registry.npmjs.org/@sigstore/protobuf-specs/-/protobuf-specs-0.5.1.tgz 675ms (cache miss)
4084 http fetch GET 200 https://registry.npmjs.org/side-channel-map/-/side-channel-map-1.0.1.tgz 671ms (cache miss)
4085 http fetch GET 200 https://registry.npmjs.org/es-object-atoms/-/es-object-atoms-1.1.2.tgz 674ms (cache miss)
4086 http fetch GET 200 https://registry.npmjs.org/gopd/-/gopd-1.2.0.tgz 678ms (cache miss)
4087 http fetch GET 200 https://registry.npmjs.org/@sigstore/sign/-/sign-4.1.1.tgz 699ms (cache miss)
4088 http fetch GET 200 https://registry.npmjs.org/side-channel-weakmap/-/side-channel-weakmap-1.0.2.tgz 705ms (cache miss)
4089 http fetch GET 200 https://registry.npmjs.org/call-bound/-/call-bound-1.0.4.tgz 720ms (cache miss)
4090 http fetch GET 200 https://registry.npmjs.org/@sigstore/tuf/-/tuf-4.0.2.tgz 724ms (cache miss)
4091 http fetch GET 200 https://registry.npmjs.org/get-proto/-/get-proto-1.0.1.tgz 742ms (cache miss)
4092 http fetch GET 200 https://registry.npmjs.org/xmlchars/-/xmlchars-2.2.0.tgz 742ms (cache miss)
4093 http fetch GET 200 https://registry.npmjs.org/object-inspect/-/object-inspect-1.13.4.tgz 745ms (cache miss)
4094 http fetch GET 200 https://registry.npmjs.org/side-channel-list/-/side-channel-list-1.0.1.tgz 748ms (cache miss)
4095 http fetch GET 200 https://registry.npmjs.org/is-glob/-/is-glob-4.0.3.tgz 750ms (cache miss)
4096 http fetch GET 200 https://registry.npmjs.org/is-extglob/-/is-extglob-2.1.1.tgz 753ms (cache miss)
4097 http fetch GET 200 https://registry.npmjs.org/shebang-regex/-/shebang-regex-3.0.0.tgz 759ms (cache miss)
4098 http fetch GET 200 https://registry.npmjs.org/es-errors/-/es-errors-1.3.0.tgz 761ms (cache miss)
4099 http fetch GET 200 https://registry.npmjs.org/is-promise/-/is-promise-4.0.0.tgz 770ms (cache miss)
4100 http fetch GET 200 https://registry.npmjs.org/path-to-regexp/-/path-to-regexp-8.4.2.tgz 782ms (cache miss)
4101 http fetch GET 200 https://registry.npmjs.org/fsevents/-/fsevents-2.3.3.tgz 785ms (cache miss)
4102 http fetch GET 200 https://registry.npmjs.org/@parcel/watcher-darwin-arm64/-/watcher-darwin-arm64-2.5.6.tgz 804ms (cache miss)
4103 http fetch GET 200 https://registry.npmjs.org/@sigstore/verify/-/verify-3.1.1.tgz 812ms (cache miss)
4104 http fetch GET 200 https://registry.npmjs.org/mimic-function/-/mimic-function-5.0.1.tgz 837ms (cache miss)
4105 http fetch GET 200 https://registry.npmjs.org/es-define-property/-/es-define-property-1.0.1.tgz 837ms (cache miss)
4106 http fetch GET 200 https://registry.npmjs.org/@types/estree/-/estree-1.0.8.tgz 837ms (cache miss)
4107 http fetch GET 200 https://registry.npmjs.org/@parcel/watcher/-/watcher-2.5.6.tgz 842ms (cache miss)
4108 http fetch GET 200 https://registry.npmjs.org/parse5-sax-parser/-/parse5-sax-parser-8.0.0.tgz 858ms (cache miss)
4109 http fetch GET 200 https://registry.npmjs.org/unpipe/-/unpipe-1.0.0.tgz 968ms (cache miss)
4110 http fetch GET 200 https://registry.npmjs.org/forwarded/-/forwarded-0.2.0.tgz 969ms (cache miss)
4111 http fetch GET 200 https://registry.npmjs.org/onetime/-/onetime-7.0.0.tgz 970ms (cache miss)
4112 http fetch GET 200 https://registry.npmjs.org/side-channel/-/side-channel-1.1.1.tgz 970ms (cache miss)
4113 http fetch GET 200 https://registry.npmjs.org/ipaddr.js/-/ipaddr.js-1.9.1.tgz 970ms (cache miss)
4114 http fetch GET 200 https://registry.npmjs.org/nanoid/-/nanoid-3.3.15.tgz 970ms (cache miss)
4115 http fetch GET 200 https://registry.npmjs.org/@npmcli/agent/-/agent-4.0.2.tgz 969ms (cache miss)
4116 http fetch GET 200 https://registry.npmjs.org/minipass-sized/-/minipass-sized-2.0.0.tgz 970ms (cache miss)
4117 http fetch GET 200 https://registry.npmjs.org/http-cache-semantics/-/http-cache-semantics-4.2.0.tgz 970ms (cache miss)
4118 http fetch GET 200 https://registry.npmjs.org/socks-proxy-agent/-/socks-proxy-agent-8.0.5.tgz 971ms (cache miss)
4119 http fetch GET 200 https://registry.npmjs.org/@rollup/rollup-darwin-arm64/-/rollup-darwin-arm64-4.60.2.tgz 972ms (cache miss)
4120 http fetch GET 200 https://registry.npmjs.org/@napi-rs/nice-darwin-arm64/-/nice-darwin-arm64-1.1.1.tgz 972ms (cache miss)
4121 http fetch GET 200 https://registry.npmjs.org/jsonparse/-/jsonparse-1.3.1.tgz 972ms (cache miss)
4122 http fetch GET 200 https://registry.npmjs.org/immutable/-/immutable-5.1.9.tgz 974ms (cache miss)
4123 http fetch GET 200 https://registry.npmjs.org/balanced-match/-/balanced-match-4.0.4.tgz 1046ms (cache miss)
4124 http fetch GET 200 https://registry.npmjs.org/nopt/-/nopt-9.0.0.tgz 1046ms (cache miss)
4125 http fetch GET 200 https://registry.npmjs.org/exponential-backoff/-/exponential-backoff-3.1.3.tgz 1051ms (cache miss)
4126 http fetch GET 200 https://registry.npmjs.org/brace-expansion/-/brace-expansion-5.0.7.tgz 1052ms (cache miss)
4127 http fetch GET 200 https://registry.npmjs.org/graceful-fs/-/graceful-fs-4.2.11.tgz 1058ms (cache miss)
4128 http fetch GET 200 https://registry.npmjs.org/minipass-fetch/-/minipass-fetch-5.0.2.tgz 1059ms (cache miss)
4129 http fetch GET 200 https://registry.npmjs.org/abbrev/-/abbrev-4.0.0.tgz 1060ms (cache miss)
4130 http fetch GET 200 https://registry.npmjs.org/minizlib/-/minizlib-3.1.0.tgz 1062ms (cache miss)
4131 http fetch GET 200 https://registry.npmjs.org/ignore-walk/-/ignore-walk-8.0.0.tgz 1067ms (cache miss)
4132 http fetch GET 200 https://registry.npmjs.org/npm-install-checks/-/npm-install-checks-8.0.0.tgz 1069ms (cache miss)
4133 http fetch GET 200 https://registry.npmjs.org/@napi-rs/nice/-/nice-1.1.1.tgz 1093ms (cache miss)
4134 http fetch GET 200 https://registry.npmjs.org/path-scurry/-/path-scurry-2.0.2.tgz 1110ms (cache miss)
4135 http fetch GET 200 https://registry.npmjs.org/@npmcli/redact/-/redact-4.0.0.tgz 1122ms (cache miss)
4136 http fetch GET 200 https://registry.npmjs.org/minipass-flush/-/minipass-flush-1.0.7.tgz 1123ms (cache miss)
4137 http fetch GET 200 https://registry.npmjs.org/make-fetch-happen/-/make-fetch-happen-15.0.6.tgz 1123ms (cache miss)
4138 http fetch GET 200 https://registry.npmjs.org/spdx-expression-parse/-/spdx-expression-parse-4.0.0.tgz 1136ms (cache miss)
4139 http fetch GET 200 https://registry.npmjs.org/minimatch/-/minimatch-10.2.5.tgz 1138ms (cache miss)
4140 http fetch GET 200 https://registry.npmjs.org/minipass-collect/-/minipass-collect-2.0.1.tgz 1139ms (cache miss)
4141 http fetch GET 200 https://registry.npmjs.org/minipass-pipeline/-/minipass-pipeline-1.2.4.tgz 1139ms (cache miss)
4142 http fetch GET 200 https://registry.npmjs.org/@npmcli/node-gyp/-/node-gyp-5.0.0.tgz 1155ms (cache miss)
4143 http fetch GET 200 https://registry.npmjs.org/env-paths/-/env-paths-2.2.1.tgz 1164ms (cache miss)
4144 http fetch GET 200 https://registry.npmjs.org/glob/-/glob-13.0.6.tgz 1167ms (cache miss)
4145 http fetch GET 200 https://registry.npmjs.org/ssri/-/ssri-13.0.1.tgz 1173ms (cache miss)
4146 http fetch GET 200 https://registry.npmjs.org/npm-bundled/-/npm-bundled-5.0.0.tgz 1176ms (cache miss)
4147 http fetch GET 200 https://registry.npmjs.org/@npmcli/fs/-/fs-5.0.0.tgz 1183ms (cache miss)
4148 http fetch GET 200 https://registry.npmjs.org/p-map/-/p-map-7.0.5.tgz 1189ms (cache miss)
4149 http fetch GET 200 https://registry.npmjs.org/node-gyp/-/node-gyp-12.4.0.tgz 1220ms (cache miss)
4150 http fetch GET 200 https://registry.npmjs.org/json-parse-even-better-errors/-/json-parse-even-better-errors-5.0.0.tgz 1221ms (cache miss)
4151 http fetch GET 200 https://registry.npmjs.org/sigstore/-/sigstore-4.1.1.tgz 1229ms (cache miss)
4152 http fetch GET 200 https://registry.npmjs.org/npm-registry-fetch/-/npm-registry-fetch-19.1.1.tgz 1238ms (cache miss)
4153 http fetch GET 200 https://registry.npmjs.org/npm-pick-manifest/-/npm-pick-manifest-11.0.3.tgz 1240ms (cache miss)
4154 http fetch GET 200 https://registry.npmjs.org/npm-normalize-package-bin/-/npm-normalize-package-bin-5.0.0.tgz 1240ms (cache miss)
4155 http fetch GET 200 https://registry.npmjs.org/npm-packlist/-/npm-packlist-10.0.4.tgz 1240ms (cache miss)
4156 http fetch GET 200 https://registry.npmjs.org/minipass/-/minipass-7.1.3.tgz 1259ms (cache miss)
4157 http fetch GET 200 https://registry.npmjs.org/fs-minipass/-/fs-minipass-3.0.3.tgz 1262ms (cache miss)
4158 http fetch GET 200 https://registry.npmjs.org/cacache/-/cacache-20.0.4.tgz 1266ms (cache miss)
4159 http fetch GET 200 https://registry.npmjs.org/@npmcli/promise-spawn/-/promise-spawn-9.0.1.tgz 1267ms (cache miss)
4160 http fetch GET 200 https://registry.npmjs.org/@npmcli/package-json/-/package-json-7.0.5.tgz 1286ms (cache miss)
4161 http fetch GET 200 https://registry.npmjs.org/yoctocolors/-/yoctocolors-2.1.2.tgz 1315ms (cache miss)
4162 http fetch GET 200 https://registry.npmjs.org/is-interactive/-/is-interactive-2.0.0.tgz 1322ms (cache miss)
4163 http fetch GET 200 https://registry.npmjs.org/tar/-/tar-7.5.19.tgz 1326ms (cache miss)
4164 http fetch GET 200 https://registry.npmjs.org/@npmcli/installed-package-contents/-/installed-package-contents-4.0.0.tgz 1325ms (cache miss)
4165 http fetch GET 200 https://registry.npmjs.org/stdin-discarder/-/stdin-discarder-0.3.2.tgz 1334ms (cache miss)
4166 http fetch GET 200 https://registry.npmjs.org/log-symbols/-/log-symbols-7.0.1.tgz 1337ms (cache miss)
4167 http fetch GET 200 https://registry.npmjs.org/validate-npm-package-name/-/validate-npm-package-name-7.0.2.tgz 1350ms (cache miss)
4168 http fetch GET 200 https://registry.npmjs.org/ee-first/-/ee-first-1.1.1.tgz 1350ms (cache miss)
4169 http fetch GET 200 https://registry.npmjs.org/is-unicode-supported/-/is-unicode-supported-2.1.0.tgz 1351ms (cache miss)
4170 http fetch GET 200 https://registry.npmjs.org/@gar/promise-retry/-/promise-retry-1.0.3.tgz 1357ms (cache miss)
4171 http fetch GET 200 https://registry.npmjs.org/@npmcli/git/-/git-7.0.2.tgz 1362ms (cache miss)
4172 http fetch GET 200 https://registry.npmjs.org/chalk/-/chalk-5.6.2.tgz 1365ms (cache miss)
4173 http fetch GET 200 https://registry.npmjs.org/cli-spinners/-/cli-spinners-3.4.0.tgz 1472ms (cache miss)
4174 http fetch GET 200 https://registry.npmjs.org/wrappy/-/wrappy-1.0.2.tgz 1472ms (cache miss)
4175 http fetch GET 200 https://registry.npmjs.org/hosted-git-info/-/hosted-git-info-9.0.3.tgz 1473ms (cache miss)
4176 http fetch GET 200 https://registry.npmjs.org/detect-libc/-/detect-libc-2.1.2.tgz 1473ms (cache miss)
4177 http fetch GET 200 https://registry.npmjs.org/msgpackr-extract/-/msgpackr-extract-3.0.4.tgz 1473ms (cache miss)
4178 http fetch GET 200 https://registry.npmjs.org/restore-cursor/-/restore-cursor-5.1.0.tgz 1796ms (cache miss)
4179 http fetch GET 200 https://registry.npmjs.org/cli-cursor/-/cli-cursor-5.0.0.tgz 1796ms (cache miss)
4180 http fetch GET 200 https://registry.npmjs.org/environment/-/environment-1.1.0.tgz 1797ms (cache miss)
4181 http fetch GET 200 https://registry.npmjs.org/weak-lru-cache/-/weak-lru-cache-1.2.2.tgz 1797ms (cache miss)
4182 http fetch GET 200 https://registry.npmjs.org/node-gyp-build-optional-packages/-/node-gyp-build-optional-packages-5.2.2.tgz 1797ms (cache miss)
4183 http fetch GET 200 https://registry.npmjs.org/ansi-escapes/-/ansi-escapes-7.3.0.tgz 1798ms (cache miss)
4184 http fetch GET 200 https://registry.npmjs.org/mime-db/-/mime-db-1.54.0.tgz 1800ms (cache miss)
4185 http fetch GET 200 https://registry.npmjs.org/@types/trusted-types/-/trusted-types-2.0.7.tgz 1848ms (cache miss)
4186 http fetch GET 200 https://registry.npmjs.org/proc-log/-/proc-log-6.1.0.tgz 1850ms (cache miss)
4187 http fetch GET 200 https://registry.npmjs.org/@msgpackr-extract/msgpackr-extract-darwin-arm64/-/msgpackr-extract-darwin-arm64-3.0.4.tgz 1850ms (cache miss)
4188 http fetch GET 200 https://registry.npmjs.org/yallist/-/yallist-3.1.1.tgz 1849ms (cache miss)
4189 http fetch GET 200 https://registry.npmjs.org/strip-ansi/-/strip-ansi-7.2.0.tgz 1849ms (cache miss)
4190 http fetch GET 200 https://registry.npmjs.org/string-width/-/string-width-8.2.1.tgz 1892ms (cache miss)
4191 http fetch GET 200 https://registry.npmjs.org/wrap-ansi/-/wrap-ansi-10.0.0.tgz 1892ms (cache miss)
4192 http fetch GET 200 https://registry.npmjs.org/ordered-binary/-/ordered-binary-1.6.1.tgz 1894ms (cache miss)
4193 http fetch GET 200 https://registry.npmjs.org/@npmcli/run-script/-/run-script-10.0.4.tgz 1997ms (cache miss)
4194 http fetch GET 200 https://registry.npmjs.org/log-update/-/log-update-6.1.0.tgz 1994ms (cache miss)
4195 http fetch GET 200 https://registry.npmjs.org/slice-ansi/-/slice-ansi-8.0.0.tgz 1994ms (cache miss)
4196 http fetch GET 200 https://registry.npmjs.org/@lmdb/lmdb-darwin-arm64/-/lmdb-darwin-arm64-3.5.4.tgz 2016ms (cache miss)
4197 http fetch GET 200 https://registry.npmjs.org/cli-truncate/-/cli-truncate-5.2.0.tgz 2015ms (cache miss)
4198 http fetch GET 200 https://registry.npmjs.org/@harperfast/extended-iterable/-/extended-iterable-1.0.3.tgz 2016ms (cache miss)
4199 http fetch GET 200 https://registry.npmjs.org/@csstools/css-parser-algorithms/-/css-parser-algorithms-4.0.0.tgz 2016ms (cache miss)
4200 http fetch GET 200 https://registry.npmjs.org/@csstools/css-color-parser/-/css-color-parser-4.1.9.tgz 2052ms (cache miss)
4201 http fetch GET 200 https://registry.npmjs.org/rfdc/-/rfdc-1.4.1.tgz 2074ms (cache miss)
4202 http fetch GET 200 https://registry.npmjs.org/eventemitter3/-/eventemitter3-5.0.4.tgz 2075ms (cache miss)
4203 http fetch GET 200 https://registry.npmjs.org/source-map-js/-/source-map-js-1.2.1.tgz 2109ms (cache miss)
4204 http fetch GET 200 https://registry.npmjs.org/@csstools/color-helpers/-/color-helpers-6.1.0.tgz 2117ms (cache miss)
4205 http fetch GET 200 https://registry.npmjs.org/mdn-data/-/mdn-data-2.27.1.tgz 2126ms (cache miss)
4206 http fetch GET 200 https://registry.npmjs.org/@csstools/css-tokenizer/-/css-tokenizer-4.0.0.tgz 2128ms (cache miss)
4207 http fetch GET 200 https://registry.npmjs.org/node-addon-api/-/node-addon-api-6.1.0.tgz 2137ms (cache miss)
4208 http fetch GET 200 https://registry.npmjs.org/@asamuzakjp/generational-cache/-/generational-cache-1.0.1.tgz 2136ms (cache miss)
4209 http fetch GET 200 https://registry.npmjs.org/@asamuzakjp/css-color/-/css-color-5.1.11.tgz 2137ms (cache miss)
4210 http fetch GET 200 https://registry.npmjs.org/xml-name-validator/-/xml-name-validator-5.0.0.tgz 2166ms (cache miss)
4211 http fetch GET 200 https://registry.npmjs.org/@asamuzakjp/nwsapi/-/nwsapi-2.3.9.tgz 2183ms (cache miss)
4212 http fetch GET 200 https://registry.npmjs.org/@csstools/css-calc/-/css-calc-3.2.1.tgz 2203ms (cache miss)
4213 http fetch GET 200 https://registry.npmjs.org/whatwg-url/-/whatwg-url-16.0.1.tgz 2208ms (cache miss)
4214 http fetch GET 200 https://registry.npmjs.org/whatwg-mimetype/-/whatwg-mimetype-5.0.0.tgz 2213ms (cache miss)
4215 http fetch GET 200 https://registry.npmjs.org/w3c-xmlserializer/-/w3c-xmlserializer-5.0.0.tgz 2217ms (cache miss)
4216 http fetch GET 200 https://registry.npmjs.org/bidi-js/-/bidi-js-1.0.3.tgz 2220ms (cache miss)
4217 http fetch GET 200 https://registry.npmjs.org/webidl-conversions/-/webidl-conversions-8.0.1.tgz 2222ms (cache miss)
4218 http fetch GET 200 https://registry.npmjs.org/dompurify/-/dompurify-3.2.7.tgz 2257ms (cache miss)
4219 http fetch GET 200 https://registry.npmjs.org/marked/-/marked-14.0.0.tgz 2259ms (cache miss)
4220 http fetch GET 200 https://registry.npmjs.org/undici/-/undici-7.28.0.tgz 2256ms (cache miss)
4221 http fetch GET 200 https://registry.npmjs.org/is-potential-custom-element-name/-/is-potential-custom-element-name-1.0.1.tgz 2284ms (cache miss)
4222 http fetch GET 200 https://registry.npmjs.org/symbol-tree/-/symbol-tree-3.2.4.tgz 2295ms (cache miss)
4223 http fetch GET 200 https://registry.npmjs.org/tough-cookie/-/tough-cookie-6.0.1.tgz 2296ms (cache miss)
4224 http fetch GET 200 https://registry.npmjs.org/decimal.js/-/decimal.js-10.6.0.tgz 2304ms (cache miss)
4225 http fetch GET 200 https://registry.npmjs.org/saxes/-/saxes-6.0.0.tgz 2315ms (cache miss)
4226 http fetch GET 200 https://registry.npmjs.org/http-proxy-agent/-/http-proxy-agent-7.0.2.tgz 2317ms (cache miss)
4227 http fetch GET 200 https://registry.npmjs.org/msgpackr/-/msgpackr-1.12.1.tgz 2327ms (cache miss)
4228 http fetch GET 200 https://registry.npmjs.org/data-urls/-/data-urls-7.0.0.tgz 2325ms (cache miss)
4229 http fetch GET 200 https://registry.npmjs.org/@exodus/bytes/-/bytes-1.15.1.tgz 2352ms (cache miss)
4230 http fetch GET 200 https://registry.npmjs.org/html-encoding-sniffer/-/html-encoding-sniffer-6.0.0.tgz 2361ms (cache miss)
4231 http fetch GET 200 https://registry.npmjs.org/safer-buffer/-/safer-buffer-2.1.2.tgz 2362ms (cache miss)
4232 http fetch GET 200 https://registry.npmjs.org/cssstyle/-/cssstyle-6.2.0.tgz 2367ms (cache miss)
4233 http fetch GET 200 https://registry.npmjs.org/parse5/-/parse5-8.0.1.tgz 2369ms (cache miss)
4234 http fetch GET 200 https://registry.npmjs.org/agent-base/-/agent-base-9.0.0.tgz 2376ms (cache miss)
4235 http fetch GET 200 https://registry.npmjs.org/inherits/-/inherits-2.0.4.tgz 2385ms (cache miss)
4236 http fetch GET 200 https://registry.npmjs.org/fast-string-truncated-width/-/fast-string-truncated-width-3.0.3.tgz 2384ms (cache miss)
4237 http fetch GET 200 https://registry.npmjs.org/toidentifier/-/toidentifier-1.0.1.tgz 2421ms (cache miss)
4238 http fetch GET 200 https://registry.npmjs.org/setprototypeof/-/setprototypeof-1.2.0.tgz 2420ms (cache miss)
4239 http fetch GET 200 https://registry.npmjs.org/fast-string-width/-/fast-string-width-3.0.2.tgz 2421ms (cache miss)
4240 http fetch GET 200 https://registry.npmjs.org/@asamuzakjp/dom-selector/-/dom-selector-6.8.1.tgz 2423ms (cache miss)
4241 http fetch GET 200 https://registry.npmjs.org/ip-address/-/ip-address-10.2.0.tgz 2514ms (cache miss)
4242 http fetch GET 200 https://registry.npmjs.org/serve-static/-/serve-static-2.2.1.tgz 2537ms (cache miss)
4243 http fetch GET 200 https://registry.npmjs.org/statuses/-/statuses-2.0.2.tgz 2537ms (cache miss)
4244 http fetch GET 200 https://registry.npmjs.org/@bramus/specificity/-/specificity-2.4.2.tgz 2537ms (cache miss)
4245 http fetch GET 200 https://registry.npmjs.org/bytes/-/bytes-3.1.2.tgz 2537ms (cache miss)
4246 http fetch GET 200 https://registry.npmjs.org/negotiator/-/negotiator-1.0.0.tgz 2537ms (cache miss)
4247 http fetch GET 200 https://registry.npmjs.org/send/-/send-1.2.1.tgz 2538ms (cache miss)
4248 http fetch GET 200 https://registry.npmjs.org/router/-/router-2.2.0.tgz 2555ms (cache miss)
4249 http fetch GET 200 https://registry.npmjs.org/proxy-addr/-/proxy-addr-2.0.7.tgz 2556ms (cache miss)
4250 http fetch GET 200 https://registry.npmjs.org/range-parser/-/range-parser-1.3.0.tgz 2556ms (cache miss)
4251 http fetch GET 200 https://registry.npmjs.org/parseurl/-/parseurl-1.3.3.tgz 2556ms (cache miss)
4252 http fetch GET 200 https://registry.npmjs.org/qs/-/qs-6.15.3.tgz 2559ms (cache miss)
4253 http fetch GET 200 https://registry.npmjs.org/@acemir/cssom/-/cssom-0.9.31.tgz 2564ms (cache miss)
4254 http fetch GET 200 https://registry.npmjs.org/css-tree/-/css-tree-3.2.1.tgz 2577ms (cache miss)
4255 http fetch GET 200 https://registry.npmjs.org/on-finished/-/on-finished-2.4.1.tgz 2791ms (cache miss)
4256 http fetch GET 200 https://registry.npmjs.org/etag/-/etag-1.8.1.tgz 2792ms (cache miss)
4257 http fetch GET 200 https://registry.npmjs.org/once/-/once-1.4.0.tgz 2792ms (cache miss)
4258 http fetch GET 200 https://registry.npmjs.org/finalhandler/-/finalhandler-2.1.1.tgz 2791ms (cache miss)
4259 http fetch GET 200 https://registry.npmjs.org/encodeurl/-/encodeurl-2.0.0.tgz 2791ms (cache miss)
4260 http fetch GET 200 https://registry.npmjs.org/fresh/-/fresh-2.0.0.tgz 2791ms (cache miss)
4261 http fetch GET 200 https://registry.npmjs.org/type-is/-/type-is-2.1.0.tgz 2792ms (cache miss)
4262 http fetch GET 200 https://registry.npmjs.org/escape-html/-/escape-html-1.0.3.tgz 2791ms (cache miss)
4263 http fetch GET 200 https://registry.npmjs.org/cookie-signature/-/cookie-signature-1.2.2.tgz 2791ms (cache miss)
4264 http fetch GET 200 https://registry.npmjs.org/depd/-/depd-2.0.0.tgz 2791ms (cache miss)
4265 http fetch GET 200 https://registry.npmjs.org/merge-descriptors/-/merge-descriptors-2.0.0.tgz 2792ms (cache miss)
4266 http fetch GET 200 https://registry.npmjs.org/mime-types/-/mime-types-3.0.2.tgz 2792ms (cache miss)
4267 http fetch GET 200 https://registry.npmjs.org/http-errors/-/http-errors-2.0.1.tgz 2792ms (cache miss)
4268 http fetch GET 200 https://registry.npmjs.org/cookie/-/cookie-0.7.2.tgz 2791ms (cache miss)
4269 http fetch GET 200 https://registry.npmjs.org/@csstools/css-syntax-patches-for-csstree/-/css-syntax-patches-for-csstree-1.1.6.tgz 2797ms (cache miss)
4270 http fetch GET 200 https://registry.npmjs.org/nth-check/-/nth-check-2.1.1.tgz 2854ms (cache miss)
4271 http fetch GET 200 https://registry.npmjs.org/boolbase/-/boolbase-1.0.0.tgz 2857ms (cache miss)
4272 http fetch GET 200 https://registry.npmjs.org/domelementtype/-/domelementtype-2.3.0.tgz 2860ms (cache miss)
4273 http fetch GET 200 https://registry.npmjs.org/body-parser/-/body-parser-2.3.0.tgz 2859ms (cache miss)
4274 http fetch GET 200 https://registry.npmjs.org/ms/-/ms-2.1.3.tgz 2861ms (cache miss)
4275 http fetch GET 200 https://registry.npmjs.org/content-disposition/-/content-disposition-1.1.0.tgz 2862ms (cache miss)
4276 http fetch GET 200 https://registry.npmjs.org/path-key/-/path-key-3.1.1.tgz 2868ms (cache miss)
4277 http fetch GET 200 https://registry.npmjs.org/entities/-/entities-4.5.0.tgz 2874ms (cache miss)
4278 http fetch GET 200 https://registry.npmjs.org/domutils/-/domutils-3.2.2.tgz 2876ms (cache miss)
4279 http fetch GET 200 https://registry.npmjs.org/which/-/which-2.0.2.tgz 2896ms (cache miss)
4280 http fetch GET 200 https://registry.npmjs.org/object-assign/-/object-assign-4.1.1.tgz 2897ms (cache miss)
4281 http fetch GET 200 https://registry.npmjs.org/vary/-/vary-1.1.2.tgz 2904ms (cache miss)
4282 http fetch GET 200 https://registry.npmjs.org/electron-to-chromium/-/electron-to-chromium-1.5.381.tgz 2937ms (cache miss)
4283 http fetch GET 200 https://registry.npmjs.org/readdirp/-/readdirp-5.0.0.tgz 2942ms (cache miss)
4284 http fetch GET 200 https://registry.npmjs.org/postcss-safe-parser/-/postcss-safe-parser-7.0.1.tgz 3033ms (cache miss)
4285 http fetch GET 200 https://registry.npmjs.org/update-browserslist-db/-/update-browserslist-db-1.2.3.tgz 3033ms (cache miss)
4286 http fetch GET 200 https://registry.npmjs.org/shebang-command/-/shebang-command-2.0.0.tgz 3034ms (cache miss)
4287 http fetch GET 200 https://registry.npmjs.org/node-releases/-/node-releases-2.0.50.tgz 3037ms (cache miss)
4288 http fetch GET 200 https://registry.npmjs.org/baseline-browser-mapping/-/baseline-browser-mapping-2.10.40.tgz 3065ms (cache miss)
4289 http fetch GET 200 https://registry.npmjs.org/domhandler/-/domhandler-5.0.3.tgz 3074ms (cache miss)
4290 http fetch GET 200 https://registry.npmjs.org/postcss/-/postcss-8.5.16.tgz 3088ms (cache miss)
4291 http fetch GET 200 https://registry.npmjs.org/htmlparser2/-/htmlparser2-10.1.0.tgz 3089ms (cache miss)
4292 http fetch GET 200 https://registry.npmjs.org/css-select/-/css-select-6.0.0.tgz 3104ms (cache miss)
4293 http fetch GET 200 https://registry.npmjs.org/caniuse-lite/-/caniuse-lite-1.0.30001799.tgz 3178ms (cache miss)
4294 http fetch GET 200 https://registry.npmjs.org/accepts/-/accepts-2.0.0.tgz 3860ms (cache miss)
4295 http fetch GET 200 https://registry.npmjs.org/@algolia/requester-fetch/-/requester-fetch-5.52.0.tgz 3858ms (cache miss)
4296 http fetch GET 200 https://registry.npmjs.org/@algolia/requester-browser-xhr/-/requester-browser-xhr-5.52.0.tgz 3858ms (cache miss)
4297 http fetch GET 200 https://registry.npmjs.org/@algolia/requester-node-http/-/requester-node-http-5.52.0.tgz 3858ms (cache miss)
4298 http fetch GET 200 https://registry.npmjs.org/postcss-media-query-parser/-/postcss-media-query-parser-0.2.3.tgz 3906ms (cache miss)
4299 http fetch GET 200 https://registry.npmjs.org/dom-serializer/-/dom-serializer-2.0.0.tgz 3918ms (cache miss)
4300 http fetch GET 200 https://registry.npmjs.org/require-from-string/-/require-from-string-2.0.2.tgz 3948ms (cache miss)
4301 http fetch GET 200 https://registry.npmjs.org/css-what/-/css-what-7.0.0.tgz 3965ms (cache miss)
4302 http fetch GET 200 https://registry.npmjs.org/json-schema-traverse/-/json-schema-traverse-1.0.0.tgz 4083ms (cache miss)
4303 http fetch GET 200 https://registry.npmjs.org/fast-deep-equal/-/fast-deep-equal-3.1.3.tgz 4087ms (cache miss)
4304 http fetch GET 200 https://registry.npmjs.org/@algolia/client-personalization/-/client-personalization-5.52.0.tgz 4095ms (cache miss)
4305 http fetch GET 200 https://registry.npmjs.org/pkce-challenge/-/pkce-challenge-5.0.1.tgz 4094ms (cache miss)
4306 http fetch GET 200 https://registry.npmjs.org/@algolia/monitoring/-/monitoring-1.52.0.tgz 4097ms (cache miss)
4307 http fetch GET 200 https://registry.npmjs.org/fast-uri/-/fast-uri-3.1.3.tgz 4097ms (cache miss)
4308 http fetch GET 200 https://registry.npmjs.org/@algolia/client-insights/-/client-insights-5.52.0.tgz 4098ms (cache miss)
4309 http fetch GET 200 https://registry.npmjs.org/@algolia/client-query-suggestions/-/client-query-suggestions-5.52.0.tgz 4149ms (cache miss)
4310 http fetch GET 200 https://registry.npmjs.org/@algolia/recommend/-/recommend-5.52.0.tgz 4152ms (cache miss)
4311 http fetch GET 200 https://registry.npmjs.org/@algolia/client-analytics/-/client-analytics-5.52.0.tgz 4154ms (cache miss)
4312 http fetch GET 200 https://registry.npmjs.org/raw-body/-/raw-body-3.0.2.tgz 4194ms (cache miss)
4313 http fetch GET 200 https://registry.npmjs.org/json-schema-typed/-/json-schema-typed-8.0.2.tgz 4196ms (cache miss)
4314 http fetch GET 200 https://registry.npmjs.org/express-rate-limit/-/express-rate-limit-8.5.2.tgz 4233ms (cache miss)
4315 http fetch GET 200 https://registry.npmjs.org/@algolia/abtesting/-/abtesting-1.18.0.tgz 4239ms (cache miss)
4316 http fetch GET 200 https://registry.npmjs.org/eventsource-parser/-/eventsource-parser-3.1.0.tgz 4248ms (cache miss)
4317 http fetch GET 200 https://registry.npmjs.org/@algolia/ingestion/-/ingestion-1.52.0.tgz 4252ms (cache miss)
4318 http fetch GET 200 https://registry.npmjs.org/cross-spawn/-/cross-spawn-7.0.6.tgz 4257ms (cache miss)
4319 http fetch GET 200 https://registry.npmjs.org/eventsource/-/eventsource-3.0.7.tgz 4260ms (cache miss)
4320 http fetch GET 200 https://registry.npmjs.org/jose/-/jose-6.2.3.tgz 4263ms (cache miss)
4321 http fetch GET 200 https://registry.npmjs.org/content-type/-/content-type-1.0.5.tgz 4285ms (cache miss)
4322 http fetch GET 200 https://registry.npmjs.org/@algolia/client-abtesting/-/client-abtesting-5.52.0.tgz 4287ms (cache miss)
4323 http fetch GET 200 https://registry.npmjs.org/cors/-/cors-2.8.6.tgz 4289ms (cache miss)
4324 http fetch GET 200 https://registry.npmjs.org/@algolia/client-common/-/client-common-5.52.0.tgz 4292ms (cache miss)
4325 http fetch GET 200 https://registry.npmjs.org/express/-/express-5.2.1.tgz 4290ms (cache miss)
4326 http fetch GET 200 https://registry.npmjs.org/zod-to-json-schema/-/zod-to-json-schema-3.25.2.tgz 4292ms (cache miss)
4327 http fetch GET 200 https://registry.npmjs.org/@algolia/client-search/-/client-search-5.52.0.tgz 4294ms (cache miss)
4328 http fetch GET 200 https://registry.npmjs.org/@hono/node-server/-/node-server-1.19.14.tgz 4316ms (cache miss)
4329 http fetch GET 200 https://registry.npmjs.org/chardet/-/chardet-2.2.0.tgz 4346ms (cache miss)
4330 http fetch GET 200 https://registry.npmjs.org/@jridgewell/resolve-uri/-/resolve-uri-3.1.2.tgz 4352ms (cache miss)
4331 http fetch GET 200 https://registry.npmjs.org/@inquirer/external-editor/-/external-editor-3.0.3.tgz 4370ms (cache miss)
4332 http fetch GET 200 https://registry.npmjs.org/@inquirer/search/-/search-4.2.1.tgz 4394ms (cache miss)
4333 http fetch GET 200 https://registry.npmjs.org/@inquirer/password/-/password-5.1.1.tgz 4394ms (cache miss)
4334 http fetch GET 200 https://registry.npmjs.org/iconv-lite/-/iconv-lite-0.7.2.tgz 4404ms (cache miss)
4335 http fetch GET 200 https://registry.npmjs.org/fast-wrap-ansi/-/fast-wrap-ansi-0.2.2.tgz 4403ms (cache miss)
4336 http fetch GET 200 https://registry.npmjs.org/signal-exit/-/signal-exit-4.1.0.tgz 4407ms (cache miss)
4337 http fetch GET 200 https://registry.npmjs.org/@inquirer/rawlist/-/rawlist-5.3.1.tgz 4409ms (cache miss)
4338 http fetch GET 200 https://registry.npmjs.org/@inquirer/editor/-/editor-5.2.2.tgz 4412ms (cache miss)
4339 http fetch GET 200 https://registry.npmjs.org/@inquirer/expand/-/expand-5.1.1.tgz 4416ms (cache miss)
4340 http fetch GET 200 https://registry.npmjs.org/mute-stream/-/mute-stream-3.0.0.tgz 4419ms (cache miss)
4341 http fetch GET 200 https://registry.npmjs.org/@esbuild/darwin-arm64/-/darwin-arm64-0.28.1.tgz 4430ms (cache miss)
4342 http fetch GET 200 https://registry.npmjs.org/@inquirer/input/-/input-5.1.2.tgz 4433ms (cache miss)
4343 http fetch GET 200 https://registry.npmjs.org/cli-width/-/cli-width-4.1.0.tgz 4445ms (cache miss)
4344 http fetch GET 200 https://registry.npmjs.org/hono/-/hono-4.12.27.tgz 4466ms (cache miss)
4345 http fetch GET 200 https://registry.npmjs.org/@inquirer/select/-/select-5.2.1.tgz 4474ms (cache miss)
4346 http fetch GET 200 https://registry.npmjs.org/@inquirer/type/-/type-4.0.7.tgz 4482ms (cache miss)
4347 http fetch GET 200 https://registry.npmjs.org/@inquirer/figures/-/figures-2.0.7.tgz 4497ms (cache miss)
4348 http fetch GET 200 https://registry.npmjs.org/@babel/helper-globals/-/helper-globals-7.29.7.tgz 4606ms (cache miss)
4349 http fetch GET 200 https://registry.npmjs.org/@inquirer/checkbox/-/checkbox-5.2.1.tgz 4606ms (cache miss)
4350 http fetch GET 200 https://registry.npmjs.org/@inquirer/number/-/number-4.1.1.tgz 4606ms (cache miss)
4351 http fetch GET 200 https://registry.npmjs.org/@inquirer/ansi/-/ansi-2.0.7.tgz 4606ms (cache miss)
4352 http fetch GET 200 https://registry.npmjs.org/@babel/helper-validator-option/-/helper-validator-option-7.29.7.tgz 4606ms (cache miss)
4353 http fetch GET 200 https://registry.npmjs.org/@babel/helper-module-imports/-/helper-module-imports-7.29.7.tgz 4607ms (cache miss)
4354 http fetch GET 200 https://registry.npmjs.org/jsesc/-/jsesc-3.1.0.tgz 4607ms (cache miss)
4355 http fetch GET 200 https://registry.npmjs.org/@babel/compat-data/-/compat-data-7.29.7.tgz 4607ms (cache miss)
4356 http fetch GET 200 https://registry.npmjs.org/lru-cache/-/lru-cache-5.1.1.tgz 4607ms (cache miss)
4357 http fetch GET 200 https://registry.npmjs.org/@babel/helper-string-parser/-/helper-string-parser-7.29.7.tgz 4607ms (cache miss)
4358 http fetch GET 200 https://registry.npmjs.org/@inquirer/core/-/core-11.2.1.tgz 4611ms (cache miss)
4359 http fetch GET 200 https://registry.npmjs.org/picocolors/-/picocolors-1.1.1.tgz 4803ms (cache miss)
4360 http fetch GET 200 https://registry.npmjs.org/debug/-/debug-4.4.3.tgz 4803ms (cache miss)
4361 http fetch GET 200 https://registry.npmjs.org/gensync/-/gensync-1.0.0-beta.2.tgz 4803ms (cache miss)
4362 http fetch GET 200 https://registry.npmjs.org/@jridgewell/remapping/-/remapping-2.3.5.tgz 4803ms (cache miss)
4363 http fetch GET 200 https://registry.npmjs.org/js-tokens/-/js-tokens-4.0.0.tgz 4803ms (cache miss)
4364 http fetch GET 200 https://registry.npmjs.org/@babel/helper-validator-identifier/-/helper-validator-identifier-7.29.7.tgz 4804ms (cache miss)
4365 http fetch GET 200 https://registry.npmjs.org/@babel/helper-compilation-targets/-/helper-compilation-targets-7.29.7.tgz 4807ms (cache miss)
4366 http fetch GET 200 https://registry.npmjs.org/@babel/template/-/template-7.29.7.tgz 4809ms (cache miss)
4367 http fetch GET 200 https://registry.npmjs.org/json5/-/json5-2.2.3.tgz 4809ms (cache miss)
4368 http fetch GET 200 https://registry.npmjs.org/reflect-metadata/-/reflect-metadata-0.2.2.tgz 4886ms (cache miss)
4369 http fetch GET 200 https://registry.npmjs.org/yargs/-/yargs-18.0.0.tgz 4893ms (cache miss)
4370 http fetch GET 200 https://registry.npmjs.org/chokidar/-/chokidar-5.0.0.tgz 4900ms (cache miss)
4371 http fetch GET 200 https://registry.npmjs.org/ora/-/ora-9.4.0.tgz 4901ms (cache miss)
4372 http fetch GET 200 https://registry.npmjs.org/npm-package-arg/-/npm-package-arg-13.0.2.tgz 4900ms (cache miss)
4373 http fetch GET 200 https://registry.npmjs.org/@babel/code-frame/-/code-frame-7.29.7.tgz 4904ms (cache miss)
4374 http fetch GET 200 https://registry.npmjs.org/@jridgewell/sourcemap-codec/-/sourcemap-codec-1.5.5.tgz 4910ms (cache miss)
4375 http fetch GET 200 https://registry.npmjs.org/@standard-schema/spec/-/spec-1.1.0.tgz 4949ms (cache miss)
4376 http fetch GET 200 https://registry.npmjs.org/convert-source-map/-/convert-source-map-1.9.0.tgz 4977ms (cache miss)
4377 http fetch GET 200 https://registry.npmjs.org/ini/-/ini-6.0.0.tgz 4984ms (cache miss)
4378 http fetch GET 200 https://registry.npmjs.org/@yarnpkg/lockfile/-/lockfile-1.1.0.tgz 5122ms (cache miss)
4379 http fetch GET 200 https://registry.npmjs.org/@listr2/prompt-adapter-inquirer/-/prompt-adapter-inquirer-4.2.3.tgz 5123ms (cache miss)
4380 http fetch GET 200 https://registry.npmjs.org/@inquirer/prompts/-/prompts-8.4.2.tgz 5123ms (cache miss)
4381 http fetch GET 200 https://registry.npmjs.org/pacote/-/pacote-21.5.1.tgz 5142ms (cache miss)
4382 http fetch GET 200 https://registry.npmjs.org/source-map/-/source-map-0.7.6.tgz 5146ms (cache miss)
4383 http fetch GET 200 https://registry.npmjs.org/algoliasearch/-/algoliasearch-5.52.0.tgz 5150ms (cache miss)
4384 http fetch GET 200 https://registry.npmjs.org/zod/-/zod-4.4.2.tgz 5169ms (cache miss)
4385 http fetch GET 200 https://registry.npmjs.org/@schematics/angular/-/angular-22.0.4.tgz 5244ms (cache miss)
4386 http fetch GET 200 https://registry.npmjs.org/@babel/generator/-/generator-7.29.7.tgz 5264ms (cache miss)
4387 http fetch GET 200 https://registry.npmjs.org/@babel/helper-module-transforms/-/helper-module-transforms-7.29.7.tgz 5453ms (cache miss)
4388 http fetch GET 200 https://registry.npmjs.org/@babel/helpers/-/helpers-7.29.7.tgz 5500ms (cache miss)
4389 http fetch GET 200 https://registry.npmjs.org/vite/-/vite-7.3.5.tgz 5852ms (cache miss)
4390 http fetch GET 200 https://registry.npmjs.org/tinyglobby/-/tinyglobby-0.2.16.tgz 5910ms (cache miss)
4391 http fetch GET 200 https://registry.npmjs.org/piscina/-/piscina-5.2.0.tgz 5917ms (cache miss)
4392 http fetch GET 200 https://registry.npmjs.org/ajv-formats/-/ajv-formats-3.0.1.tgz 5922ms (cache miss)
4393 http fetch GET 200 https://registry.npmjs.org/@babel/parser/-/parser-7.29.7.tgz 5961ms (cache miss)
4394 http fetch GET 200 https://registry.npmjs.org/@jridgewell/gen-mapping/-/gen-mapping-0.3.13.tgz 6003ms (cache miss)
4395 http fetch GET 200 https://registry.npmjs.org/source-map-support/-/source-map-support-0.5.21.tgz 6006ms (cache miss)
4396 http fetch GET 200 https://registry.npmjs.org/@jridgewell/trace-mapping/-/trace-mapping-0.3.31.tgz 6009ms (cache miss)
4397 http fetch GET 200 https://registry.npmjs.org/watchpack/-/watchpack-2.5.1.tgz 6013ms (cache miss)
4398 http fetch GET 200 https://registry.npmjs.org/parse5-html-rewriting-stream/-/parse5-html-rewriting-stream-8.0.1.tgz 6029ms (cache miss)
4399 http fetch GET 200 https://registry.npmjs.org/picomatch/-/picomatch-4.0.4.tgz 6029ms (cache miss)
4400 http fetch GET 200 https://registry.npmjs.org/sass/-/sass-1.99.0.tgz 6053ms (cache miss)
4401 http fetch GET 200 https://registry.npmjs.org/semver/-/semver-7.7.4.tgz 6179ms (cache miss)
4402 http fetch GET 200 https://registry.npmjs.org/@angular-devkit/schematics/-/schematics-22.0.4.tgz 6198ms (cache miss)
4403 http fetch GET 200 https://registry.npmjs.org/rollup/-/rollup-4.60.2.tgz 6232ms (cache miss)
4404 http fetch GET 200 https://registry.npmjs.org/@angular-devkit/core/-/core-22.0.4.tgz 6238ms (cache miss)
4405 http fetch GET 200 https://registry.npmjs.org/@babel/traverse/-/traverse-7.29.7.tgz 6445ms (cache miss)
4406 http fetch GET 200 https://registry.npmjs.org/mrmime/-/mrmime-2.0.1.tgz 6835ms (cache miss)
4407 http fetch GET 200 https://registry.npmjs.org/@inquirer/confirm/-/confirm-6.0.12.tgz 6835ms (cache miss)
4408 http fetch GET 200 https://registry.npmjs.org/browserslist/-/browserslist-4.28.4.tgz 6894ms (cache miss)
4409 http fetch GET 200 https://registry.npmjs.org/https-proxy-agent/-/https-proxy-agent-9.0.0.tgz 6897ms (cache miss)
4410 http fetch GET 200 https://registry.npmjs.org/@angular-devkit/architect/-/architect-0.2200.4.tgz 6900ms (cache miss)
4411 http fetch GET 200 https://registry.npmjs.org/@babel/helper-annotate-as-pure/-/helper-annotate-as-pure-7.27.3.tgz 6923ms (cache miss)
4412 http fetch GET 200 https://registry.npmjs.org/listr2/-/listr2-10.2.1.tgz 6937ms (cache miss)
4413 http fetch GET 200 https://registry.npmjs.org/jsonc-parser/-/jsonc-parser-3.3.1.tgz 6949ms (cache miss)
4414 http fetch GET 200 https://registry.npmjs.org/beasties/-/beasties-0.4.2.tgz 6953ms (cache miss)
4415 http fetch GET 200 https://registry.npmjs.org/magic-string/-/magic-string-0.30.21.tgz 7094ms (cache miss)
4416 http fetch GET 200 https://registry.npmjs.org/@vitejs/plugin-basic-ssl/-/plugin-basic-ssl-2.3.0.tgz 7111ms (cache miss)
4417 http fetch GET 200 https://registry.npmjs.org/esbuild/-/esbuild-0.28.1.tgz 7115ms (cache miss)
4418 http fetch GET 200 https://registry.npmjs.org/@babel/core/-/core-7.29.0.tgz 7125ms (cache miss)
4419 http fetch GET 200 https://registry.npmjs.org/ajv/-/ajv-8.20.0.tgz 7258ms (cache miss)
4420 http fetch GET 200 https://registry.npmjs.org/lmdb/-/lmdb-3.5.4.tgz 7359ms (cache miss)
4421 http fetch GET 200 https://registry.npmjs.org/@babel/helper-split-export-declaration/-/helper-split-export-declaration-7.24.7.tgz 7863ms (cache miss)
4422 http fetch GET 200 https://registry.npmjs.org/ngx-monaco-editor-v2/-/ngx-monaco-editor-v2-21.1.4.tgz 7937ms (cache miss)
4423 http fetch GET 200 https://registry.npmjs.org/@ampproject/remapping/-/remapping-2.3.0.tgz 7941ms (cache miss)
4424 http fetch GET 200 https://registry.npmjs.org/tslib/-/tslib-2.8.1.tgz 7978ms (cache miss)
4425 http fetch GET 200 https://registry.npmjs.org/vitest/-/vitest-4.1.9.tgz 8088ms (cache miss)
4426 http fetch GET 200 https://registry.npmjs.org/@modelcontextprotocol/sdk/-/sdk-1.29.0.tgz 8131ms (cache miss)
4427 http fetch GET 200 https://registry.npmjs.org/@angular/platform-browser/-/platform-browser-22.0.4.tgz 8282ms (cache miss)
4428 http fetch GET 200 https://registry.npmjs.org/jsdom/-/jsdom-28.1.0.tgz 8322ms (cache miss)
4429 http fetch GET 200 https://registry.npmjs.org/wrap-ansi/-/wrap-ansi-9.0.2.tgz 8821ms (cache miss)
4430 http fetch GET 200 https://registry.npmjs.org/@angular/router/-/router-22.0.4.tgz 8835ms (cache miss)
4431 http fetch GET 200 https://registry.npmjs.org/convert-source-map/-/convert-source-map-2.0.0.tgz 8894ms (cache miss)
4432 http fetch GET 200 https://registry.npmjs.org/rxjs/-/rxjs-7.8.2.tgz 8959ms (cache miss)
4433 http fetch GET 200 https://registry.npmjs.org/node-addon-api/-/node-addon-api-7.1.1.tgz 9165ms (cache miss)
4434 http fetch GET 200 https://registry.npmjs.org/@angular/cli/-/cli-22.0.4.tgz 9885ms (cache miss)
4435 http fetch GET 200 https://registry.npmjs.org/string-width/-/string-width-7.2.0.tgz 9948ms (cache miss)
4436 http fetch GET 200 https://registry.npmjs.org/agent-base/-/agent-base-7.1.4.tgz 10082ms (cache miss)
4437 http fetch GET 200 https://registry.npmjs.org/https-proxy-agent/-/https-proxy-agent-7.0.6.tgz 10085ms (cache miss)
4438 http fetch GET 200 https://registry.npmjs.org/@babel/types/-/types-7.29.7.tgz 10432ms (cache miss)
4439 http fetch GET 200 https://registry.npmjs.org/@angular/compiler/-/compiler-22.0.4.tgz 10542ms (cache miss)
4440 http fetch GET 200 https://registry.npmjs.org/yallist/-/yallist-4.0.0.tgz 10769ms (cache miss)
4441 http fetch GET 200 https://registry.npmjs.org/yallist/-/yallist-4.0.0.tgz 10888ms (cache miss)
4442 http fetch GET 200 https://registry.npmjs.org/minipass/-/minipass-3.3.6.tgz 10889ms (cache miss)
4443 http fetch GET 200 https://registry.npmjs.org/minipass/-/minipass-3.3.6.tgz 10941ms (cache miss)
4444 http fetch GET 200 https://registry.npmjs.org/agent-base/-/agent-base-7.1.4.tgz 10942ms (cache miss)
4445 http fetch GET 200 https://registry.npmjs.org/isexe/-/isexe-4.0.0.tgz 11758ms (cache miss)
4446 http fetch GET 200 https://registry.npmjs.org/which/-/which-6.0.1.tgz 11835ms (cache miss)
4447 http fetch GET 200 https://registry.npmjs.org/which/-/which-6.0.1.tgz 11835ms (cache miss)
4448 http fetch GET 200 https://registry.npmjs.org/@angular/forms/-/forms-22.0.4.tgz 11838ms (cache miss)
4449 http fetch GET 200 https://registry.npmjs.org/yallist/-/yallist-5.0.0.tgz 11939ms (cache miss)
4450 http fetch GET 200 https://registry.npmjs.org/@angular/compiler-cli/-/compiler-cli-22.0.4.tgz 12178ms (cache miss)
4451 http fetch GET 200 https://registry.npmjs.org/lru-cache/-/lru-cache-11.5.1.tgz 12218ms (cache miss)
4452 http fetch GET 200 https://registry.npmjs.org/string-width/-/string-width-7.2.0.tgz 12828ms (cache miss)
4453 http fetch GET 200 https://registry.npmjs.org/which/-/which-6.0.1.tgz 12829ms (cache miss)
4454 http fetch GET 200 https://registry.npmjs.org/slice-ansi/-/slice-ansi-7.1.2.tgz 12830ms (cache miss)
4455 http fetch GET 200 https://registry.npmjs.org/isexe/-/isexe-4.0.0.tgz 13012ms (cache miss)
4456 http fetch GET 200 https://registry.npmjs.org/isexe/-/isexe-4.0.0.tgz 13025ms (cache miss)
4457 http fetch GET 200 https://registry.npmjs.org/agent-base/-/agent-base-7.1.4.tgz 13029ms (cache miss)
4458 http fetch GET 200 https://registry.npmjs.org/lru-cache/-/lru-cache-11.5.1.tgz 13501ms (cache miss)
4459 http fetch GET 200 https://registry.npmjs.org/wrap-ansi/-/wrap-ansi-9.0.2.tgz 13903ms (cache miss)
4460 http fetch GET 200 https://registry.npmjs.org/content-type/-/content-type-2.0.0.tgz 13903ms (cache miss)
4461 http fetch GET 200 https://registry.npmjs.org/content-type/-/content-type-2.0.0.tgz 14044ms (cache miss)
4462 http fetch GET 200 https://registry.npmjs.org/semver/-/semver-6.3.1.tgz 14132ms (cache miss)
4463 http fetch GET 200 https://registry.npmjs.org/string-width/-/string-width-7.2.0.tgz 14159ms (cache miss)
4464 http fetch GET 200 https://registry.npmjs.org/readdirp/-/readdirp-4.1.2.tgz 14278ms (cache miss)
4465 http fetch GET 200 https://registry.npmjs.org/@angular/build/-/build-22.0.4.tgz 14291ms (cache miss)
4466 http fetch GET 200 https://registry.npmjs.org/chokidar/-/chokidar-4.0.3.tgz 14381ms (cache miss)
4467 http fetch GET 200 https://registry.npmjs.org/esbuild/-/esbuild-0.27.7.tgz 14453ms (cache miss)
4468 http fetch GET 200 https://registry.npmjs.org/lru-cache/-/lru-cache-11.5.1.tgz 14823ms (cache miss)
4469 http fetch GET 200 https://registry.npmjs.org/source-map/-/source-map-0.6.1.tgz 14824ms (cache miss)
4470 http fetch GET 200 https://registry.npmjs.org/entities/-/entities-8.0.0.tgz 14904ms (cache miss)
4471 http fetch GET 200 https://registry.npmjs.org/entities/-/entities-7.0.1.tgz 15388ms (cache miss)
4472 http fetch GET 200 https://registry.npmjs.org/lru-cache/-/lru-cache-11.5.1.tgz 15535ms (cache miss)
4473 http fetch GET 200 https://registry.npmjs.org/convert-source-map/-/convert-source-map-2.0.0.tgz 15826ms (cache miss)
4474 http fetch GET 200 https://registry.npmjs.org/semver/-/semver-6.3.1.tgz 15828ms (cache miss)
4475 http fetch GET 200 https://registry.npmjs.org/convert-source-map/-/convert-source-map-2.0.0.tgz 16138ms (cache miss)
4476 http fetch GET 200 https://registry.npmjs.org/https-proxy-agent/-/https-proxy-agent-7.0.6.tgz 16138ms (cache miss)
4477 http fetch GET 200 https://registry.npmjs.org/lru-cache/-/lru-cache-11.5.1.tgz 16149ms (cache miss)
4478 http fetch GET 200 https://registry.npmjs.org/agent-base/-/agent-base-7.1.4.tgz 16205ms (cache miss)
4479 http fetch GET 200 https://registry.npmjs.org/semver/-/semver-6.3.1.tgz 16273ms (cache miss)
4480 http fetch GET 200 https://registry.npmjs.org/@babel%2fcore 16565ms (cache miss)
4481 silly packumentCache corgi:https://registry.npmjs.org/@babel%2fcore set size:undefined disposed:false
4482 http fetch GET 200 https://registry.npmjs.org/lru-cache/-/lru-cache-11.5.1.tgz 17006ms (cache miss)
4483 http fetch GET 200 https://registry.npmjs.org/entities/-/entities-8.0.0.tgz 17007ms (cache miss)
4484 http fetch GET 200 https://registry.npmjs.org/lru-cache/-/lru-cache-11.5.1.tgz 17080ms (cache miss)
4485 http fetch GET 200 https://registry.npmjs.org/undici/-/undici-6.27.0.tgz 17308ms (cache miss)
4486 http fetch GET 200 https://registry.npmjs.org/@angular/core/-/core-22.0.4.tgz 17910ms (cache miss)
4487 http fetch GET 200 https://registry.npmjs.org/dompurify 17657ms (cache miss)
4488 silly packumentCache corgi:https://registry.npmjs.org/dompurify set size:undefined disposed:false
4489 http fetch GET 200 https://registry.npmjs.org/@babel/core/-/core-7.29.7.tgz 18028ms (cache miss)
4490 http fetch GET 200 https://registry.npmjs.org/@angular/common/-/common-22.0.4.tgz 18077ms (cache miss)
4491 http fetch GET 200 https://registry.npmjs.org/esbuild 17822ms (cache miss)
4492 silly packumentCache corgi:https://registry.npmjs.org/esbuild set size:undefined disposed:false
4493 silly packumentCache corgi:https://registry.npmjs.org/@angular%2fbuild cache-miss
4494 http fetch GET 200 https://registry.npmjs.org/@angular%2fbuild 628ms (cache miss)
4495 silly packumentCache corgi:https://registry.npmjs.org/@angular%2fbuild set size:undefined disposed:false
4496 silly packumentCache corgi:https://registry.npmjs.org/vite cache-miss
4497 http fetch GET 200 https://registry.npmjs.org/vite 161ms (cache miss)
4498 silly packumentCache corgi:https://registry.npmjs.org/vite set size:undefined disposed:false
4499 silly packumentCache corgi:https://registry.npmjs.org/monaco-editor cache-miss
4500 http fetch GET 200 https://registry.npmjs.org/monaco-editor 313ms (cache miss)
4501 silly packumentCache corgi:https://registry.npmjs.org/monaco-editor set size:undefined disposed:false
4502 http fetch GET 200 https://registry.npmjs.org/typescript/-/typescript-6.0.3.tgz 20145ms (cache miss)
4503 http fetch GET 200 https://registry.npmjs.org/@esbuild/darwin-arm64/-/darwin-arm64-0.27.7.tgz 20336ms (cache miss)
4504 http fetch GET 200 https://registry.npmjs.org/prettier/-/prettier-3.9.4.tgz 20344ms (cache miss)
4505 http fetch GET 200 https://registry.npmjs.org/monaco-editor/-/monaco-editor-0.55.1.tgz 22338ms (cache miss)
4506 info run @parcel/watcher@2.5.6 install node_modules/@parcel/watcher node scripts/build-from-source.js
4507 info run fsevents@2.3.3 install node_modules/fsevents node-gyp rebuild
4508 info run lmdb@3.5.4 install node_modules/lmdb node-gyp-build-optional-packages
4509 info run msgpackr-extract@3.0.4 install node_modules/msgpackr-extract node-gyp-build-optional-packages
4510 info run @parcel/watcher@2.5.6 install { code: 0, signal: null }
4511 info run fsevents@2.3.3 install { code: 1, signal: null }
4512 verbose reify failed optional dependency /Users/santhoshsl/Custom_GUI_Airflow/mage-frontend/node_modules/fsevents
4513 silly reify mark deleted [
4513 silly reify   '/Users/santhoshsl/Custom_GUI_Airflow/mage-frontend/node_modules/fsevents'
4513 silly reify ]
4514 info run lmdb@3.5.4 install { code: 0, signal: null }
4515 info run msgpackr-extract@3.0.4 install { code: 0, signal: null }
4516 info run esbuild@0.28.1 postinstall node_modules/esbuild node install.js
4517 info run esbuild@0.27.7 postinstall node_modules/vite/node_modules/esbuild node install.js
4518 info run esbuild@0.27.7 postinstall { code: 0, signal: null }
4519 info run esbuild@0.28.1 postinstall { code: 0, signal: null }
4520 silly ADD node_modules/emoji-regex
4521 silly ADD node_modules/yargs-parser
4522 silly ADD node_modules/y18n
4523 silly ADD node_modules/get-caller-file
4524 silly ADD node_modules/cliui
4525 silly ADD node_modules/cliui/node_modules/wrap-ansi
4526 silly ADD node_modules/cliui/node_modules/string-width
4527 silly ADD node_modules/stackback
4528 silly ADD node_modules/siginfo
4529 silly ADD node_modules/isexe
4530 silly ADD node_modules/punycode
4531 silly ADD node_modules/tr46
4532 silly ADD node_modules/glob-to-regexp
4533 silly ADD node_modules/estree-walker
4534 silly ADD node_modules/assertion-error
4535 silly ADD node_modules/@types/deep-eql
4536 silly ADD node_modules/chai
4537 silly ADD node_modules/@types/chai
4538 silly ADD node_modules/why-is-node-running
4539 silly ADD node_modules/tinyrainbow
4540 silly ADD node_modules/tinyexec
4541 silly ADD node_modules/tinybench
4542 silly ADD node_modules/std-env
4543 silly ADD node_modules/pathe
4544 silly ADD node_modules/obug
4545 silly ADD node_modules/expect-type
4546 silly ADD node_modules/es-module-lexer
4547 silly ADD node_modules/@vitest/utils
4548 silly ADD node_modules/@vitest/utils/node_modules/convert-source-map
4549 silly ADD node_modules/@vitest/spy
4550 silly ADD node_modules/@vitest/snapshot
4551 silly ADD node_modules/@vitest/runner
4552 silly ADD node_modules/@vitest/pretty-format
4553 silly ADD node_modules/@vitest/mocker
4554 silly ADD node_modules/@vitest/expect
4555 silly ADD node_modules/escalade
4556 silly ADD node_modules/media-typer
4557 silly ADD node_modules/@tufjs/canonical-json
4558 silly ADD node_modules/@tufjs/models
4559 silly ADD node_modules/tldts-core
4560 silly ADD node_modules/tldts
4561 silly ADD node_modules/fdir
4562 silly ADD node_modules/chownr
4563 silly ADD node_modules/@isaacs/fs-minipass
4564 silly ADD node_modules/ansi-regex
4565 silly ADD node_modules/spdx-license-ids
4566 silly ADD node_modules/spdx-exceptions
4567 silly ADD node_modules/buffer-from
4568 silly ADD node_modules/smart-buffer
4569 silly ADD node_modules/socks
4570 silly ADD node_modules/get-east-asian-width
4571 silly ADD node_modules/is-fullwidth-code-point
4572 silly ADD node_modules/ansi-styles
4573 silly ADD node_modules/tuf-js
4574 silly ADD node_modules/@sigstore/verify
4575 silly ADD node_modules/@sigstore/tuf
4576 silly ADD node_modules/@sigstore/sign
4577 silly ADD node_modules/@sigstore/protobuf-specs
4578 silly ADD node_modules/@sigstore/core
4579 silly ADD node_modules/@sigstore/bundle
4580 silly ADD node_modules/dunder-proto
4581 silly ADD node_modules/math-intrinsics
4582 silly ADD node_modules/hasown
4583 silly ADD node_modules/has-symbols
4584 silly ADD node_modules/gopd
4585 silly ADD node_modules/get-proto
4586 silly ADD node_modules/es-object-atoms
4587 silly ADD node_modules/function-bind
4588 silly ADD node_modules/call-bind-apply-helpers
4589 silly ADD node_modules/get-intrinsic
4590 silly ADD node_modules/call-bound
4591 silly ADD node_modules/side-channel-weakmap
4592 silly ADD node_modules/side-channel-map
4593 silly ADD node_modules/side-channel-list
4594 silly ADD node_modules/object-inspect
4595 silly ADD node_modules/es-errors
4596 silly ADD node_modules/shebang-regex
4597 silly ADD node_modules/xmlchars
4598 silly ADD node_modules/is-extglob
4599 silly ADD node_modules/is-glob
4600 silly ADD node_modules/@parcel/watcher-darwin-arm64
4601 silly ADD node_modules/immutable
4602 silly ADD node_modules/@parcel/watcher
4603 silly ADD node_modules/@parcel/watcher/node_modules/node-addon-api
4604 silly ADD node_modules/path-to-regexp
4605 silly ADD node_modules/is-promise
4606 silly ADD
4607 silly ADD node_modules/@types/estree
4608 silly ADD node_modules/@rollup/rollup-darwin-arm64
4609 silly ADD node_modules/mimic-function
4610 silly ADD node_modules/onetime
4611 silly ADD node_modules/unpipe
4612 silly ADD node_modules/side-channel
4613 silly ADD node_modules/es-define-property
4614 silly ADD node_modules/ipaddr.js
4615 silly ADD node_modules/forwarded
4616 silly ADD node_modules/nanoid
4617 silly ADD node_modules/@napi-rs/nice-darwin-arm64
4618 silly ADD node_modules/@napi-rs/nice
4619 silly ADD node_modules/parse5-sax-parser
4620 silly ADD node_modules/minipass-sized
4621 silly ADD node_modules/socks-proxy-agent
4622 silly ADD node_modules/socks-proxy-agent/node_modules/agent-base
4623 silly ADD node_modules/http-cache-semantics
4624 silly ADD node_modules/@npmcli/agent
4625 silly ADD node_modules/@npmcli/agent/node_modules/lru-cache
4626 silly ADD node_modules/@npmcli/agent/node_modules/https-proxy-agent
4627 silly ADD node_modules/@npmcli/agent/node_modules/agent-base
4628 silly ADD node_modules/minizlib
4629 silly ADD node_modules/minipass-fetch
4630 silly ADD node_modules/make-fetch-happen
4631 silly ADD node_modules/jsonparse
4632 silly ADD node_modules/@npmcli/redact
4633 silly ADD node_modules/npm-install-checks
4634 silly ADD node_modules/ignore-walk
4635 silly ADD node_modules/abbrev
4636 silly ADD node_modules/nopt
4637 silly ADD node_modules/graceful-fs
4638 silly ADD node_modules/exponential-backoff
4639 silly ADD node_modules/env-paths
4640 silly ADD node_modules/balanced-match
4641 silly ADD node_modules/brace-expansion
4642 silly ADD node_modules/path-scurry
4643 silly ADD node_modules/path-scurry/node_modules/lru-cache
4644 silly ADD node_modules/minimatch
4645 silly ADD node_modules/p-map
4646 silly ADD node_modules/minipass-pipeline
4647 silly ADD node_modules/minipass-pipeline/node_modules/yallist
4648 silly ADD node_modules/minipass-pipeline/node_modules/minipass
4649 silly ADD node_modules/minipass-flush
4650 silly ADD node_modules/minipass-flush/node_modules/yallist
4651 silly ADD node_modules/minipass-flush/node_modules/minipass
4652 silly ADD node_modules/minipass-collect
4653 silly ADD node_modules/@npmcli/fs
4654 silly ADD node_modules/node-gyp
4655 silly ADD node_modules/node-gyp/node_modules/isexe
4656 silly ADD node_modules/node-gyp/node_modules/which
4657 silly ADD node_modules/node-gyp/node_modules/undici
4658 silly ADD node_modules/@npmcli/node-gyp
4659 silly ADD node_modules/spdx-expression-parse
4660 silly ADD node_modules/json-parse-even-better-errors
4661 silly ADD node_modules/glob
4662 silly ADD node_modules/npm-normalize-package-bin
4663 silly ADD node_modules/npm-bundled
4664 silly ADD node_modules/tar
4665 silly ADD node_modules/tar/node_modules/yallist
4666 silly ADD node_modules/ssri
4667 silly ADD node_modules/sigstore
4668 silly ADD node_modules/npm-registry-fetch
4669 silly ADD node_modules/npm-pick-manifest
4670 silly ADD node_modules/npm-packlist
4671 silly ADD node_modules/minipass
4672 silly ADD node_modules/fs-minipass
4673 silly ADD node_modules/cacache
4674 silly ADD node_modules/cacache/node_modules/lru-cache
4675 silly ADD node_modules/@npmcli/run-script
4676 silly ADD node_modules/@npmcli/promise-spawn
4677 silly ADD node_modules/@npmcli/promise-spawn/node_modules/isexe
4678 silly ADD node_modules/@npmcli/promise-spawn/node_modules/which
4679 silly ADD node_modules/@npmcli/package-json
4680 silly ADD node_modules/@npmcli/installed-package-contents
4681 silly ADD node_modules/@npmcli/git
4682 silly ADD node_modules/@npmcli/git/node_modules/isexe
4683 silly ADD node_modules/@npmcli/git/node_modules/which
4684 silly ADD node_modules/@npmcli/git/node_modules/lru-cache
4685 silly ADD node_modules/@gar/promise-retry
4686 silly ADD node_modules/yoctocolors
4687 silly ADD node_modules/stdin-discarder
4688 silly ADD node_modules/log-symbols
4689 silly ADD node_modules/is-unicode-supported
4690 silly ADD node_modules/is-interactive
4691 silly ADD node_modules/cli-spinners
4692 silly ADD node_modules/chalk
4693 silly ADD node_modules/wrappy
4694 silly ADD node_modules/ee-first
4695 silly ADD node_modules/validate-npm-package-name
4696 silly ADD node_modules/proc-log
4697 silly ADD node_modules/hosted-git-info
4698 silly ADD node_modules/hosted-git-info/node_modules/lru-cache
4699 silly ADD node_modules/detect-libc
4700 silly ADD node_modules/@msgpackr-extract/msgpackr-extract-darwin-arm64
4701 silly ADD node_modules/msgpackr-extract
4702 silly ADD node_modules/@types/trusted-types
4703 silly ADD node_modules/marked
4704 silly ADD node_modules/dompurify
4705 silly ADD node_modules/mime-db
4706 silly ADD node_modules/yallist
4707 silly ADD node_modules/restore-cursor
4708 silly ADD node_modules/environment
4709 silly ADD node_modules/strip-ansi
4710 silly ADD node_modules/cli-cursor
4711 silly ADD node_modules/ansi-escapes
4712 silly ADD node_modules/weak-lru-cache
4713 silly ADD node_modules/ordered-binary
4714 silly ADD node_modules/node-gyp-build-optional-packages
4715 silly ADD node_modules/node-addon-api
4716 silly ADD node_modules/msgpackr
4717 silly ADD node_modules/@lmdb/lmdb-darwin-arm64
4718 silly ADD node_modules/@harperfast/extended-iterable
4719 silly ADD node_modules/string-width
4720 silly ADD node_modules/slice-ansi
4721 silly ADD node_modules/wrap-ansi
4722 silly ADD node_modules/rfdc
4723 silly ADD node_modules/log-update
4724 silly ADD node_modules/log-update/node_modules/string-width
4725 silly ADD node_modules/log-update/node_modules/wrap-ansi
4726 silly ADD node_modules/log-update/node_modules/slice-ansi
4727 silly ADD node_modules/eventemitter3
4728 silly ADD node_modules/cli-truncate
4729 silly ADD node_modules/@csstools/color-helpers
4730 silly ADD node_modules/@csstools/css-tokenizer
4731 silly ADD node_modules/@csstools/css-parser-algorithms
4732 silly ADD node_modules/@csstools/css-color-parser
4733 silly ADD node_modules/@csstools/css-calc
4734 silly ADD node_modules/@asamuzakjp/generational-cache
4735 silly ADD node_modules/@csstools/css-syntax-patches-for-csstree
4736 silly ADD node_modules/@asamuzakjp/css-color
4737 silly ADD node_modules/source-map-js
4738 silly ADD node_modules/mdn-data
4739 silly ADD node_modules/css-tree
4740 silly ADD node_modules/bidi-js
4741 silly ADD node_modules/@asamuzakjp/nwsapi
4742 silly ADD node_modules/xml-name-validator
4743 silly ADD node_modules/whatwg-url
4744 silly ADD node_modules/whatwg-mimetype
4745 silly ADD node_modules/webidl-conversions
4746 silly ADD node_modules/w3c-xmlserializer
4747 silly ADD node_modules/undici
4748 silly ADD node_modules/tough-cookie
4749 silly ADD node_modules/symbol-tree
4750 silly ADD node_modules/saxes
4751 silly ADD node_modules/parse5
4752 silly ADD node_modules/parse5/node_modules/entities
4753 silly ADD node_modules/is-potential-custom-element-name
4754 silly ADD node_modules/http-proxy-agent
4755 silly ADD node_modules/http-proxy-agent/node_modules/agent-base
4756 silly ADD node_modules/html-encoding-sniffer
4757 silly ADD node_modules/decimal.js
4758 silly ADD node_modules/data-urls
4759 silly ADD node_modules/cssstyle
4760 silly ADD node_modules/cssstyle/node_modules/lru-cache
4761 silly ADD node_modules/@exodus/bytes
4762 silly ADD node_modules/@bramus/specificity
4763 silly ADD node_modules/@asamuzakjp/dom-selector
4764 silly ADD node_modules/@asamuzakjp/dom-selector/node_modules/lru-cache
4765 silly ADD node_modules/@acemir/cssom
4766 silly ADD node_modules/safer-buffer
4767 silly ADD node_modules/agent-base
4768 silly ADD node_modules/toidentifier
4769 silly ADD node_modules/setprototypeof
4770 silly ADD node_modules/inherits
4771 silly ADD node_modules/fast-string-truncated-width
4772 silly ADD node_modules/fast-string-width
4773 silly ADD node_modules/ip-address
4774 silly ADD node_modules/bytes
4775 silly ADD node_modules/negotiator
4776 silly ADD node_modules/type-is
4777 silly ADD node_modules/type-is/node_modules/content-type
4778 silly ADD node_modules/statuses
4779 silly ADD node_modules/serve-static
4780 silly ADD node_modules/send
4781 silly ADD node_modules/router
4782 silly ADD node_modules/range-parser
4783 silly ADD node_modules/qs
4784 silly ADD node_modules/proxy-addr
4785 silly ADD node_modules/parseurl
4786 silly ADD node_modules/once
4787 silly ADD node_modules/on-finished
4788 silly ADD node_modules/mime-types
4789 silly ADD node_modules/merge-descriptors
4790 silly ADD node_modules/http-errors
4791 silly ADD node_modules/fresh
4792 silly ADD node_modules/finalhandler
4793 silly ADD node_modules/etag
4794 silly ADD node_modules/escape-html
4795 silly ADD node_modules/encodeurl
4796 silly ADD node_modules/depd
4797 silly ADD node_modules/cookie-signature
4798 silly ADD node_modules/cookie
4799 silly ADD node_modules/content-disposition
4800 silly ADD node_modules/body-parser
4801 silly ADD node_modules/body-parser/node_modules/content-type
4802 silly ADD node_modules/accepts
4803 silly ADD node_modules/@esbuild/darwin-arm64
4804 silly ADD node_modules/entities
4805 silly ADD node_modules/domelementtype
4806 silly ADD node_modules/ms
4807 silly ADD node_modules/nth-check
4808 silly ADD node_modules/domutils
4809 silly ADD node_modules/boolbase
4810 silly ADD node_modules/which
4811 silly ADD node_modules/shebang-command
4812 silly ADD node_modules/path-key
4813 silly ADD node_modules/vary
4814 silly ADD node_modules/object-assign
4815 silly ADD node_modules/readdirp
4816 silly ADD node_modules/update-browserslist-db
4817 silly ADD node_modules/node-releases
4818 silly ADD node_modules/electron-to-chromium
4819 silly ADD node_modules/caniuse-lite
4820 silly ADD node_modules/baseline-browser-mapping
4821 silly ADD node_modules/postcss-safe-parser
4822 silly ADD node_modules/postcss-media-query-parser
4823 silly ADD node_modules/postcss
4824 silly ADD node_modules/htmlparser2
4825 silly ADD node_modules/htmlparser2/node_modules/entities
4826 silly ADD node_modules/domhandler
4827 silly ADD node_modules/dom-serializer
4828 silly ADD node_modules/css-what
4829 silly ADD node_modules/css-select
4830 silly ADD node_modules/@algolia/requester-node-http
4831 silly ADD node_modules/@algolia/requester-fetch
4832 silly ADD node_modules/@algolia/requester-browser-xhr
4833 silly ADD node_modules/@algolia/recommend
4834 silly ADD node_modules/@algolia/monitoring
4835 silly ADD node_modules/@algolia/ingestion
4836 silly ADD node_modules/@algolia/client-search
4837 silly ADD node_modules/@algolia/client-query-suggestions
4838 silly ADD node_modules/@algolia/client-personalization
4839 silly ADD node_modules/@algolia/client-insights
4840 silly ADD node_modules/@algolia/client-common
4841 silly ADD node_modules/@algolia/client-analytics
4842 silly ADD node_modules/@algolia/client-abtesting
4843 silly ADD node_modules/@algolia/abtesting
4844 silly ADD node_modules/require-from-string
4845 silly ADD node_modules/json-schema-traverse
4846 silly ADD node_modules/fast-uri
4847 silly ADD node_modules/fast-deep-equal
4848 silly ADD node_modules/zod-to-json-schema
4849 silly ADD node_modules/raw-body
4850 silly ADD node_modules/pkce-challenge
4851 silly ADD node_modules/json-schema-typed
4852 silly ADD node_modules/jose
4853 silly ADD node_modules/hono
4854 silly ADD node_modules/express-rate-limit
4855 silly ADD node_modules/express
4856 silly ADD node_modules/eventsource-parser
4857 silly ADD node_modules/eventsource
4858 silly ADD node_modules/cross-spawn
4859 silly ADD node_modules/cors
4860 silly ADD node_modules/content-type
4861 silly ADD node_modules/@hono/node-server
4862 silly ADD node_modules/@jridgewell/resolve-uri
4863 silly ADD node_modules/iconv-lite
4864 silly ADD node_modules/chardet
4865 silly ADD node_modules/@inquirer/external-editor
4866 silly ADD node_modules/@inquirer/select
4867 silly ADD node_modules/@inquirer/search
4868 silly ADD node_modules/@inquirer/rawlist
4869 silly ADD node_modules/@inquirer/password
4870 silly ADD node_modules/@inquirer/number
4871 silly ADD node_modules/@inquirer/input
4872 silly ADD node_modules/@inquirer/expand
4873 silly ADD node_modules/@inquirer/editor
4874 silly ADD node_modules/@inquirer/checkbox
4875 silly ADD node_modules/signal-exit
4876 silly ADD node_modules/mute-stream
4877 silly ADD node_modules/fast-wrap-ansi
4878 silly ADD node_modules/cli-width
4879 silly ADD node_modules/@inquirer/figures
4880 silly ADD node_modules/@inquirer/ansi
4881 silly ADD node_modules/@inquirer/type
4882 silly ADD node_modules/@inquirer/core
4883 silly ADD node_modules/@babel/helper-string-parser
4884 silly ADD node_modules/@babel/helper-globals
4885 silly ADD node_modules/@babel/helper-module-imports
4886 silly ADD node_modules/lru-cache
4887 silly ADD node_modules/@babel/helper-validator-option
4888 silly ADD node_modules/@babel/compat-data
4889 silly ADD node_modules/jsesc
4890 silly ADD node_modules/picocolors
4891 silly ADD node_modules/js-tokens
4892 silly ADD node_modules/@babel/helper-validator-identifier
4893 silly ADD node_modules/json5
4894 silly ADD node_modules/gensync
4895 silly ADD node_modules/debug
4896 silly ADD node_modules/@jridgewell/remapping
4897 silly ADD node_modules/@babel/types
4898 silly ADD node_modules/@babel/traverse
4899 silly ADD node_modules/@babel/template
4900 silly ADD node_modules/@babel/parser
4901 silly ADD node_modules/@babel/helpers
4902 silly ADD node_modules/@babel/helper-module-transforms
4903 silly ADD node_modules/@babel/helper-compilation-targets
4904 silly ADD node_modules/@babel/helper-compilation-targets/node_modules/semver
4905 silly ADD node_modules/@babel/generator
4906 silly ADD node_modules/@babel/code-frame
4907 silly ADD node_modules/@standard-schema/spec
4908 silly ADD node_modules/reflect-metadata
4909 silly ADD node_modules/convert-source-map
4910 silly ADD node_modules/chokidar
4911 silly ADD node_modules/@jridgewell/sourcemap-codec
4912 silly ADD node_modules/ora
4913 silly ADD node_modules/zod
4914 silly ADD node_modules/yargs
4915 silly ADD node_modules/yargs/node_modules/string-width
4916 silly ADD node_modules/pacote
4917 silly ADD node_modules/npm-package-arg
4918 silly ADD node_modules/ini
4919 silly ADD node_modules/algoliasearch
4920 silly ADD node_modules/@yarnpkg/lockfile
4921 silly ADD node_modules/@schematics/angular
4922 silly ADD node_modules/@modelcontextprotocol/sdk
4923 silly ADD node_modules/@listr2/prompt-adapter-inquirer
4924 silly ADD node_modules/@inquirer/prompts
4925 silly ADD node_modules/@angular-devkit/schematics
4926 silly ADD node_modules/source-map
4927 silly ADD node_modules/ajv-formats
4928 silly ADD node_modules/ajv
4929 silly ADD node_modules/@angular-devkit/core
4930 silly ADD node_modules/@jridgewell/trace-mapping
4931 silly ADD node_modules/@jridgewell/gen-mapping
4932 silly ADD node_modules/watchpack
4933 silly ADD node_modules/vite
4934 silly ADD node_modules/vite/node_modules/@esbuild/darwin-arm64
4935 silly ADD node_modules/vite/node_modules/esbuild
4936 silly ADD node_modules/tinyglobby
4937 silly ADD node_modules/source-map-support
4938 silly ADD node_modules/source-map-support/node_modules/source-map
4939 silly ADD node_modules/semver
4940 silly ADD node_modules/sass
4941 silly ADD node_modules/sass/node_modules/readdirp
4942 silly ADD node_modules/sass/node_modules/chokidar
4943 silly ADD node_modules/rollup
4944 silly ADD node_modules/piscina
4945 silly ADD node_modules/picomatch
4946 silly ADD node_modules/parse5-html-rewriting-stream
4947 silly ADD node_modules/parse5-html-rewriting-stream/node_modules/entities
4948 silly ADD node_modules/mrmime
4949 silly ADD node_modules/magic-string
4950 silly ADD node_modules/lmdb
4951 silly ADD node_modules/listr2
4952 silly ADD node_modules/jsonc-parser
4953 silly ADD node_modules/https-proxy-agent
4954 silly ADD node_modules/esbuild
4955 silly ADD node_modules/browserslist
4956 silly ADD node_modules/beasties
4957 silly ADD node_modules/@vitejs/plugin-basic-ssl
4958 silly ADD node_modules/@inquirer/confirm
4959 silly ADD node_modules/@babel/helper-split-export-declaration
4960 silly ADD node_modules/@babel/helper-annotate-as-pure
4961 silly ADD node_modules/@babel/core
4962 silly ADD node_modules/@babel/core/node_modules/semver
4963 silly ADD node_modules/@babel/core/node_modules/convert-source-map
4964 silly ADD node_modules/@angular-devkit/architect
4965 silly ADD node_modules/@ampproject/remapping
4966 silly ADD node_modules/vitest
4967 silly ADD node_modules/typescript
4968 silly ADD node_modules/tslib
4969 silly ADD node_modules/rxjs
4970 silly ADD node_modules/prettier
4971 silly ADD node_modules/ngx-monaco-editor-v2
4972 silly ADD node_modules/monaco-editor
4973 silly ADD node_modules/jsdom
4974 silly ADD node_modules/jsdom/node_modules/agent-base
4975 silly ADD node_modules/jsdom/node_modules/https-proxy-agent
4976 silly ADD node_modules/@angular/router
4977 silly ADD node_modules/@angular/platform-browser
4978 silly ADD node_modules/@angular/forms
4979 silly ADD node_modules/@angular/core
4980 silly ADD node_modules/@angular/compiler-cli
4981 silly ADD node_modules/@angular/compiler-cli/node_modules/@babel/core
4982 silly ADD node_modules/@angular/compiler-cli/node_modules/@babel/core/node_modules/semver
4983 silly ADD node_modules/@angular/compiler-cli/node_modules/@babel/core/node_modules/convert-source-map
4984 silly ADD node_modules/@angular/compiler
4985 silly ADD node_modules/@angular/common
4986 silly ADD node_modules/@angular/cli
4987 silly ADD node_modules/@angular/build
4988 verbose cwd /Users/santhoshsl/Custom_GUI_Airflow/mage-frontend
4989 verbose os Darwin 25.5.0
4990 verbose node v24.16.0
4991 verbose npm  v11.13.0
4992 verbose exit 0
4993 info ok
